{
    "head": {
        "store_mapping": [
            {
                "store_id": "Hudson_Yards",
                "fulfillment_node_id": "Hudson_Yards"
            }
        ],
        "mode": "atp"
    },
    "items": [
        {
            "product_id": "27918",
            "quantity": 40,
            "fulfillment_node_id": "Hudson_Yards"
        },
               {
            "product_id": "7491",
            "quantity": 40,
            "fulfillment_node_id": "Hudson_Yards"
        },
        {
            "product_id": "7476",
            "quantity": 40,
            "fulfillment_node_id": "Hudson_Yards"
        },
        {
            "product_id": "7456",
            "quantity": 40,
            "fulfillment_node_id": "Hudson_Yards"
        },
        {
            "product_id": "7447",
            "quantity": 40,
            "fulfillment_node_id": "Hudson_Yards"
        }
    ]
}