{"head": {"pricebook": "default", "shop": "storefront-catalog-en", "currency": "USD"}, "items": [{"product_id": "17124", "value": 1.0}, {"product_id": "17119", "value": 1.0}, {"product_id": "9185", "value": 1.0}, {"product_id": "18807", "value": 1.0}, {"product_id": "17128", "value": 1.0}, {"product_id": "17136", "value": 1.0}, {"product_id": "17138", "value": 1.0}, {"product_id": "17137", "value": 1.0}, {"product_id": "17122", "value": 1.0}, {"product_id": "17120", "value": 1.0}, {"product_id": "18810", "value": 1.0}, {"product_id": "18761", "value": 1.0}, {"product_id": "18752", "value": 1.0}, {"product_id": "18760", "value": 1.0}, {"product_id": "18753", "value": 1.0}, {"product_id": "18770", "value": 1.0}, {"product_id": "18806", "value": 1.0}, {"product_id": "18802", "value": 1.0}, {"product_id": "18803", "value": 1.0}, {"product_id": "18749", "value": 1.0}, {"product_id": "18739", "value": 1.0}, {"product_id": "18801", "value": 1.0}, {"product_id": "18754", "value": 1.0}, {"product_id": "18759", "value": 1.0}, {"product_id": "18748", "value": 1.0}, {"product_id": "18751", "value": 1.0}, {"product_id": "18804", "value": 1.0}, {"product_id": "18811", "value": 1.0}, {"product_id": "18808", "value": 1.0}, {"product_id": "18750", "value": 1.0}, {"product_id": "18805", "value": 1.0}, {"product_id": "17843", "value": 1.0}, {"product_id": "18150", "value": 1.0}, {"product_id": "10906", "value": 1.0}, {"product_id": "9506", "value": 1.0}, {"product_id": "9817", "value": 1.0}, {"product_id": "27276", "value": 1.0}, {"product_id": "27495", "value": 1.0}, {"product_id": "27494", "value": 1.0}, {"product_id": "27493", "value": 1.0}, {"product_id": "27496", "value": 1.0}, {"product_id": "27492", "value": 1.0}, {"product_id": "27497", "value": 1.0}, {"product_id": "27489", "value": 1.0}, {"product_id": "27488", "value": 1.0}, {"product_id": "27487", "value": 1.0}, {"product_id": "27490", "value": 1.0}, {"product_id": "27486", "value": 1.0}, {"product_id": "27491", "value": 1.0}, {"product_id": "12131", "value": 1.0}, {"product_id": "12497", "value": 1.0}, {"product_id": "11622", "value": 1.0}, {"product_id": "12744", "value": 1.0}, {"product_id": "12429", "value": 1.0}, {"product_id": "11755", "value": 1.0}, {"product_id": "17323", "value": 1.0}, {"product_id": "17324", "value": 1.0}, {"product_id": "17325", "value": 1.0}, {"product_id": "17326", "value": 1.0}, {"product_id": "17327", "value": 1.0}, {"product_id": "17328", "value": 1.0}, {"product_id": "17358", "value": 1.0}, {"product_id": "17359", "value": 1.0}, {"product_id": "17360", "value": 1.0}, {"product_id": "17361", "value": 1.0}, {"product_id": "17362", "value": 1.0}, {"product_id": "17363", "value": 1.0}, {"product_id": "12407", "value": 1.0}, {"product_id": "12054", "value": 1.0}, {"product_id": "12006", "value": 1.0}, {"product_id": "12251", "value": 1.0}, {"product_id": "12377", "value": 1.0}, {"product_id": "11702", "value": 1.0}, {"product_id": "12522", "value": 1.0}, {"product_id": "12855", "value": 1.0}, {"product_id": "12539", "value": 1.0}, {"product_id": "12224", "value": 1.0}, {"product_id": "11709", "value": 1.0}, {"product_id": "12811", "value": 1.0}, {"product_id": "11856", "value": 1.0}, {"product_id": "12747", "value": 1.0}, {"product_id": "12205", "value": 1.0}, {"product_id": "12648", "value": 1.0}, {"product_id": "12794", "value": 1.0}, {"product_id": "18185", "value": 1.0}, {"product_id": "18186", "value": 1.0}, {"product_id": "18187", "value": 1.0}, {"product_id": "18188", "value": 1.0}, {"product_id": "18189", "value": 1.0}, {"product_id": "18190", "value": 1.0}, {"product_id": "17282", "value": 1.0}, {"product_id": "17283", "value": 1.0}, {"product_id": "17284", "value": 1.0}, {"product_id": "17285", "value": 1.0}, {"product_id": "17286", "value": 1.0}, {"product_id": "17287", "value": 1.0}, {"product_id": "17759", "value": 1.0}, {"product_id": "17760", "value": 1.0}, {"product_id": "17761", "value": 1.0}, {"product_id": "17762", "value": 1.0}, {"product_id": "17763", "value": 1.0}, {"product_id": "17764", "value": 1.0}, {"product_id": "17820", "value": 1.0}, {"product_id": "17821", "value": 1.0}, {"product_id": "17822", "value": 1.0}, {"product_id": "17823", "value": 1.0}, {"product_id": "17824", "value": 1.0}, {"product_id": "17825", "value": 1.0}, {"product_id": "12286", "value": 1.0}, {"product_id": "12204", "value": 1.0}, {"product_id": "12502", "value": 1.0}, {"product_id": "12007", "value": 1.0}, {"product_id": "12248", "value": 1.0}, {"product_id": "11951", "value": 1.0}, {"product_id": "12240", "value": 1.0}, {"product_id": "11862", "value": 1.0}, {"product_id": "11656", "value": 1.0}, {"product_id": "12600", "value": 1.0}, {"product_id": "12029", "value": 1.0}, {"product_id": "12169", "value": 1.0}, {"product_id": "12056", "value": 1.0}, {"product_id": "11939", "value": 1.0}, {"product_id": "12668", "value": 1.0}]}