{
    "head": {
        "locale": "en-US",
        "shop": "storefront-catalog-en",
        "is_master": true
    },
    "items": [
        {
            "brand": "CAMP Stores",
            "is_searchable": true,
            "is_published": true,
            "show_in_listing": true,
            "product_id": "16334",
            "variant_group_id": "16334",
            "external_identifiers": [
                {
                    "type": "sku",
                    "value": "16334"
                }
            ],
            "title": "Star Wars Galaxy of Adventures Darth Vader 5\"",
            "caption": "Star Wars Galaxy of Adventures Darth Vader 5\"",
            "description": null,
            "shipping_weight_unit": "g",
            "shipping_weight_value": 317.514659,
            "shipping_dimension_length": 0.0,
            "shipping_dimension_width": 0.0,
            "shipping_dimension_height": 0.0,
            "shipping_dimension_unit": "cm",
            "material": "",
            "google_category": "none",
            "categories": [
                {
                    "path": "ALL",
                    "position": 1,
                    "is_main": true
                }
            ],
            "extended_attributes": [
                {
                    "name": "product_handle",
                    "value": "star-wars-galaxy-of-adventures-darth-vader-5"
                },
                {
                    "name": "fulfillment_service",
                    "value": "manual"
                },
                {
                    "name": "shipping_required",
                    "value": "True"
                },
                {
                    "name": "inventory_management",
                    "value": "shopify"
                },
                {
                    "name": "is_shippable",
                    "value": "True"
                },
                {
                    "name": "is_inventory",
                    "value": "True"
                }
            ],
            "keywords": [
                ""
            ],
            "tax_class_id": "PH405370",
            "manufacturer": ""
        }
    ]
}