{"head": {"pricebook": "default", "shop": "storefront-catalog-en", "currency": "USD"}, "items": [{"product_id": "18436", "value": 1.0}, {"product_id": "18438", "value": 1.0}, {"product_id": "18437", "value": 1.0}, {"product_id": "18564", "value": 1.0}, {"product_id": "18562", "value": 1.0}, {"product_id": "18561", "value": 1.0}, {"product_id": "18565", "value": 1.0}, {"product_id": "18563", "value": 1.0}, {"product_id": "18648", "value": 1.0}, {"product_id": "18649", "value": 1.0}, {"product_id": "18650", "value": 1.0}, {"product_id": "18651", "value": 1.0}, {"product_id": "18652", "value": 1.0}, {"product_id": "18653", "value": 1.0}, {"product_id": "18775", "value": 1.0}, {"product_id": "18778", "value": 1.0}, {"product_id": "18777", "value": 1.0}, {"product_id": "18776", "value": 1.0}, {"product_id": "19456", "value": 1.0}, {"product_id": "19457", "value": 1.0}, {"product_id": "18780", "value": 1.0}, {"product_id": "18781", "value": 1.0}, {"product_id": "18782", "value": 1.0}, {"product_id": "18783", "value": 1.0}, {"product_id": "18784", "value": 1.0}, {"product_id": "18785", "value": 1.0}, {"product_id": "19760", "value": 1.0}, {"product_id": "19761", "value": 1.0}, {"product_id": "19424", "value": 1.0}, {"product_id": "19425", "value": 1.0}, {"product_id": "19426", "value": 1.0}, {"product_id": "19428", "value": 1.0}, {"product_id": "19429", "value": 1.0}, {"product_id": "19430", "value": 1.0}, {"product_id": "19431", "value": 1.0}, {"product_id": "19432", "value": 1.0}, {"product_id": "19433", "value": 1.0}, {"product_id": "19435", "value": 1.0}, {"product_id": "19436", "value": 1.0}, {"product_id": "19437", "value": 1.0}, {"product_id": "19438", "value": 1.0}, {"product_id": "19439", "value": 1.0}, {"product_id": "19441", "value": 1.0}, {"product_id": "19442", "value": 1.0}, {"product_id": "19444", "value": 1.0}, {"product_id": "19445", "value": 1.0}, {"product_id": "19446", "value": 1.0}, {"product_id": "19447", "value": 1.0}, {"product_id": "19448", "value": 1.0}, {"product_id": "19449", "value": 1.0}, {"product_id": "19450", "value": 1.0}, {"product_id": "19452", "value": 1.0}, {"product_id": "19453", "value": 1.0}, {"product_id": "19454", "value": 1.0}, {"product_id": "19484", "value": 1.0}, {"product_id": "19589", "value": 1.0}, {"product_id": "19590", "value": 1.0}, {"product_id": "19475", "value": 1.0}, {"product_id": "19476", "value": 1.0}, {"product_id": "19477", "value": 1.0}, {"product_id": "19479", "value": 1.0}, {"product_id": "19480", "value": 1.0}, {"product_id": "19481", "value": 1.0}, {"product_id": "19482", "value": 1.0}, {"product_id": "19485", "value": 1.0}, {"product_id": "19483", "value": 1.0}, {"product_id": "19490", "value": 1.0}, {"product_id": "19489", "value": 1.0}, {"product_id": "19488", "value": 1.0}, {"product_id": "19497", "value": 1.0}, {"product_id": "19498", "value": 1.0}, {"product_id": "19499", "value": 1.0}, {"product_id": "19500", "value": 1.0}, {"product_id": "19501", "value": 1.0}, {"product_id": "19502", "value": 1.0}, {"product_id": "19504", "value": 1.0}, {"product_id": "19505", "value": 1.0}, {"product_id": "19506", "value": 1.0}, {"product_id": "19507", "value": 1.0}, {"product_id": "19508", "value": 1.0}, {"product_id": "19510", "value": 1.0}, {"product_id": "19511", "value": 1.0}, {"product_id": "19512", "value": 1.0}, {"product_id": "19513", "value": 1.0}, {"product_id": "19520", "value": 1.0}, {"product_id": "19514", "value": 1.0}, {"product_id": "19705", "value": 1.0}, {"product_id": "19703", "value": 1.0}, {"product_id": "19704", "value": 1.0}, {"product_id": "19938", "value": 1.0}, {"product_id": "19939", "value": 1.0}, {"product_id": "19941", "value": 1.0}, {"product_id": "19942", "value": 1.0}, {"product_id": "19950", "value": 1.0}, {"product_id": "19951", "value": 1.0}, {"product_id": "19953", "value": 1.0}, {"product_id": "19954", "value": 1.0}, {"product_id": "19932", "value": 1.0}, {"product_id": "19933", "value": 1.0}, {"product_id": "19935", "value": 1.0}, {"product_id": "19936", "value": 1.0}, {"product_id": "19944", "value": 1.0}, {"product_id": "19945", "value": 1.0}, {"product_id": "19947", "value": 1.0}, {"product_id": "19948", "value": 1.0}, {"product_id": "19956", "value": 1.0}, {"product_id": "19957", "value": 1.0}, {"product_id": "19959", "value": 1.0}, {"product_id": "19960", "value": 1.0}, {"product_id": "20330", "value": 1.0}, {"product_id": "20331", "value": 1.0}, {"product_id": "20332", "value": 1.0}, {"product_id": "20333", "value": 1.0}, {"product_id": "20626", "value": 1.0}, {"product_id": "22347", "value": 1.0}, {"product_id": "22348", "value": 1.0}, {"product_id": "22349", "value": 1.0}, {"product_id": "22350", "value": 1.0}, {"product_id": "22351", "value": 1.0}, {"product_id": "22564", "value": 1.0}, {"product_id": "22565", "value": 1.0}, {"product_id": "22561", "value": 1.0}, {"product_id": "22562", "value": 1.0}, {"product_id": "22563", "value": 1.0}, {"product_id": "22662", "value": 1.0}, {"product_id": "22663", "value": 1.0}, {"product_id": "22664", "value": 1.0}, {"product_id": "22665", "value": 1.0}, {"product_id": "22666", "value": 1.0}, {"product_id": "22668", "value": 1.0}, {"product_id": "22669", "value": 1.0}, {"product_id": "22670", "value": 1.0}, {"product_id": "22671", "value": 1.0}, {"product_id": "22672", "value": 1.0}, {"product_id": "22675", "value": 1.0}, {"product_id": "22676", "value": 1.0}, {"product_id": "22677", "value": 1.0}, {"product_id": "22678", "value": 1.0}, {"product_id": "22679", "value": 1.0}, {"product_id": "26370", "value": 1.0}, {"product_id": "26371", "value": 1.0}, {"product_id": "26367", "value": 1.0}, {"product_id": "26368", "value": 1.0}, {"product_id": "26369", "value": 1.0}, {"product_id": "26375", "value": 1.0}, {"product_id": "26376", "value": 1.0}, {"product_id": "26372", "value": 1.0}, {"product_id": "26373", "value": 1.0}, {"product_id": "26374", "value": 1.0}, {"product_id": "25556", "value": 1.0}, {"product_id": "25555", "value": 1.0}, {"product_id": "25554", "value": 1.0}, {"product_id": "25557", "value": 1.0}, {"product_id": "25558", "value": 1.0}, {"product_id": "25461", "value": 1.0}, {"product_id": "25460", "value": 1.0}, {"product_id": "25459", "value": 1.0}, {"product_id": "25462", "value": 1.0}, {"product_id": "25463", "value": 1.0}, {"product_id": "25451", "value": 1.0}, {"product_id": "25450", "value": 1.0}, {"product_id": "25449", "value": 1.0}, {"product_id": "25452", "value": 1.0}, {"product_id": "25453", "value": 1.0}, {"product_id": "25456", "value": 1.0}, {"product_id": "25455", "value": 1.0}, {"product_id": "25454", "value": 1.0}, {"product_id": "25457", "value": 1.0}, {"product_id": "25458", "value": 1.0}, {"product_id": "25466", "value": 1.0}, {"product_id": "25465", "value": 1.0}, {"product_id": "25464", "value": 1.0}, {"product_id": "25467", "value": 1.0}, {"product_id": "25468", "value": 1.0}, {"product_id": "25551", "value": 1.0}, {"product_id": "25550", "value": 1.0}, {"product_id": "25549", "value": 1.0}, {"product_id": "25552", "value": 1.0}, {"product_id": "25553", "value": 1.0}, {"product_id": "26380", "value": 1.0}, {"product_id": "26381", "value": 1.0}, {"product_id": "26377", "value": 1.0}, {"product_id": "26378", "value": 1.0}, {"product_id": "26379", "value": 1.0}, {"product_id": "26385", "value": 1.0}, {"product_id": "26386", "value": 1.0}, {"product_id": "26382", "value": 1.0}, {"product_id": "26383", "value": 1.0}, {"product_id": "26384", "value": 1.0}, {"product_id": "26470", "value": 1.0}, {"product_id": "26471", "value": 1.0}, {"product_id": "26467", "value": 1.0}, {"product_id": "26468", "value": 1.0}, {"product_id": "26469", "value": 1.0}, {"product_id": "26475", "value": 1.0}, {"product_id": "26476", "value": 1.0}, {"product_id": "26472", "value": 1.0}, {"product_id": "26473", "value": 1.0}, {"product_id": "26474", "value": 1.0}, {"product_id": "26480", "value": 1.0}, {"product_id": "26481", "value": 1.0}, {"product_id": "26477", "value": 1.0}, {"product_id": "26478", "value": 1.0}, {"product_id": "26479", "value": 1.0}, {"product_id": "26482", "value": 1.0}, {"product_id": "26483", "value": 1.0}, {"product_id": "26484", "value": 1.0}, {"product_id": "26485", "value": 1.0}, {"product_id": "26486", "value": 1.0}, {"product_id": "26487", "value": 1.0}, {"product_id": "26488", "value": 1.0}, {"product_id": "26489", "value": 1.0}, {"product_id": "26490", "value": 1.0}, {"product_id": "26491", "value": 1.0}]}