{"head": {"pricebook": "default", "shop": "storefront-catalog-en", "currency": "USD"}, "items": [{"product_id": "26492", "value": 1.0}, {"product_id": "26493", "value": 1.0}, {"product_id": "26494", "value": 1.0}, {"product_id": "26495", "value": 1.0}, {"product_id": "26496", "value": 1.0}, {"product_id": "26497", "value": 1.0}, {"product_id": "26498", "value": 1.0}, {"product_id": "26499", "value": 1.0}, {"product_id": "26500", "value": 1.0}, {"product_id": "26501", "value": 1.0}, {"product_id": "27015", "value": 1.0}, {"product_id": "27016", "value": 1.0}, {"product_id": "27017", "value": 1.0}, {"product_id": "27018", "value": 1.0}, {"product_id": "27023", "value": 1.0}, {"product_id": "27024", "value": 1.0}, {"product_id": "27025", "value": 1.0}, {"product_id": "27026", "value": 1.0}, {"product_id": "27028", "value": 1.0}, {"product_id": "27029", "value": 1.0}, {"product_id": "27030", "value": 1.0}, {"product_id": "27031", "value": 1.0}, {"product_id": "27574", "value": 1.0}, {"product_id": "27575", "value": 1.0}, {"product_id": "27576", "value": 1.0}, {"product_id": "27579", "value": 1.0}, {"product_id": "27578", "value": 1.0}, {"product_id": "27577", "value": 1.0}, {"product_id": "27474", "value": 1.0}, {"product_id": "27475", "value": 1.0}, {"product_id": "27476", "value": 1.0}, {"product_id": "27582", "value": 1.0}, {"product_id": "27581", "value": 1.0}, {"product_id": "27580", "value": 1.0}, {"product_id": "27477", "value": 1.0}, {"product_id": "27478", "value": 1.0}, {"product_id": "27479", "value": 1.0}, {"product_id": "27585", "value": 1.0}, {"product_id": "27584", "value": 1.0}, {"product_id": "27583", "value": 1.0}, {"product_id": "27586", "value": 1.0}, {"product_id": "27587", "value": 1.0}, {"product_id": "27588", "value": 1.0}, {"product_id": "27591", "value": 1.0}, {"product_id": "27590", "value": 1.0}, {"product_id": "27589", "value": 1.0}, {"product_id": "27592", "value": 1.0}, {"product_id": "27593", "value": 1.0}, {"product_id": "27594", "value": 1.0}, {"product_id": "27674", "value": 1.0}, {"product_id": "27595", "value": 1.0}, {"product_id": "27480", "value": 1.0}, {"product_id": "27481", "value": 1.0}, {"product_id": "27675", "value": 1.0}, {"product_id": "27774", "value": 1.0}, {"product_id": "27596", "value": 1.0}, {"product_id": "27597", "value": 1.0}, {"product_id": "27676", "value": 1.0}, {"product_id": "27775", "value": 1.0}, {"product_id": "27482", "value": 1.0}, {"product_id": "27483", "value": 1.0}, {"product_id": "27484", "value": 1.0}, {"product_id": "27677", "value": 1.0}, {"product_id": "27485", "value": 1.0}, {"product_id": "27489", "value": 1.0}, {"product_id": "27488", "value": 1.0}, {"product_id": "27487", "value": 1.0}, {"product_id": "27490", "value": 1.0}, {"product_id": "27486", "value": 1.0}, {"product_id": "27491", "value": 1.0}, {"product_id": "27495", "value": 1.0}, {"product_id": "27494", "value": 1.0}, {"product_id": "27493", "value": 1.0}, {"product_id": "27496", "value": 1.0}, {"product_id": "27492", "value": 1.0}, {"product_id": "27497", "value": 1.0}, {"product_id": "27922", "value": 1.0}, {"product_id": "27923", "value": 1.0}, {"product_id": "27924", "value": 1.0}, {"product_id": "27925", "value": 1.0}, {"product_id": "27926", "value": 1.0}, {"product_id": "27927", "value": 1.0}, {"product_id": "27928", "value": 1.0}, {"product_id": "27929", "value": 1.0}, {"product_id": "27932", "value": 1.0}, {"product_id": "27933", "value": 1.0}, {"product_id": "27934", "value": 1.0}, {"product_id": "27935", "value": 1.0}, {"product_id": "27936", "value": 1.0}, {"product_id": "27937", "value": 1.0}, {"product_id": "27938", "value": 1.0}, {"product_id": "27939", "value": 1.0}, {"product_id": "27949", "value": 1.0}, {"product_id": "27952", "value": 1.0}, {"product_id": "27955", "value": 1.0}, {"product_id": "27951", "value": 1.0}, {"product_id": "27954", "value": 1.0}, {"product_id": "27950", "value": 1.0}, {"product_id": "27953", "value": 1.0}, {"product_id": "27956", "value": 1.0}, {"product_id": "27973", "value": 1.0}, {"product_id": "27974", "value": 1.0}]}