{"head": {"pricebook": "default", "shop": "storefront-catalog-en", "currency": "USD"}, "items": [{"product_id": "10348", "value": 1.0}, {"product_id": "10763", "value": 1.0}, {"product_id": "7927", "value": 1.0}, {"product_id": "7834", "value": 1.0}, {"product_id": "7770", "value": 1.0}, {"product_id": "7715", "value": 1.0}, {"product_id": "7850", "value": 1.0}, {"product_id": "7823", "value": 1.0}, {"product_id": "9489", "value": 1.0}, {"product_id": "9357", "value": 1.0}, {"product_id": "8953", "value": 1.0}, {"product_id": "9711", "value": 1.0}, {"product_id": "10310", "value": 1.0}, {"product_id": "9328", "value": 1.0}, {"product_id": "9165", "value": 1.0}, {"product_id": "10690", "value": 1.0}, {"product_id": "10019", "value": 1.0}, {"product_id": "8408", "value": 1.0}, {"product_id": "19932", "value": 1.0}, {"product_id": "19933", "value": 1.0}, {"product_id": "19938", "value": 1.0}, {"product_id": "19939", "value": 1.0}, {"product_id": "19941", "value": 1.0}, {"product_id": "19942", "value": 1.0}, {"product_id": "19944", "value": 1.0}, {"product_id": "19945", "value": 1.0}, {"product_id": "19935", "value": 1.0}, {"product_id": "19936", "value": 1.0}, {"product_id": "19947", "value": 1.0}, {"product_id": "19948", "value": 1.0}, {"product_id": "20626", "value": 1.0}, {"product_id": "19950", "value": 1.0}, {"product_id": "19951", "value": 1.0}, {"product_id": "19953", "value": 1.0}, {"product_id": "19954", "value": 1.0}, {"product_id": "19956", "value": 1.0}, {"product_id": "19957", "value": 1.0}, {"product_id": "19959", "value": 1.0}, {"product_id": "19960", "value": 1.0}, {"product_id": "19382", "value": 1.0}, {"product_id": "10362", "value": 1.0}, {"product_id": "10377", "value": 1.0}, {"product_id": "7811", "value": 1.0}, {"product_id": "20386", "value": 1.0}, {"product_id": "23920", "value": 1.0}, {"product_id": "23922", "value": 1.0}, {"product_id": "25781", "value": 1.0}, {"product_id": "25685", "value": 1.0}, {"product_id": "17026", "value": 1.0}, {"product_id": "17039", "value": 1.0}, {"product_id": "17040", "value": 1.0}, {"product_id": "17043", "value": 1.0}, {"product_id": "17044", "value": 1.0}, {"product_id": "17032", "value": 1.0}, {"product_id": "17036", "value": 1.0}, {"product_id": "17037", "value": 1.0}, {"product_id": "17034", "value": 1.0}, {"product_id": "17033", "value": 1.0}, {"product_id": "17038", "value": 1.0}, {"product_id": "17035", "value": 1.0}]}