{"head": {"pricebook": "default", "shop": "storefront-catalog-en", "currency": "USD"}, "items": [{"product_id": "20294", "value": 1.0}, {"product_id": "20418", "value": 1.0}, {"product_id": "20295", "value": 1.0}, {"product_id": "20293", "value": 1.0}, {"product_id": "15263", "value": 1.0}, {"product_id": "15264", "value": 1.0}, {"product_id": "15255", "value": 1.0}, {"product_id": "19745", "value": 1.0}, {"product_id": "20318", "value": 1.0}, {"product_id": "18234", "value": 1.0}, {"product_id": "20319", "value": 1.0}, {"product_id": "20668", "value": 1.0}, {"product_id": "20668", "value": 1.0}, {"product_id": "23731", "value": 1.0}, {"product_id": "23732", "value": 1.0}, {"product_id": "18786", "value": 1.0}, {"product_id": "27918", "value": 1.0}, {"product_id": "18787", "value": 1.0}, {"product_id": "10246", "value": 1.0}, {"product_id": "23765", "value": 1.0}, {"product_id": "8092", "value": 1.0}, {"product_id": "8095", "value": 1.0}, {"product_id": "8172", "value": 1.0}, {"product_id": "8104", "value": 1.0}, {"product_id": "8156", "value": 1.0}, {"product_id": "8176", "value": 1.0}, {"product_id": "20317", "value": 1.0}, {"product_id": "9373", "value": 1.0}, {"product_id": "10852", "value": 1.0}, {"product_id": "20302", "value": 1.0}, {"product_id": "18465", "value": 1.0}, {"product_id": "25045", "value": 1.0}, {"product_id": "18466", "value": 1.0}, {"product_id": "22144", "value": 1.0}, {"product_id": "27000", "value": 1.0}, {"product_id": "26883", "value": 1.0}, {"product_id": "25047", "value": 1.0}, {"product_id": "25046", "value": 1.0}, {"product_id": "26998", "value": 1.0}, {"product_id": "26889", "value": 1.0}, {"product_id": "26056", "value": 1.0}, {"product_id": "26055", "value": 1.0}, {"product_id": "26882", "value": 1.0}, {"product_id": "26999", "value": 1.0}, {"product_id": "26892", "value": 1.0}, {"product_id": "26891", "value": 1.0}, {"product_id": "26890", "value": 1.0}, {"product_id": "26894", "value": 1.0}, {"product_id": "26893", "value": 1.0}, {"product_id": "27001", "value": 1.0}, {"product_id": "26885", "value": 1.0}, {"product_id": "25036", "value": 1.0}, {"product_id": "26884", "value": 1.0}, {"product_id": "21370", "value": 1.0}, {"product_id": "21371", "value": 1.0}, {"product_id": "22145", "value": 1.0}, {"product_id": "21590", "value": 1.0}, {"product_id": "22167", "value": 1.0}, {"product_id": "21372", "value": 1.0}, {"product_id": "21373", "value": 1.0}, {"product_id": "21588", "value": 1.0}, {"product_id": "21374", "value": 1.0}, {"product_id": "26877", "value": 1.0}, {"product_id": "22146", "value": 1.0}, {"product_id": "25875", "value": 1.0}, {"product_id": "26878", "value": 1.0}, {"product_id": "25876", "value": 1.0}, {"product_id": "26879", "value": 1.0}, {"product_id": "22333", "value": 1.0}, {"product_id": "22147", "value": 1.0}, {"product_id": "22148", "value": 1.0}, {"product_id": "21375", "value": 1.0}, {"product_id": "21589", "value": 1.0}, {"product_id": "21594", "value": 1.0}, {"product_id": "21376", "value": 1.0}, {"product_id": "21377", "value": 1.0}, {"product_id": "21378", "value": 1.0}, {"product_id": "24288", "value": 1.0}, {"product_id": "21379", "value": 1.0}, {"product_id": "22151", "value": 1.0}, {"product_id": "22339", "value": 1.0}, {"product_id": "22152", "value": 1.0}, {"product_id": "21591", "value": 1.0}, {"product_id": "22153", "value": 1.0}, {"product_id": "21593", "value": 1.0}, {"product_id": "22154", "value": 1.0}, {"product_id": "22168", "value": 1.0}, {"product_id": "21380", "value": 1.0}, {"product_id": "22155", "value": 1.0}, {"product_id": "26888", "value": 1.0}, {"product_id": "22156", "value": 1.0}, {"product_id": "21381", "value": 1.0}, {"product_id": "21382", "value": 1.0}, {"product_id": "21383", "value": 1.0}, {"product_id": "21384", "value": 1.0}, {"product_id": "27886", "value": 1.0}, {"product_id": "21385", "value": 1.0}, {"product_id": "22157", "value": 1.0}, {"product_id": "21386", "value": 1.0}, {"product_id": "21387", "value": 1.0}, {"product_id": "21598", "value": 1.0}, {"product_id": "21388", "value": 1.0}, {"product_id": "22160", "value": 1.0}, {"product_id": "21389", "value": 1.0}, {"product_id": "21597", "value": 1.0}, {"product_id": "21390", "value": 1.0}, {"product_id": "21391", "value": 1.0}, {"product_id": "21392", "value": 1.0}, {"product_id": "21592", "value": 1.0}, {"product_id": "22161", "value": 1.0}, {"product_id": "21595", "value": 1.0}, {"product_id": "21393", "value": 1.0}, {"product_id": "21394", "value": 1.0}, {"product_id": "22162", "value": 1.0}, {"product_id": "21395", "value": 1.0}, {"product_id": "22169", "value": 1.0}, {"product_id": "22163", "value": 1.0}, {"product_id": "21596", "value": 1.0}, {"product_id": "21396", "value": 1.0}, {"product_id": "22164", "value": 1.0}, {"product_id": "21397", "value": 1.0}, {"product_id": "21398", "value": 1.0}, {"product_id": "25987", "value": 1.0}, {"product_id": "21399", "value": 1.0}, {"product_id": "22166", "value": 1.0}, {"product_id": "9083", "value": 1.0}, {"product_id": "9715", "value": 1.0}, {"product_id": "9484", "value": 1.0}, {"product_id": "9641", "value": 1.0}, {"product_id": "16255", "value": 1.0}, {"product_id": "16254", "value": 1.0}, {"product_id": "8160", "value": 1.0}, {"product_id": "7695", "value": 1.0}, {"product_id": "8190", "value": 1.0}, {"product_id": "8064", "value": 1.0}, {"product_id": "8081", "value": 1.0}, {"product_id": "20100", "value": 1.0}, {"product_id": "23736", "value": 1.0}, {"product_id": "9841", "value": 1.0}, {"product_id": "9761", "value": 1.0}, {"product_id": "9122", "value": 1.0}, {"product_id": "10256", "value": 1.0}, {"product_id": "9551", "value": 1.0}, {"product_id": "10747", "value": 1.0}, {"product_id": "8796", "value": 1.0}, {"product_id": "10357", "value": 1.0}, {"product_id": "9646", "value": 1.0}, {"product_id": "10740", "value": 1.0}, {"product_id": "10263", "value": 1.0}, {"product_id": "9164", "value": 1.0}, {"product_id": "10779", "value": 1.0}, {"product_id": "8851", "value": 1.0}, {"product_id": "9671", "value": 1.0}, {"product_id": "9333", "value": 1.0}, {"product_id": "20622", "value": 1.0}, {"product_id": "20623", "value": 1.0}, {"product_id": "21497", "value": 1.0}, {"product_id": "14407", "value": 1.0}, {"product_id": "14408", "value": 1.0}, {"product_id": "14409", "value": 1.0}, {"product_id": "14428", "value": 1.0}, {"product_id": "14429", "value": 1.0}, {"product_id": "14433", "value": 1.0}, {"product_id": "14434", "value": 1.0}, {"product_id": "14422", "value": 1.0}, {"product_id": "14423", "value": 1.0}, {"product_id": "14424", "value": 1.0}, {"product_id": "14425", "value": 1.0}, {"product_id": "14426", "value": 1.0}, {"product_id": "14436", "value": 1.0}, {"product_id": "14437", "value": 1.0}, {"product_id": "14401", "value": 1.0}, {"product_id": "14402", "value": 1.0}, {"product_id": "14403", "value": 1.0}, {"product_id": "14404", "value": 1.0}, {"product_id": "14405", "value": 1.0}, {"product_id": "14431", "value": 1.0}, {"product_id": "14432", "value": 1.0}, {"product_id": "14411", "value": 1.0}, {"product_id": "14412", "value": 1.0}, {"product_id": "14413", "value": 1.0}, {"product_id": "14414", "value": 1.0}, {"product_id": "14415", "value": 1.0}, {"product_id": "14417", "value": 1.0}, {"product_id": "14418", "value": 1.0}, {"product_id": "14419", "value": 1.0}, {"product_id": "22360", "value": 1.0}, {"product_id": "26057", "value": 1.0}, {"product_id": "26058", "value": 1.0}, {"product_id": "8414", "value": 1.0}, {"product_id": "8397", "value": 1.0}, {"product_id": "8364", "value": 1.0}, {"product_id": "20588", "value": 1.0}, {"product_id": "8052", "value": 1.0}, {"product_id": "8221", "value": 1.0}, {"product_id": "8010", "value": 1.0}, {"product_id": "18608", "value": 1.0}, {"product_id": "8223", "value": 1.0}, {"product_id": "8029", "value": 1.0}, {"product_id": "8016", "value": 1.0}, {"product_id": "18611", "value": 1.0}, {"product_id": "8280", "value": 1.0}, {"product_id": "7801", "value": 1.0}, {"product_id": "8208", "value": 1.0}, {"product_id": "14086", "value": 1.0}, {"product_id": "8279", "value": 1.0}, {"product_id": "18606", "value": 1.0}, {"product_id": "8204", "value": 1.0}, {"product_id": "14087", "value": 1.0}, {"product_id": "18607", "value": 1.0}, {"product_id": "7693", "value": 1.0}, {"product_id": "9494", "value": 1.0}, {"product_id": "9892", "value": 1.0}, {"product_id": "7572", "value": 1.0}, {"product_id": "20491", "value": 1.0}, {"product_id": "20489", "value": 1.0}, {"product_id": "20490", "value": 1.0}, {"product_id": "20492", "value": 1.0}, {"product_id": "14150", "value": 1.0}, {"product_id": "14151", "value": 1.0}, {"product_id": "14152", "value": 1.0}, {"product_id": "14153", "value": 1.0}, {"product_id": "14154", "value": 1.0}, {"product_id": "14155", "value": 1.0}, {"product_id": "14156", "value": 1.0}, {"product_id": "14157", "value": 1.0}, {"product_id": "14119", "value": 1.0}, {"product_id": "14120", "value": 1.0}, {"product_id": "14121", "value": 1.0}, {"product_id": "14122", "value": 1.0}, {"product_id": "14123", "value": 1.0}, {"product_id": "14124", "value": 1.0}, {"product_id": "14125", "value": 1.0}, {"product_id": "14126", "value": 1.0}, {"product_id": "14127", "value": 1.0}, {"product_id": "14129", "value": 1.0}, {"product_id": "14131", "value": 1.0}, {"product_id": "14132", "value": 1.0}, {"product_id": "14133", "value": 1.0}, {"product_id": "14134", "value": 1.0}, {"product_id": "14135", "value": 1.0}, {"product_id": "14136", "value": 1.0}, {"product_id": "14137", "value": 1.0}, {"product_id": "14160", "value": 1.0}, {"product_id": "14161", "value": 1.0}, {"product_id": "14162", "value": 1.0}, {"product_id": "14163", "value": 1.0}, {"product_id": "14164", "value": 1.0}, {"product_id": "14165", "value": 1.0}, {"product_id": "14166", "value": 1.0}, {"product_id": "14167", "value": 1.0}, {"product_id": "14180", "value": 1.0}, {"product_id": "14181", "value": 1.0}, {"product_id": "14189", "value": 1.0}, {"product_id": "14182", "value": 1.0}, {"product_id": "14183", "value": 1.0}, {"product_id": "14184", "value": 1.0}, {"product_id": "14185", "value": 1.0}, {"product_id": "14186", "value": 1.0}, {"product_id": "14187", "value": 1.0}, {"product_id": "14188", "value": 1.0}, {"product_id": "14191", "value": 1.0}, {"product_id": "14192", "value": 1.0}, {"product_id": "14193", "value": 1.0}, {"product_id": "14194", "value": 1.0}, {"product_id": "14195", "value": 1.0}, {"product_id": "14196", "value": 1.0}, {"product_id": "14197", "value": 1.0}, {"product_id": "14198", "value": 1.0}, {"product_id": "14199", "value": 1.0}, {"product_id": "14169", "value": 1.0}, {"product_id": "14170", "value": 1.0}, {"product_id": "14171", "value": 1.0}, {"product_id": "14172", "value": 1.0}, {"product_id": "14173", "value": 1.0}, {"product_id": "14174", "value": 1.0}, {"product_id": "14175", "value": 1.0}, {"product_id": "14176", "value": 1.0}, {"product_id": "14177", "value": 1.0}, {"product_id": "14178", "value": 1.0}, {"product_id": "14201", "value": 1.0}, {"product_id": "14202", "value": 1.0}, {"product_id": "14203", "value": 1.0}, {"product_id": "14204", "value": 1.0}, {"product_id": "14205", "value": 1.0}, {"product_id": "14206", "value": 1.0}, {"product_id": "14207", "value": 1.0}, {"product_id": "14208", "value": 1.0}, {"product_id": "14209", "value": 1.0}, {"product_id": "14139", "value": 1.0}, {"product_id": "14141", "value": 1.0}, {"product_id": "14142", "value": 1.0}, {"product_id": "14143", "value": 1.0}, {"product_id": "14144", "value": 1.0}, {"product_id": "14145", "value": 1.0}, {"product_id": "14146", "value": 1.0}, {"product_id": "14147", "value": 1.0}, {"product_id": "9992", "value": 1.0}, {"product_id": "9848", "value": 1.0}, {"product_id": "10131", "value": 1.0}, {"product_id": "9474", "value": 1.0}, {"product_id": "10815", "value": 1.0}, {"product_id": "9578", "value": 1.0}, {"product_id": "7685", "value": 1.0}, {"product_id": "16975", "value": 1.0}, {"product_id": "23084", "value": 1.0}, {"product_id": "22895", "value": 1.0}, {"product_id": "22902", "value": 1.0}, {"product_id": "20216", "value": 1.0}, {"product_id": "23083", "value": 1.0}, {"product_id": "9652", "value": 1.0}, {"product_id": "9527", "value": 1.0}, {"product_id": "10094", "value": 1.0}, {"product_id": "9087", "value": 1.0}, {"product_id": "9313", "value": 1.0}, {"product_id": "23198", "value": 1.0}, {"product_id": "8568", "value": 1.0}, {"product_id": "20211", "value": 1.0}, {"product_id": "20212", "value": 1.0}, {"product_id": "20213", "value": 1.0}, {"product_id": "8439", "value": 1.0}, {"product_id": "8387", "value": 1.0}, {"product_id": "22989", "value": 1.0}, {"product_id": "8852", "value": 1.0}, {"product_id": "10035", "value": 1.0}, {"product_id": "9029", "value": 1.0}, {"product_id": "11024", "value": 1.0}, {"product_id": "9476", "value": 1.0}, {"product_id": "8898", "value": 1.0}, {"product_id": "10112", "value": 1.0}, {"product_id": "22696", "value": 1.0}, {"product_id": "7905", "value": 1.0}, {"product_id": "7920", "value": 1.0}, {"product_id": "7841", "value": 1.0}, {"product_id": "7731", "value": 1.0}, {"product_id": "10646", "value": 1.0}, {"product_id": "10755", "value": 1.0}, {"product_id": "10221", "value": 1.0}, {"product_id": "8657", "value": 1.0}, {"product_id": "8696", "value": 1.0}, {"product_id": "9831", "value": 1.0}, {"product_id": "10348", "value": 1.0}, {"product_id": "10763", "value": 1.0}, {"product_id": "7927", "value": 1.0}, {"product_id": "7834", "value": 1.0}, {"product_id": "7770", "value": 1.0}, {"product_id": "7715", "value": 1.0}, {"product_id": "7850", "value": 1.0}, {"product_id": "7823", "value": 1.0}, {"product_id": "9489", "value": 1.0}, {"product_id": "9357", "value": 1.0}, {"product_id": "8953", "value": 1.0}, {"product_id": "9711", "value": 1.0}, {"product_id": "10310", "value": 1.0}, {"product_id": "9328", "value": 1.0}, {"product_id": "9165", "value": 1.0}, {"product_id": "10690", "value": 1.0}, {"product_id": "10019", "value": 1.0}, {"product_id": "8408", "value": 1.0}, {"product_id": "19932", "value": 1.0}, {"product_id": "19933", "value": 1.0}, {"product_id": "19938", "value": 1.0}, {"product_id": "19939", "value": 1.0}, {"product_id": "19941", "value": 1.0}, {"product_id": "19942", "value": 1.0}, {"product_id": "19944", "value": 1.0}, {"product_id": "19945", "value": 1.0}, {"product_id": "19935", "value": 1.0}, {"product_id": "19936", "value": 1.0}, {"product_id": "19947", "value": 1.0}, {"product_id": "19948", "value": 1.0}, {"product_id": "20626", "value": 1.0}, {"product_id": "19950", "value": 1.0}, {"product_id": "19951", "value": 1.0}, {"product_id": "19953", "value": 1.0}, {"product_id": "19954", "value": 1.0}, {"product_id": "19956", "value": 1.0}, {"product_id": "19957", "value": 1.0}, {"product_id": "19959", "value": 1.0}, {"product_id": "19960", "value": 1.0}, {"product_id": "19382", "value": 1.0}, {"product_id": "10362", "value": 1.0}, {"product_id": "10377", "value": 1.0}, {"product_id": "7811", "value": 1.0}, {"product_id": "20386", "value": 1.0}, {"product_id": "23920", "value": 1.0}, {"product_id": "23922", "value": 1.0}, {"product_id": "25781", "value": 1.0}, {"product_id": "25685", "value": 1.0}, {"product_id": "17026", "value": 1.0}, {"product_id": "17039", "value": 1.0}, {"product_id": "17040", "value": 1.0}, {"product_id": "17043", "value": 1.0}, {"product_id": "17044", "value": 1.0}, {"product_id": "17032", "value": 1.0}, {"product_id": "17036", "value": 1.0}, {"product_id": "17037", "value": 1.0}, {"product_id": "17034", "value": 1.0}, {"product_id": "17033", "value": 1.0}, {"product_id": "17038", "value": 1.0}, {"product_id": "17035", "value": 1.0}, {"product_id": "20442", "value": 1.0}, {"product_id": "14447", "value": 1.0}, {"product_id": "12893", "value": 1.0}, {"product_id": "12060", "value": 1.0}, {"product_id": "11664", "value": 1.0}, {"product_id": "12573", "value": 1.0}, {"product_id": "11667", "value": 1.0}, {"product_id": "12323", "value": 1.0}, {"product_id": "11990", "value": 1.0}, {"product_id": "12571", "value": 1.0}, {"product_id": "12819", "value": 1.0}, {"product_id": "11979", "value": 1.0}, {"product_id": "11930", "value": 1.0}, {"product_id": "12034", "value": 1.0}, {"product_id": "12635", "value": 1.0}, {"product_id": "11597", "value": 1.0}, {"product_id": "11801", "value": 1.0}, {"product_id": "11641", "value": 1.0}, {"product_id": "12437", "value": 1.0}, {"product_id": "19976", "value": 1.0}, {"product_id": "19977", "value": 1.0}, {"product_id": "19978", "value": 1.0}, {"product_id": "16315", "value": 1.0}, {"product_id": "25784", "value": 1.0}, {"product_id": "23913", "value": 1.0}, {"product_id": "23912", "value": 1.0}, {"product_id": "25777", "value": 1.0}, {"product_id": "25795", "value": 1.0}, {"product_id": "13764", "value": 1.0}, {"product_id": "13662", "value": 1.0}, {"product_id": "13765", "value": 1.0}, {"product_id": "12848", "value": 1.0}, {"product_id": "12854", "value": 1.0}, {"product_id": "8708", "value": 1.0}, {"product_id": "10464", "value": 1.0}, {"product_id": "11958", "value": 1.0}, {"product_id": "11751", "value": 1.0}, {"product_id": "15087", "value": 1.0}, {"product_id": "8597", "value": 1.0}, {"product_id": "16216", "value": 1.0}, {"product_id": "8584", "value": 1.0}, {"product_id": "14562", "value": 1.0}, {"product_id": "17176", "value": 1.0}, {"product_id": "17197", "value": 1.0}, {"product_id": "17158", "value": 1.0}, {"product_id": "16142", "value": 1.0}, {"product_id": "9772", "value": 1.0}, {"product_id": "22900", "value": 1.0}, {"product_id": "23188", "value": 1.0}, {"product_id": "22992", "value": 1.0}, {"product_id": "22891", "value": 1.0}, {"product_id": "22999", "value": 1.0}, {"product_id": "23201", "value": 1.0}, {"product_id": "23002", "value": 1.0}, {"product_id": "23001", "value": 1.0}, {"product_id": "23192", "value": 1.0}, {"product_id": "22990", "value": 1.0}, {"product_id": "22988", "value": 1.0}, {"product_id": "23000", "value": 1.0}, {"product_id": "10077", "value": 1.0}, {"product_id": "8245", "value": 1.0}, {"product_id": "10241", "value": 1.0}, {"product_id": "9092", "value": 1.0}, {"product_id": "9907", "value": 1.0}, {"product_id": "10116", "value": 1.0}, {"product_id": "14392", "value": 1.0}, {"product_id": "10695", "value": 1.0}, {"product_id": "14391", "value": 1.0}, {"product_id": "14520", "value": 1.0}, {"product_id": "14389", "value": 1.0}, {"product_id": "14390", "value": 1.0}, {"product_id": "8215", "value": 1.0}, {"product_id": "10393", "value": 1.0}, {"product_id": "14393", "value": 1.0}, {"product_id": "13762", "value": 1.0}, {"product_id": "16575", "value": 1.0}, {"product_id": "16581", "value": 1.0}, {"product_id": "16582", "value": 1.0}, {"product_id": "16589", "value": 1.0}, {"product_id": "16548", "value": 1.0}, {"product_id": "8220", "value": 1.0}, {"product_id": "23483", "value": 1.0}, {"product_id": "8069", "value": 1.0}, {"product_id": "14395", "value": 1.0}, {"product_id": "14396", "value": 1.0}, {"product_id": "14397", "value": 1.0}, {"product_id": "15280", "value": 1.0}, {"product_id": "8920", "value": 1.0}, {"product_id": "8018", "value": 1.0}, {"product_id": "8965", "value": 1.0}, {"product_id": "10820", "value": 1.0}, {"product_id": "8779", "value": 1.0}, {"product_id": "15271", "value": 1.0}, {"product_id": "16555", "value": 1.0}, {"product_id": "8085", "value": 1.0}, {"product_id": "16560", "value": 1.0}, {"product_id": "16567", "value": 1.0}, {"product_id": "16434", "value": 1.0}, {"product_id": "8318", "value": 1.0}, {"product_id": "7942", "value": 1.0}, {"product_id": "8317", "value": 1.0}, {"product_id": "8366", "value": 1.0}, {"product_id": "8432", "value": 1.0}, {"product_id": "8422", "value": 1.0}, {"product_id": "8433", "value": 1.0}, {"product_id": "8371", "value": 1.0}, {"product_id": "8390", "value": 1.0}, {"product_id": "8420", "value": 1.0}, {"product_id": "8365", "value": 1.0}, {"product_id": "8402", "value": 1.0}, {"product_id": "8331", "value": 1.0}, {"product_id": "16314", "value": 1.0}, {"product_id": "10481", "value": 1.0}, {"product_id": "20209", "value": 1.0}, {"product_id": "23896", "value": 1.0}, {"product_id": "23891", "value": 1.0}, {"product_id": "16263", "value": 1.0}, {"product_id": "23894", "value": 1.0}, {"product_id": "23893", "value": 1.0}, {"product_id": "23892", "value": 1.0}, {"product_id": "23895", "value": 1.0}, {"product_id": "16264", "value": 1.0}, {"product_id": "20494", "value": 1.0}, {"product_id": "20493", "value": 1.0}, {"product_id": "20495", "value": 1.0}, {"product_id": "20243", "value": 1.0}, {"product_id": "20236", "value": 1.0}, {"product_id": "20242", "value": 1.0}, {"product_id": "20237", "value": 1.0}, {"product_id": "20234", "value": 1.0}, {"product_id": "17462", "value": 1.0}, {"product_id": "17461", "value": 1.0}, {"product_id": "10691", "value": 1.0}, {"product_id": "10810", "value": 1.0}, {"product_id": "18313", "value": 1.0}, {"product_id": "18314", "value": 1.0}, {"product_id": "18313", "value": 1.0}, {"product_id": "18314", "value": 1.0}, {"product_id": "18309", "value": 1.0}, {"product_id": "18310", "value": 1.0}, {"product_id": "12531", "value": 1.0}, {"product_id": "17505", "value": 1.0}, {"product_id": "17507", "value": 1.0}, {"product_id": "17506", "value": 1.0}, {"product_id": "17502", "value": 1.0}, {"product_id": "17500", "value": 1.0}, {"product_id": "17503", "value": 1.0}, {"product_id": "17501", "value": 1.0}, {"product_id": "12338", "value": 1.0}, {"product_id": "12438", "value": 1.0}, {"product_id": "12273", "value": 1.0}, {"product_id": "18443", "value": 1.0}, {"product_id": "12576", "value": 1.0}, {"product_id": "12466", "value": 1.0}, {"product_id": "12521", "value": 1.0}, {"product_id": "12669", "value": 1.0}, {"product_id": "12321", "value": 1.0}, {"product_id": "12287", "value": 1.0}, {"product_id": "12782", "value": 1.0}, {"product_id": "12712", "value": 1.0}, {"product_id": "11851", "value": 1.0}, {"product_id": "15037", "value": 1.0}, {"product_id": "12479", "value": 1.0}, {"product_id": "10835", "value": 1.0}, {"product_id": "10724", "value": 1.0}, {"product_id": "9968", "value": 1.0}, {"product_id": "9878", "value": 1.0}, {"product_id": "10489", "value": 1.0}, {"product_id": "17520", "value": 1.0}, {"product_id": "11808", "value": 1.0}, {"product_id": "12413", "value": 1.0}, {"product_id": "12083", "value": 1.0}, {"product_id": "12292", "value": 1.0}, {"product_id": "11819", "value": 1.0}, {"product_id": "12457", "value": 1.0}, {"product_id": "12017", "value": 1.0}, {"product_id": "11697", "value": 1.0}, {"product_id": "10388", "value": 1.0}, {"product_id": "12888", "value": 1.0}, {"product_id": "12682", "value": 1.0}, {"product_id": "11719", "value": 1.0}, {"product_id": "12655", "value": 1.0}, {"product_id": "12027", "value": 1.0}, {"product_id": "11991", "value": 1.0}, {"product_id": "12330", "value": 1.0}, {"product_id": "11787", "value": 1.0}, {"product_id": "12141", "value": 1.0}, {"product_id": "12524", "value": 1.0}, {"product_id": "12537", "value": 1.0}, {"product_id": "12542", "value": 1.0}, {"product_id": "11600", "value": 1.0}, {"product_id": "11674", "value": 1.0}, {"product_id": "12178", "value": 1.0}, {"product_id": "12137", "value": 1.0}, {"product_id": "12359", "value": 1.0}, {"product_id": "12894", "value": 1.0}, {"product_id": "10780", "value": 1.0}, {"product_id": "12269", "value": 1.0}, {"product_id": "12467", "value": 1.0}, {"product_id": "11794", "value": 1.0}, {"product_id": "12241", "value": 1.0}, {"product_id": "11906", "value": 1.0}, {"product_id": "12070", "value": 1.0}, {"product_id": "11652", "value": 1.0}, {"product_id": "9409", "value": 1.0}, {"product_id": "12387", "value": 1.0}, {"product_id": "11897", "value": 1.0}, {"product_id": "11806", "value": 1.0}, {"product_id": "12836", "value": 1.0}, {"product_id": "11816", "value": 1.0}, {"product_id": "12072", "value": 1.0}, {"product_id": "12073", "value": 1.0}, {"product_id": "12340", "value": 1.0}, {"product_id": "15084", "value": 1.0}, {"product_id": "11645", "value": 1.0}, {"product_id": "11887", "value": 1.0}, {"product_id": "18457", "value": 1.0}, {"product_id": "17456", "value": 1.0}, {"product_id": "18442", "value": 1.0}, {"product_id": "18282", "value": 1.0}, {"product_id": "10365", "value": 1.0}, {"product_id": "12662", "value": 1.0}, {"product_id": "11940", "value": 1.0}, {"product_id": "12863", "value": 1.0}, {"product_id": "12663", "value": 1.0}, {"product_id": "17550", "value": 1.0}, {"product_id": "17549", "value": 1.0}, {"product_id": "17515", "value": 1.0}, {"product_id": "10688", "value": 1.0}, {"product_id": "9127", "value": 1.0}, {"product_id": "18317", "value": 1.0}, {"product_id": "18318", "value": 1.0}, {"product_id": "18316", "value": 1.0}, {"product_id": "18464", "value": 1.0}, {"product_id": "17512", "value": 1.0}, {"product_id": "17513", "value": 1.0}, {"product_id": "11835", "value": 1.0}, {"product_id": "12515", "value": 1.0}, {"product_id": "18305", "value": 1.0}, {"product_id": "18304", "value": 1.0}, {"product_id": "18303", "value": 1.0}, {"product_id": "9632", "value": 1.0}, {"product_id": "17523", "value": 1.0}, {"product_id": "12062", "value": 1.0}, {"product_id": "11812", "value": 1.0}, {"product_id": "12513", "value": 1.0}, {"product_id": "12779", "value": 1.0}, {"product_id": "11724", "value": 1.0}, {"product_id": "18450", "value": 1.0}, {"product_id": "18449", "value": 1.0}, {"product_id": "18448", "value": 1.0}, {"product_id": "17554", "value": 1.0}, {"product_id": "10085", "value": 1.0}, {"product_id": "12666", "value": 1.0}, {"product_id": "12100", "value": 1.0}, {"product_id": "11592", "value": 1.0}, {"product_id": "12010", "value": 1.0}, {"product_id": "10055", "value": 1.0}, {"product_id": "10208", "value": 1.0}, {"product_id": "11677", "value": 1.0}, {"product_id": "12471", "value": 1.0}, {"product_id": "11750", "value": 1.0}, {"product_id": "14025", "value": 1.0}, {"product_id": "14026", "value": 1.0}, {"product_id": "12356", "value": 1.0}, {"product_id": "14027", "value": 1.0}, {"product_id": "11634", "value": 1.0}, {"product_id": "11863", "value": 1.0}, {"product_id": "12077", "value": 1.0}, {"product_id": "11814", "value": 1.0}, {"product_id": "12362", "value": 1.0}, {"product_id": "12187", "value": 1.0}, {"product_id": "11598", "value": 1.0}, {"product_id": "14211", "value": 1.0}, {"product_id": "11746", "value": 1.0}, {"product_id": "14213", "value": 1.0}, {"product_id": "14210", "value": 1.0}, {"product_id": "15041", "value": 1.0}, {"product_id": "15040", "value": 1.0}, {"product_id": "12696", "value": 1.0}, {"product_id": "12420", "value": 1.0}, {"product_id": "14212", "value": 1.0}, {"product_id": "8969", "value": 1.0}, {"product_id": "10372", "value": 1.0}, {"product_id": "9830", "value": 1.0}, {"product_id": "10572", "value": 1.0}, {"product_id": "12368", "value": 1.0}, {"product_id": "17491", "value": 1.0}, {"product_id": "17488", "value": 1.0}, {"product_id": "17489", "value": 1.0}, {"product_id": "17490", "value": 1.0}, {"product_id": "12480", "value": 1.0}, {"product_id": "18297", "value": 1.0}, {"product_id": "18300", "value": 1.0}, {"product_id": "15045", "value": 1.0}, {"product_id": "15046", "value": 1.0}, {"product_id": "12433", "value": 1.0}, {"product_id": "15048", "value": 1.0}, {"product_id": "15051", "value": 1.0}, {"product_id": "15050", "value": 1.0}, {"product_id": "15049", "value": 1.0}, {"product_id": "17562", "value": 1.0}, {"product_id": "17561", "value": 1.0}, {"product_id": "17559", "value": 1.0}, {"product_id": "17560", "value": 1.0}, {"product_id": "12450", "value": 1.0}, {"product_id": "12418", "value": 1.0}, {"product_id": "12605", "value": 1.0}, {"product_id": "12609", "value": 1.0}, {"product_id": "15043", "value": 1.0}, {"product_id": "12275", "value": 1.0}, {"product_id": "12369", "value": 1.0}, {"product_id": "12237", "value": 1.0}, {"product_id": "12899", "value": 1.0}, {"product_id": "11770", "value": 1.0}, {"product_id": "11603", "value": 1.0}, {"product_id": "18307", "value": 1.0}, {"product_id": "18421", "value": 1.0}, {"product_id": "18306", "value": 1.0}, {"product_id": "18423", "value": 1.0}, {"product_id": "18424", "value": 1.0}, {"product_id": "11970", "value": 1.0}, {"product_id": "11844", "value": 1.0}, {"product_id": "18429", "value": 1.0}, {"product_id": "18430", "value": 1.0}, {"product_id": "18286", "value": 1.0}, {"product_id": "20603", "value": 1.0}, {"product_id": "20602", "value": 1.0}, {"product_id": "20601", "value": 1.0}, {"product_id": "17532", "value": 1.0}, {"product_id": "17530", "value": 1.0}, {"product_id": "17531", "value": 1.0}, {"product_id": "24297", "value": 1.0}, {"product_id": "24293", "value": 1.0}, {"product_id": "24296", "value": 1.0}, {"product_id": "24294", "value": 1.0}, {"product_id": "24292", "value": 1.0}, {"product_id": "24295", "value": 1.0}, {"product_id": "18460", "value": 1.0}, {"product_id": "17459", "value": 1.0}, {"product_id": "17521", "value": 1.0}, {"product_id": "17522", "value": 1.0}, {"product_id": "18311", "value": 1.0}, {"product_id": "18434", "value": 1.0}, {"product_id": "18285", "value": 1.0}, {"product_id": "17558", "value": 1.0}, {"product_id": "17556", "value": 1.0}, {"product_id": "17557", "value": 1.0}, {"product_id": "17470", "value": 1.0}, {"product_id": "17468", "value": 1.0}, {"product_id": "17469", "value": 1.0}, {"product_id": "21718", "value": 1.0}, {"product_id": "21717", "value": 1.0}, {"product_id": "21716", "value": 1.0}, {"product_id": "22334", "value": 1.0}, {"product_id": "20611", "value": 1.0}, {"product_id": "20604", "value": 1.0}, {"product_id": "20605", "value": 1.0}, {"product_id": "18432", "value": 1.0}, {"product_id": "12374", "value": 1.0}, {"product_id": "17528", "value": 1.0}, {"product_id": "17529", "value": 1.0}, {"product_id": "17518", "value": 1.0}, {"product_id": "9256", "value": 1.0}, {"product_id": "10589", "value": 1.0}, {"product_id": "17486", "value": 1.0}, {"product_id": "11852", "value": 1.0}, {"product_id": "11795", "value": 1.0}, {"product_id": "15042", "value": 1.0}, {"product_id": "12740", "value": 1.0}, {"product_id": "12421", "value": 1.0}, {"product_id": "17527", "value": 1.0}, {"product_id": "17536", "value": 1.0}, {"product_id": "10505", "value": 1.0}, {"product_id": "18287", "value": 1.0}, {"product_id": "18289", "value": 1.0}, {"product_id": "18290", "value": 1.0}, {"product_id": "10247", "value": 1.0}, {"product_id": "10720", "value": 1.0}, {"product_id": "12726", "value": 1.0}, {"product_id": "17482", "value": 1.0}, {"product_id": "17481", "value": 1.0}, {"product_id": "17480", "value": 1.0}, {"product_id": "17498", "value": 1.0}, {"product_id": "17497", "value": 1.0}, {"product_id": "20608", "value": 1.0}, {"product_id": "11846", "value": 1.0}, {"product_id": "11768", "value": 1.0}, {"product_id": "12796", "value": 1.0}, {"product_id": "11998", "value": 1.0}, {"product_id": "12244", "value": 1.0}, {"product_id": "12604", "value": 1.0}, {"product_id": "12621", "value": 1.0}, {"product_id": "18441", "value": 1.0}, {"product_id": "18440", "value": 1.0}, {"product_id": "17494", "value": 1.0}, {"product_id": "17495", "value": 1.0}, {"product_id": "17493", "value": 1.0}, {"product_id": "17519", "value": 1.0}, {"product_id": "17524", "value": 1.0}, {"product_id": "15075", "value": 1.0}, {"product_id": "15074", "value": 1.0}, {"product_id": "15073", "value": 1.0}, {"product_id": "15053", "value": 1.0}, {"product_id": "18462", "value": 1.0}, {"product_id": "9512", "value": 1.0}, {"product_id": "12708", "value": 1.0}, {"product_id": "8952", "value": 1.0}, {"product_id": "9833", "value": 1.0}, {"product_id": "8716", "value": 1.0}, {"product_id": "18433", "value": 1.0}, {"product_id": "18283", "value": 1.0}, {"product_id": "17475", "value": 1.0}, {"product_id": "17473", "value": 1.0}, {"product_id": "15080", "value": 1.0}, {"product_id": "15079", "value": 1.0}, {"product_id": "15078", "value": 1.0}, {"product_id": "15077", "value": 1.0}, {"product_id": "11780", "value": 1.0}, {"product_id": "12422", "value": 1.0}, {"product_id": "9940", "value": 1.0}, {"product_id": "8772", "value": 1.0}, {"product_id": "18412", "value": 1.0}, {"product_id": "18411", "value": 1.0}, {"product_id": "18410", "value": 1.0}, {"product_id": "18420", "value": 1.0}, {"product_id": "18418", "value": 1.0}, {"product_id": "18419", "value": 1.0}, {"product_id": "18415", "value": 1.0}, {"product_id": "18416", "value": 1.0}, {"product_id": "18414", "value": 1.0}, {"product_id": "22887", "value": 1.0}, {"product_id": "22888", "value": 1.0}, {"product_id": "23004", "value": 1.0}, {"product_id": "22991", "value": 1.0}, {"product_id": "23003", "value": 1.0}, {"product_id": "23200", "value": 1.0}, {"product_id": "23005", "value": 1.0}, {"product_id": "17534", "value": 1.0}, {"product_id": "17533", "value": 1.0}, {"product_id": "15060", "value": 1.0}, {"product_id": "15062", "value": 1.0}, {"product_id": "15065", "value": 1.0}, {"product_id": "15064", "value": 1.0}, {"product_id": "15063", "value": 1.0}, {"product_id": "15061", "value": 1.0}, {"product_id": "17465", "value": 1.0}, {"product_id": "17463", "value": 1.0}, {"product_id": "17466", "value": 1.0}, {"product_id": "17464", "value": 1.0}, {"product_id": "18299", "value": 1.0}, {"product_id": "18301", "value": 1.0}, {"product_id": "18456", "value": 1.0}, {"product_id": "17525", "value": 1.0}, {"product_id": "20610", "value": 1.0}, {"product_id": "20609", "value": 1.0}, {"product_id": "17510", "value": 1.0}, {"product_id": "17509", "value": 1.0}, {"product_id": "18463", "value": 1.0}, {"product_id": "8985", "value": 1.0}, {"product_id": "9077", "value": 1.0}, {"product_id": "18459", "value": 1.0}, {"product_id": "17485", "value": 1.0}, {"product_id": "17484", "value": 1.0}, {"product_id": "11873", "value": 1.0}, {"product_id": "11817", "value": 1.0}, {"product_id": "11749", "value": 1.0}, {"product_id": "12403", "value": 1.0}, {"product_id": "17460", "value": 1.0}, {"product_id": "17526", "value": 1.0}, {"product_id": "17535", "value": 1.0}, {"product_id": "18426", "value": 1.0}, {"product_id": "18427", "value": 1.0}, {"product_id": "18436", "value": 1.0}, {"product_id": "18438", "value": 1.0}, {"product_id": "18437", "value": 1.0}, {"product_id": "18461", "value": 1.0}, {"product_id": "18447", "value": 1.0}, {"product_id": "18446", "value": 1.0}, {"product_id": "18445", "value": 1.0}, {"product_id": "15036", "value": 1.0}, {"product_id": "18292", "value": 1.0}, {"product_id": "18294", "value": 1.0}, {"product_id": "18293", "value": 1.0}, {"product_id": "18295", "value": 1.0}, {"product_id": "10608", "value": 1.0}, {"product_id": "9552", "value": 1.0}, {"product_id": "12128", "value": 1.0}, {"product_id": "15055", "value": 1.0}, {"product_id": "15058", "value": 1.0}, {"product_id": "15056", "value": 1.0}, {"product_id": "15057", "value": 1.0}, {"product_id": "18453", "value": 1.0}, {"product_id": "18454", "value": 1.0}, {"product_id": "18452", "value": 1.0}, {"product_id": "18455", "value": 1.0}, {"product_id": "15071", "value": 1.0}, {"product_id": "15068", "value": 1.0}, {"product_id": "15070", "value": 1.0}, {"product_id": "15069", "value": 1.0}, {"product_id": "15067", "value": 1.0}, {"product_id": "20247", "value": 1.0}, {"product_id": "20240", "value": 1.0}, {"product_id": "20233", "value": 1.0}, {"product_id": "20239", "value": 1.0}, {"product_id": "26081", "value": 1.0}, {"product_id": "26073", "value": 1.0}, {"product_id": "26072", "value": 1.0}, {"product_id": "26088", "value": 1.0}, {"product_id": "26087", "value": 1.0}, {"product_id": "26071", "value": 1.0}, {"product_id": "26070", "value": 1.0}, {"product_id": "26096", "value": 1.0}, {"product_id": "26089", "value": 1.0}, {"product_id": "26099", "value": 1.0}, {"product_id": "26082", "value": 1.0}, {"product_id": "26075", "value": 1.0}, {"product_id": "26074", "value": 1.0}, {"product_id": "26068", "value": 1.0}, {"product_id": "26067", "value": 1.0}, {"product_id": "26069", "value": 1.0}, {"product_id": "26085", "value": 1.0}, {"product_id": "26097", "value": 1.0}, {"product_id": "26095", "value": 1.0}, {"product_id": "26079", "value": 1.0}, {"product_id": "26078", "value": 1.0}, {"product_id": "26080", "value": 1.0}, {"product_id": "26084", "value": 1.0}, {"product_id": "26077", "value": 1.0}, {"product_id": "26093", "value": 1.0}, {"product_id": "26091", "value": 1.0}, {"product_id": "26092", "value": 1.0}, {"product_id": "26076", "value": 1.0}, {"product_id": "26098", "value": 1.0}, {"product_id": "26083", "value": 1.0}, {"product_id": "26094", "value": 1.0}, {"product_id": "26086", "value": 1.0}, {"product_id": "26090", "value": 1.0}, {"product_id": "20235", "value": 1.0}, {"product_id": "20238", "value": 1.0}, {"product_id": "20246", "value": 1.0}, {"product_id": "20244", "value": 1.0}, {"product_id": "20245", "value": 1.0}, {"product_id": "14747", "value": 1.0}, {"product_id": "17863", "value": 1.0}, {"product_id": "17090", "value": 1.0}, {"product_id": "17118", "value": 1.0}, {"product_id": "17089", "value": 1.0}, {"product_id": "17095", "value": 1.0}, {"product_id": "17093", "value": 1.0}, {"product_id": "17098", "value": 1.0}, {"product_id": "17092", "value": 1.0}, {"product_id": "17117", "value": 1.0}, {"product_id": "17097", "value": 1.0}, {"product_id": "17088", "value": 1.0}, {"product_id": "17091", "value": 1.0}, {"product_id": "17099", "value": 1.0}, {"product_id": "17096", "value": 1.0}, {"product_id": "20113", "value": 1.0}, {"product_id": "8644", "value": 1.0}, {"product_id": "8599", "value": 1.0}, {"product_id": "8631", "value": 1.0}, {"product_id": "8628", "value": 1.0}, {"product_id": "9584", "value": 1.0}, {"product_id": "10648", "value": 1.0}, {"product_id": "10157", "value": 1.0}, {"product_id": "10848", "value": 1.0}, {"product_id": "10851", "value": 1.0}, {"product_id": "15274", "value": 1.0}, {"product_id": "25785", "value": 1.0}, {"product_id": "9976", "value": 1.0}, {"product_id": "16087", "value": 1.0}, {"product_id": "8109", "value": 1.0}, {"product_id": "8163", "value": 1.0}, {"product_id": "7890", "value": 1.0}, {"product_id": "8267", "value": 1.0}, {"product_id": "16951", "value": 1.0}, {"product_id": "20471", "value": 1.0}, {"product_id": "7746", "value": 1.0}, {"product_id": "8004", "value": 1.0}, {"product_id": "8404", "value": 1.0}, {"product_id": "7771", "value": 1.0}, {"product_id": "7711", "value": 1.0}, {"product_id": "25878", "value": 1.0}, {"product_id": "25879", "value": 1.0}, {"product_id": "16513", "value": 1.0}, {"product_id": "16514", "value": 1.0}, {"product_id": "16512", "value": 1.0}, {"product_id": "16510", "value": 1.0}, {"product_id": "16511", "value": 1.0}, {"product_id": "20449", "value": 1.0}, {"product_id": "20050", "value": 1.0}, {"product_id": "20075", "value": 1.0}, {"product_id": "20051", "value": 1.0}, {"product_id": "20062", "value": 1.0}, {"product_id": "20060", "value": 1.0}, {"product_id": "20066", "value": 1.0}, {"product_id": "20085", "value": 1.0}, {"product_id": "20061", "value": 1.0}, {"product_id": "20084", "value": 1.0}, {"product_id": "20065", "value": 1.0}, {"product_id": "20078", "value": 1.0}, {"product_id": "20054", "value": 1.0}, {"product_id": "20057", "value": 1.0}, {"product_id": "20083", "value": 1.0}, {"product_id": "20079", "value": 1.0}, {"product_id": "20053", "value": 1.0}, {"product_id": "20081", "value": 1.0}, {"product_id": "20086", "value": 1.0}, {"product_id": "20088", "value": 1.0}, {"product_id": "20087", "value": 1.0}, {"product_id": "20076", "value": 1.0}, {"product_id": "20059", "value": 1.0}, {"product_id": "20063", "value": 1.0}, {"product_id": "20082", "value": 1.0}, {"product_id": "20058", "value": 1.0}, {"product_id": "20073", "value": 1.0}, {"product_id": "20089", "value": 1.0}, {"product_id": "20074", "value": 1.0}, {"product_id": "20067", "value": 1.0}, {"product_id": "20068", "value": 1.0}, {"product_id": "20052", "value": 1.0}, {"product_id": "20064", "value": 1.0}, {"product_id": "20080", "value": 1.0}, {"product_id": "20056", "value": 1.0}, {"product_id": "20055", "value": 1.0}, {"product_id": "20044", "value": 1.0}, {"product_id": "20077", "value": 1.0}, {"product_id": "16090", "value": 1.0}, {"product_id": "25673", "value": 1.0}, {"product_id": "20005", "value": 1.0}, {"product_id": "16094", "value": 1.0}, {"product_id": "20047", "value": 1.0}, {"product_id": "20046", "value": 1.0}, {"product_id": "20043", "value": 1.0}, {"product_id": "16089", "value": 1.0}, {"product_id": "18482", "value": 1.0}, {"product_id": "17669", "value": 1.0}, {"product_id": "18483", "value": 1.0}, {"product_id": "17670", "value": 1.0}, {"product_id": "18598", "value": 1.0}, {"product_id": "17667", "value": 1.0}, {"product_id": "18599", "value": 1.0}, {"product_id": "17668", "value": 1.0}, {"product_id": "16088", "value": 1.0}, {"product_id": "17751", "value": 1.0}, {"product_id": "17752", "value": 1.0}, {"product_id": "18485", "value": 1.0}, {"product_id": "17750", "value": 1.0}, {"product_id": "18486", "value": 1.0}, {"product_id": "17749", "value": 1.0}, {"product_id": "18484", "value": 1.0}, {"product_id": "18241", "value": 1.0}, {"product_id": "16093", "value": 1.0}, {"product_id": "17872", "value": 1.0}, {"product_id": "17874", "value": 1.0}, {"product_id": "17871", "value": 1.0}, {"product_id": "17873", "value": 1.0}, {"product_id": "18602", "value": 1.0}, {"product_id": "18601", "value": 1.0}, {"product_id": "18600", "value": 1.0}, {"product_id": "16316", "value": 1.0}, {"product_id": "9945", "value": 1.0}, {"product_id": "9228", "value": 1.0}, {"product_id": "21847", "value": 1.0}, {"product_id": "21848", "value": 1.0}, {"product_id": "21849", "value": 1.0}, {"product_id": "21850", "value": 1.0}, {"product_id": "21851", "value": 1.0}, {"product_id": "21852", "value": 1.0}, {"product_id": "27905", "value": 1.0}, {"product_id": "27903", "value": 1.0}, {"product_id": "27904", "value": 1.0}, {"product_id": "16221", "value": 1.0}, {"product_id": "21855", "value": 1.0}, {"product_id": "21856", "value": 1.0}, {"product_id": "9818", "value": 1.0}, {"product_id": "10929", "value": 1.0}, {"product_id": "8668", "value": 1.0}, {"product_id": "10637", "value": 1.0}, {"product_id": "10682", "value": 1.0}, {"product_id": "9351", "value": 1.0}, {"product_id": "8944", "value": 1.0}, {"product_id": "12260", "value": 1.0}, {"product_id": "11807", "value": 1.0}, {"product_id": "19587", "value": 1.0}, {"product_id": "19548", "value": 1.0}, {"product_id": "19549", "value": 1.0}, {"product_id": "19550", "value": 1.0}, {"product_id": "19551", "value": 1.0}, {"product_id": "12901", "value": 1.0}, {"product_id": "12439", "value": 1.0}, {"product_id": "12890", "value": 1.0}, {"product_id": "12850", "value": 1.0}, {"product_id": "12465", "value": 1.0}, {"product_id": "19553", "value": 1.0}, {"product_id": "12057", "value": 1.0}, {"product_id": "12219", "value": 1.0}, {"product_id": "19585", "value": 1.0}, {"product_id": "19556", "value": 1.0}, {"product_id": "19557", "value": 1.0}, {"product_id": "19555", "value": 1.0}, {"product_id": "12406", "value": 1.0}, {"product_id": "12690", "value": 1.0}, {"product_id": "12427", "value": 1.0}, {"product_id": "19564", "value": 1.0}, {"product_id": "19563", "value": 1.0}, {"product_id": "19560", "value": 1.0}, {"product_id": "19561", "value": 1.0}, {"product_id": "12716", "value": 1.0}, {"product_id": "12332", "value": 1.0}, {"product_id": "12404", "value": 1.0}, {"product_id": "19579", "value": 1.0}, {"product_id": "19574", "value": 1.0}, {"product_id": "11649", "value": 1.0}, {"product_id": "12770", "value": 1.0}, {"product_id": "19578", "value": 1.0}, {"product_id": "19576", "value": 1.0}, {"product_id": "19577", "value": 1.0}, {"product_id": "19583", "value": 1.0}, {"product_id": "19582", "value": 1.0}, {"product_id": "19581", "value": 1.0}, {"product_id": "12597", "value": 1.0}, {"product_id": "11680", "value": 1.0}, {"product_id": "12202", "value": 1.0}, {"product_id": "11657", "value": 1.0}, {"product_id": "11624", "value": 1.0}, {"product_id": "19567", "value": 1.0}, {"product_id": "19566", "value": 1.0}, {"product_id": "19568", "value": 1.0}, {"product_id": "15228", "value": 1.0}, {"product_id": "17151", "value": 1.0}, {"product_id": "17152", "value": 1.0}, {"product_id": "17149", "value": 1.0}, {"product_id": "16143", "value": 1.0}, {"product_id": "7868", "value": 1.0}, {"product_id": "23915", "value": 1.0}, {"product_id": "23914", "value": 1.0}, {"product_id": "23691", "value": 1.0}, {"product_id": "23886", "value": 1.0}, {"product_id": "23985", "value": 1.0}, {"product_id": "23986", "value": 1.0}, {"product_id": "23887", "value": 1.0}, {"product_id": "17184", "value": 1.0}, {"product_id": "17856", "value": 1.0}, {"product_id": "17185", "value": 1.0}, {"product_id": "12094", "value": 1.0}, {"product_id": "12551", "value": 1.0}, {"product_id": "12061", "value": 1.0}, {"product_id": "11623", "value": 1.0}, {"product_id": "11772", "value": 1.0}, {"product_id": "12233", "value": 1.0}, {"product_id": "11859", "value": 1.0}, {"product_id": "12762", "value": 1.0}, {"product_id": "11673", "value": 1.0}, {"product_id": "12661", "value": 1.0}, {"product_id": "12511", "value": 1.0}, {"product_id": "20021", "value": 1.0}, {"product_id": "15850", "value": 1.0}, {"product_id": "15851", "value": 1.0}, {"product_id": "15852", "value": 1.0}, {"product_id": "15853", "value": 1.0}, {"product_id": "15854", "value": 1.0}, {"product_id": "15910", "value": 1.0}, {"product_id": "15911", "value": 1.0}, {"product_id": "15912", "value": 1.0}, {"product_id": "15913", "value": 1.0}, {"product_id": "15914", "value": 1.0}, {"product_id": "15904", "value": 1.0}, {"product_id": "15905", "value": 1.0}, {"product_id": "15906", "value": 1.0}, {"product_id": "15907", "value": 1.0}, {"product_id": "15908", "value": 1.0}, {"product_id": "15874", "value": 1.0}, {"product_id": "15875", "value": 1.0}, {"product_id": "15876", "value": 1.0}, {"product_id": "15877", "value": 1.0}, {"product_id": "15878", "value": 1.0}, {"product_id": "15881", "value": 1.0}, {"product_id": "15882", "value": 1.0}, {"product_id": "15883", "value": 1.0}, {"product_id": "15884", "value": 1.0}, {"product_id": "15885", "value": 1.0}, {"product_id": "12188", "value": 1.0}, {"product_id": "11646", "value": 1.0}, {"product_id": "11959", "value": 1.0}, {"product_id": "11952", "value": 1.0}, {"product_id": "11992", "value": 1.0}, {"product_id": "12584", "value": 1.0}, {"product_id": "12234", "value": 1.0}, {"product_id": "11595", "value": 1.0}, {"product_id": "11839", "value": 1.0}, {"product_id": "11983", "value": 1.0}, {"product_id": "12629", "value": 1.0}, {"product_id": "11810", "value": 1.0}, {"product_id": "11803", "value": 1.0}, {"product_id": "12776", "value": 1.0}, {"product_id": "12587", "value": 1.0}, {"product_id": "12720", "value": 1.0}, {"product_id": "12463", "value": 1.0}, {"product_id": "12122", "value": 1.0}, {"product_id": "12357", "value": 1.0}, {"product_id": "11651", "value": 1.0}, {"product_id": "12451", "value": 1.0}, {"product_id": "12495", "value": 1.0}, {"product_id": "15894", "value": 1.0}, {"product_id": "15895", "value": 1.0}, {"product_id": "15951", "value": 1.0}, {"product_id": "15952", "value": 1.0}, {"product_id": "15953", "value": 1.0}, {"product_id": "15954", "value": 1.0}, {"product_id": "15955", "value": 1.0}, {"product_id": "12786", "value": 1.0}, {"product_id": "12235", "value": 1.0}, {"product_id": "11653", "value": 1.0}, {"product_id": "12088", "value": 1.0}, {"product_id": "11643", "value": 1.0}, {"product_id": "12373", "value": 1.0}, {"product_id": "12718", "value": 1.0}, {"product_id": "12896", "value": 1.0}, {"product_id": "12881", "value": 1.0}, {"product_id": "12360", "value": 1.0}, {"product_id": "12693", "value": 1.0}, {"product_id": "12900", "value": 1.0}, {"product_id": "12218", "value": 1.0}, {"product_id": "12514", "value": 1.0}, {"product_id": "11777", "value": 1.0}, {"product_id": "15869", "value": 1.0}, {"product_id": "15870", "value": 1.0}, {"product_id": "15871", "value": 1.0}, {"product_id": "15872", "value": 1.0}, {"product_id": "12651", "value": 1.0}, {"product_id": "12217", "value": 1.0}, {"product_id": "11791", "value": 1.0}, {"product_id": "12459", "value": 1.0}, {"product_id": "12569", "value": 1.0}, {"product_id": "12161", "value": 1.0}, {"product_id": "12229", "value": 1.0}, {"product_id": "12602", "value": 1.0}, {"product_id": "12132", "value": 1.0}, {"product_id": "12856", "value": 1.0}, {"product_id": "12193", "value": 1.0}, {"product_id": "12816", "value": 1.0}, {"product_id": "11671", "value": 1.0}, {"product_id": "12474", "value": 1.0}, {"product_id": "12768", "value": 1.0}, {"product_id": "11966", "value": 1.0}, {"product_id": "12562", "value": 1.0}, {"product_id": "12153", "value": 1.0}, {"product_id": "12355", "value": 1.0}, {"product_id": "15935", "value": 1.0}, {"product_id": "15936", "value": 1.0}, {"product_id": "15937", "value": 1.0}, {"product_id": "15887", "value": 1.0}, {"product_id": "15888", "value": 1.0}, {"product_id": "15889", "value": 1.0}, {"product_id": "15890", "value": 1.0}, {"product_id": "15891", "value": 1.0}, {"product_id": "11981", "value": 1.0}, {"product_id": "12228", "value": 1.0}, {"product_id": "12873", "value": 1.0}, {"product_id": "12364", "value": 1.0}, {"product_id": "12526", "value": 1.0}, {"product_id": "11778", "value": 1.0}, {"product_id": "12835", "value": 1.0}, {"product_id": "12773", "value": 1.0}, {"product_id": "12194", "value": 1.0}, {"product_id": "11984", "value": 1.0}, {"product_id": "12068", "value": 1.0}, {"product_id": "12554", "value": 1.0}, {"product_id": "12398", "value": 1.0}, {"product_id": "12316", "value": 1.0}, {"product_id": "12221", "value": 1.0}, {"product_id": "12207", "value": 1.0}, {"product_id": "12225", "value": 1.0}, {"product_id": "12065", "value": 1.0}, {"product_id": "12181", "value": 1.0}, {"product_id": "12649", "value": 1.0}, {"product_id": "12254", "value": 1.0}, {"product_id": "16584", "value": 1.0}, {"product_id": "16602", "value": 1.0}, {"product_id": "17196", "value": 1.0}, {"product_id": "16585", "value": 1.0}, {"product_id": "16586", "value": 1.0}, {"product_id": "15931", "value": 1.0}, {"product_id": "15932", "value": 1.0}, {"product_id": "15933", "value": 1.0}, {"product_id": "15856", "value": 1.0}, {"product_id": "15857", "value": 1.0}, {"product_id": "15858", "value": 1.0}, {"product_id": "15859", "value": 1.0}, {"product_id": "15860", "value": 1.0}, {"product_id": "15926", "value": 1.0}, {"product_id": "15927", "value": 1.0}, {"product_id": "15928", "value": 1.0}, {"product_id": "15929", "value": 1.0}, {"product_id": "16577", "value": 1.0}, {"product_id": "16578", "value": 1.0}, {"product_id": "15944", "value": 1.0}, {"product_id": "15945", "value": 1.0}, {"product_id": "15957", "value": 1.0}, {"product_id": "15958", "value": 1.0}, {"product_id": "15959", "value": 1.0}, {"product_id": "15960", "value": 1.0}, {"product_id": "15939", "value": 1.0}, {"product_id": "15940", "value": 1.0}, {"product_id": "15941", "value": 1.0}, {"product_id": "15942", "value": 1.0}, {"product_id": "11639", "value": 1.0}, {"product_id": "12261", "value": 1.0}, {"product_id": "11889", "value": 1.0}, {"product_id": "12396", "value": 1.0}, {"product_id": "12777", "value": 1.0}, {"product_id": "15922", "value": 1.0}, {"product_id": "15923", "value": 1.0}, {"product_id": "15924", "value": 1.0}, {"product_id": "15897", "value": 1.0}, {"product_id": "15898", "value": 1.0}, {"product_id": "15899", "value": 1.0}, {"product_id": "15900", "value": 1.0}, {"product_id": "15901", "value": 1.0}, {"product_id": "15862", "value": 1.0}, {"product_id": "15863", "value": 1.0}, {"product_id": "15864", "value": 1.0}, {"product_id": "15865", "value": 1.0}, {"product_id": "15866", "value": 1.0}, {"product_id": "15947", "value": 1.0}, {"product_id": "15948", "value": 1.0}, {"product_id": "15949", "value": 1.0}, {"product_id": "26059", "value": 1.0}, {"product_id": "26060", "value": 1.0}, {"product_id": "16105", "value": 1.0}, {"product_id": "14255", "value": 1.0}, {"product_id": "14252", "value": 1.0}, {"product_id": "14253", "value": 1.0}, {"product_id": "14257", "value": 1.0}, {"product_id": "14258", "value": 1.0}, {"product_id": "14259", "value": 1.0}, {"product_id": "14281", "value": 1.0}, {"product_id": "14282", "value": 1.0}, {"product_id": "14268", "value": 1.0}, {"product_id": "14269", "value": 1.0}, {"product_id": "14270", "value": 1.0}, {"product_id": "14288", "value": 1.0}, {"product_id": "14289", "value": 1.0}, {"product_id": "14290", "value": 1.0}, {"product_id": "14296", "value": 1.0}, {"product_id": "14297", "value": 1.0}, {"product_id": "14298", "value": 1.0}, {"product_id": "14300", "value": 1.0}, {"product_id": "14301", "value": 1.0}, {"product_id": "14273", "value": 1.0}, {"product_id": "14274", "value": 1.0}, {"product_id": "14315", "value": 1.0}, {"product_id": "14316", "value": 1.0}, {"product_id": "14317", "value": 1.0}, {"product_id": "14261", "value": 1.0}, {"product_id": "14262", "value": 1.0}, {"product_id": "14264", "value": 1.0}, {"product_id": "14265", "value": 1.0}, {"product_id": "14319", "value": 1.0}, {"product_id": "14320", "value": 1.0}, {"product_id": "14321", "value": 1.0}, {"product_id": "14323", "value": 1.0}, {"product_id": "14324", "value": 1.0}, {"product_id": "14325", "value": 1.0}, {"product_id": "14327", "value": 1.0}, {"product_id": "14328", "value": 1.0}, {"product_id": "14330", "value": 1.0}, {"product_id": "14331", "value": 1.0}, {"product_id": "14332", "value": 1.0}, {"product_id": "14284", "value": 1.0}, {"product_id": "14285", "value": 1.0}, {"product_id": "14286", "value": 1.0}, {"product_id": "14292", "value": 1.0}, {"product_id": "14293", "value": 1.0}, {"product_id": "14294", "value": 1.0}, {"product_id": "14303", "value": 1.0}, {"product_id": "14304", "value": 1.0}, {"product_id": "14305", "value": 1.0}, {"product_id": "14276", "value": 1.0}, {"product_id": "14278", "value": 1.0}, {"product_id": "14279", "value": 1.0}, {"product_id": "14312", "value": 1.0}, {"product_id": "14313", "value": 1.0}, {"product_id": "14314", "value": 1.0}, {"product_id": "14337", "value": 1.0}, {"product_id": "14338", "value": 1.0}, {"product_id": "14339", "value": 1.0}, {"product_id": "15563", "value": 1.0}, {"product_id": "15564", "value": 1.0}, {"product_id": "15565", "value": 1.0}, {"product_id": "15566", "value": 1.0}, {"product_id": "15567", "value": 1.0}, {"product_id": "15568", "value": 1.0}, {"product_id": "15569", "value": 1.0}, {"product_id": "15570", "value": 1.0}, {"product_id": "15572", "value": 1.0}, {"product_id": "15573", "value": 1.0}, {"product_id": "15574", "value": 1.0}, {"product_id": "15575", "value": 1.0}, {"product_id": "15576", "value": 1.0}, {"product_id": "15577", "value": 1.0}, {"product_id": "15578", "value": 1.0}, {"product_id": "15579", "value": 1.0}, {"product_id": "16715", "value": 1.0}, {"product_id": "16716", "value": 1.0}, {"product_id": "16717", "value": 1.0}, {"product_id": "16718", "value": 1.0}, {"product_id": "16719", "value": 1.0}, {"product_id": "16720", "value": 1.0}, {"product_id": "16721", "value": 1.0}, {"product_id": "16722", "value": 1.0}, {"product_id": "15581", "value": 1.0}, {"product_id": "15582", "value": 1.0}, {"product_id": "15583", "value": 1.0}, {"product_id": "15584", "value": 1.0}, {"product_id": "15585", "value": 1.0}, {"product_id": "15586", "value": 1.0}, {"product_id": "15587", "value": 1.0}, {"product_id": "15588", "value": 1.0}, {"product_id": "17848", "value": 1.0}, {"product_id": "16379", "value": 1.0}, {"product_id": "16380", "value": 1.0}, {"product_id": "16381", "value": 1.0}, {"product_id": "16382", "value": 1.0}, {"product_id": "16383", "value": 1.0}, {"product_id": "16384", "value": 1.0}, {"product_id": "16385", "value": 1.0}, {"product_id": "16386", "value": 1.0}, {"product_id": "18217", "value": 1.0}, {"product_id": "18218", "value": 1.0}, {"product_id": "18219", "value": 1.0}, {"product_id": "18221", "value": 1.0}, {"product_id": "18222", "value": 1.0}, {"product_id": "18223", "value": 1.0}, {"product_id": "18224", "value": 1.0}, {"product_id": "15545", "value": 1.0}, {"product_id": "15546", "value": 1.0}, {"product_id": "15547", "value": 1.0}, {"product_id": "15548", "value": 1.0}, {"product_id": "15549", "value": 1.0}, {"product_id": "15550", "value": 1.0}, {"product_id": "15551", "value": 1.0}, {"product_id": "15552", "value": 1.0}, {"product_id": "15554", "value": 1.0}, {"product_id": "15555", "value": 1.0}, {"product_id": "15556", "value": 1.0}, {"product_id": "15557", "value": 1.0}, {"product_id": "15558", "value": 1.0}, {"product_id": "15559", "value": 1.0}, {"product_id": "15560", "value": 1.0}, {"product_id": "15561", "value": 1.0}, {"product_id": "10204", "value": 1.0}, {"product_id": "23730", "value": 1.0}, {"product_id": "14460", "value": 1.0}, {"product_id": "14459", "value": 1.0}, {"product_id": "14455", "value": 1.0}, {"product_id": "14461", "value": 1.0}, {"product_id": "14456", "value": 1.0}, {"product_id": "14453", "value": 1.0}, {"product_id": "14458", "value": 1.0}, {"product_id": "14457", "value": 1.0}, {"product_id": "14452", "value": 1.0}, {"product_id": "14454", "value": 1.0}, {"product_id": "10465", "value": 1.0}, {"product_id": "20304", "value": 1.0}, {"product_id": "8562", "value": 1.0}, {"product_id": "18579", "value": 1.0}, {"product_id": "18580", "value": 1.0}, {"product_id": "16972", "value": 1.0}, {"product_id": "16974", "value": 1.0}, {"product_id": "16973", "value": 1.0}, {"product_id": "16970", "value": 1.0}, {"product_id": "16971", "value": 1.0}, {"product_id": "16969", "value": 1.0}, {"product_id": "16968", "value": 1.0}, {"product_id": "18581", "value": 1.0}, {"product_id": "16483", "value": 1.0}, {"product_id": "25037", "value": 1.0}, {"product_id": "8543", "value": 1.0}, {"product_id": "8312", "value": 1.0}, {"product_id": "20210", "value": 1.0}, {"product_id": "8268", "value": 1.0}, {"product_id": "8289", "value": 1.0}, {"product_id": "11012", "value": 1.0}, {"product_id": "20257", "value": 1.0}, {"product_id": "8035", "value": 1.0}, {"product_id": "20258", "value": 1.0}, {"product_id": "8088", "value": 1.0}, {"product_id": "8187", "value": 1.0}, {"product_id": "8151", "value": 1.0}, {"product_id": "8426", "value": 1.0}, {"product_id": "8416", "value": 1.0}, {"product_id": "8299", "value": 1.0}, {"product_id": "8540", "value": 1.0}, {"product_id": "20259", "value": 1.0}, {"product_id": "20435", "value": 1.0}, {"product_id": "20436", "value": 1.0}, {"product_id": "20434", "value": 1.0}, {"product_id": "20437", "value": 1.0}, {"product_id": "20496", "value": 1.0}, {"product_id": "20433", "value": 1.0}, {"product_id": "7991", "value": 1.0}, {"product_id": "7788", "value": 1.0}, {"product_id": "27010", "value": 1.0}, {"product_id": "27009", "value": 1.0}, {"product_id": "20414", "value": 1.0}, {"product_id": "8068", "value": 1.0}, {"product_id": "8671", "value": 1.0}, {"product_id": "10075", "value": 1.0}, {"product_id": "10182", "value": 1.0}, {"product_id": "9118", "value": 1.0}, {"product_id": "9436", "value": 1.0}, {"product_id": "9726", "value": 1.0}, {"product_id": "23197", "value": 1.0}, {"product_id": "16151", "value": 1.0}, {"product_id": "26066", "value": 1.0}, {"product_id": "26872", "value": 1.0}, {"product_id": "9327", "value": 1.0}, {"product_id": "8346", "value": 1.0}, {"product_id": "10652", "value": 1.0}, {"product_id": "26000", "value": 1.0}, {"product_id": "9676", "value": 1.0}, {"product_id": "25999", "value": 1.0}, {"product_id": "20403", "value": 1.0}, {"product_id": "20399", "value": 1.0}, {"product_id": "20039", "value": 1.0}, {"product_id": "16222", "value": 1.0}, {"product_id": "20038", "value": 1.0}, {"product_id": "10213", "value": 1.0}, {"product_id": "9886", "value": 1.0}, {"product_id": "10264", "value": 1.0}, {"product_id": "10797", "value": 1.0}, {"product_id": "8816", "value": 1.0}, {"product_id": "8741", "value": 1.0}, {"product_id": "8928", "value": 1.0}, {"product_id": "9596", "value": 1.0}, {"product_id": "26670", "value": 1.0}, {"product_id": "26570", "value": 1.0}, {"product_id": "19412", "value": 1.0}, {"product_id": "26671", "value": 1.0}, {"product_id": "26672", "value": 1.0}, {"product_id": "26571", "value": 1.0}, {"product_id": "18764", "value": 1.0}, {"product_id": "17123", "value": 1.0}, {"product_id": "18809", "value": 1.0}, {"product_id": "17121", "value": 1.0}, {"product_id": "18756", "value": 1.0}, {"product_id": "18757", "value": 1.0}, {"product_id": "18769", "value": 1.0}, {"product_id": "18758", "value": 1.0}, {"product_id": "18762", "value": 1.0}, {"product_id": "18768", "value": 1.0}, {"product_id": "9556", "value": 1.0}, {"product_id": "9964", "value": 1.0}, {"product_id": "9625", "value": 1.0}, {"product_id": "10389", "value": 1.0}, {"product_id": "18766", "value": 1.0}, {"product_id": "18763", "value": 1.0}, {"product_id": "18765", "value": 1.0}, {"product_id": "18755", "value": 1.0}, {"product_id": "18767", "value": 1.0}, {"product_id": "18884", "value": 1.0}, {"product_id": "18875", "value": 1.0}, {"product_id": "18876", "value": 1.0}, {"product_id": "18877", "value": 1.0}, {"product_id": "18878", "value": 1.0}, {"product_id": "18879", "value": 1.0}, {"product_id": "18880", "value": 1.0}, {"product_id": "18881", "value": 1.0}, {"product_id": "18882", "value": 1.0}, {"product_id": "18883", "value": 1.0}, {"product_id": "18849", "value": 1.0}, {"product_id": "18850", "value": 1.0}, {"product_id": "18851", "value": 1.0}, {"product_id": "18852", "value": 1.0}, {"product_id": "18853", "value": 1.0}, {"product_id": "18854", "value": 1.0}, {"product_id": "18855", "value": 1.0}, {"product_id": "18856", "value": 1.0}, {"product_id": "18857", "value": 1.0}, {"product_id": "18858", "value": 1.0}, {"product_id": "18859", "value": 1.0}, {"product_id": "18860", "value": 1.0}, {"product_id": "18861", "value": 1.0}, {"product_id": "18862", "value": 1.0}, {"product_id": "18863", "value": 1.0}, {"product_id": "18864", "value": 1.0}, {"product_id": "18865", "value": 1.0}, {"product_id": "18866", "value": 1.0}, {"product_id": "18867", "value": 1.0}, {"product_id": "18868", "value": 1.0}, {"product_id": "18869", "value": 1.0}, {"product_id": "18870", "value": 1.0}, {"product_id": "18871", "value": 1.0}, {"product_id": "18872", "value": 1.0}, {"product_id": "18873", "value": 1.0}, {"product_id": "18874", "value": 1.0}, {"product_id": "17127", "value": 1.0}, {"product_id": "17125", "value": 1.0}, {"product_id": "17126", "value": 1.0}, {"product_id": "17124", "value": 1.0}, {"product_id": "17119", "value": 1.0}, {"product_id": "9185", "value": 1.0}, {"product_id": "18807", "value": 1.0}, {"product_id": "17128", "value": 1.0}, {"product_id": "17136", "value": 1.0}, {"product_id": "17138", "value": 1.0}, {"product_id": "17137", "value": 1.0}, {"product_id": "17122", "value": 1.0}, {"product_id": "17120", "value": 1.0}, {"product_id": "18810", "value": 1.0}, {"product_id": "18761", "value": 1.0}, {"product_id": "18752", "value": 1.0}, {"product_id": "18760", "value": 1.0}, {"product_id": "18753", "value": 1.0}, {"product_id": "18770", "value": 1.0}, {"product_id": "18806", "value": 1.0}, {"product_id": "18802", "value": 1.0}, {"product_id": "18803", "value": 1.0}, {"product_id": "18749", "value": 1.0}, {"product_id": "18739", "value": 1.0}, {"product_id": "18801", "value": 1.0}, {"product_id": "18754", "value": 1.0}, {"product_id": "18759", "value": 1.0}, {"product_id": "18748", "value": 1.0}, {"product_id": "18751", "value": 1.0}, {"product_id": "18804", "value": 1.0}, {"product_id": "18811", "value": 1.0}, {"product_id": "18808", "value": 1.0}, {"product_id": "18750", "value": 1.0}, {"product_id": "18805", "value": 1.0}, {"product_id": "17843", "value": 1.0}, {"product_id": "18150", "value": 1.0}, {"product_id": "10906", "value": 1.0}, {"product_id": "9506", "value": 1.0}, {"product_id": "9817", "value": 1.0}, {"product_id": "27276", "value": 1.0}, {"product_id": "27495", "value": 1.0}, {"product_id": "27494", "value": 1.0}, {"product_id": "27493", "value": 1.0}, {"product_id": "27496", "value": 1.0}, {"product_id": "27492", "value": 1.0}, {"product_id": "27497", "value": 1.0}, {"product_id": "27489", "value": 1.0}, {"product_id": "27488", "value": 1.0}, {"product_id": "27487", "value": 1.0}, {"product_id": "27490", "value": 1.0}, {"product_id": "27486", "value": 1.0}, {"product_id": "27491", "value": 1.0}, {"product_id": "12131", "value": 1.0}, {"product_id": "12497", "value": 1.0}, {"product_id": "11622", "value": 1.0}, {"product_id": "12744", "value": 1.0}, {"product_id": "12429", "value": 1.0}, {"product_id": "11755", "value": 1.0}, {"product_id": "17323", "value": 1.0}, {"product_id": "17324", "value": 1.0}, {"product_id": "17325", "value": 1.0}, {"product_id": "17326", "value": 1.0}, {"product_id": "17327", "value": 1.0}, {"product_id": "17328", "value": 1.0}, {"product_id": "17358", "value": 1.0}, {"product_id": "17359", "value": 1.0}, {"product_id": "17360", "value": 1.0}, {"product_id": "17361", "value": 1.0}, {"product_id": "17362", "value": 1.0}, {"product_id": "17363", "value": 1.0}, {"product_id": "12407", "value": 1.0}, {"product_id": "12054", "value": 1.0}, {"product_id": "12006", "value": 1.0}, {"product_id": "12251", "value": 1.0}, {"product_id": "12377", "value": 1.0}, {"product_id": "11702", "value": 1.0}, {"product_id": "12522", "value": 1.0}, {"product_id": "12855", "value": 1.0}, {"product_id": "12539", "value": 1.0}, {"product_id": "12224", "value": 1.0}, {"product_id": "11709", "value": 1.0}, {"product_id": "12811", "value": 1.0}, {"product_id": "11856", "value": 1.0}, {"product_id": "12747", "value": 1.0}, {"product_id": "12205", "value": 1.0}, {"product_id": "12648", "value": 1.0}, {"product_id": "12794", "value": 1.0}, {"product_id": "18185", "value": 1.0}, {"product_id": "18186", "value": 1.0}, {"product_id": "18187", "value": 1.0}, {"product_id": "18188", "value": 1.0}, {"product_id": "18189", "value": 1.0}, {"product_id": "18190", "value": 1.0}, {"product_id": "17282", "value": 1.0}, {"product_id": "17283", "value": 1.0}, {"product_id": "17284", "value": 1.0}, {"product_id": "17285", "value": 1.0}, {"product_id": "17286", "value": 1.0}, {"product_id": "17287", "value": 1.0}, {"product_id": "17759", "value": 1.0}, {"product_id": "17760", "value": 1.0}, {"product_id": "17761", "value": 1.0}, {"product_id": "17762", "value": 1.0}, {"product_id": "17763", "value": 1.0}, {"product_id": "17764", "value": 1.0}, {"product_id": "17820", "value": 1.0}, {"product_id": "17821", "value": 1.0}, {"product_id": "17822", "value": 1.0}, {"product_id": "17823", "value": 1.0}, {"product_id": "17824", "value": 1.0}, {"product_id": "17825", "value": 1.0}, {"product_id": "12286", "value": 1.0}, {"product_id": "12204", "value": 1.0}, {"product_id": "12502", "value": 1.0}, {"product_id": "12007", "value": 1.0}, {"product_id": "12248", "value": 1.0}, {"product_id": "11951", "value": 1.0}, {"product_id": "12240", "value": 1.0}, {"product_id": "11862", "value": 1.0}, {"product_id": "11656", "value": 1.0}, {"product_id": "12600", "value": 1.0}, {"product_id": "12029", "value": 1.0}, {"product_id": "12169", "value": 1.0}, {"product_id": "12056", "value": 1.0}, {"product_id": "11939", "value": 1.0}, {"product_id": "12668", "value": 1.0}]}