{
    "head": {
        "locale": "en-US",
        "shop": "storefront-catalog-en",
        "is_master": true,
        "searchable_attributes": [
            {
                "name": "ean13",
                "path": "$.external_identifiers[?(@.type == 'ean13')].value",
                "weight": 5
            },
            {
                "name": "isbn",
                "path": "$.external_identifiers[?(@.type == 'isbn')].value",
                "weight": 5
            },
            {
                "name": "sku",
                "path": "$.external_identifiers[?(@.type == 'sku')].value",
                "weight": 5
            },
            {
                "name": "upc",
                "path": "$.external_identifiers[?(@.type == 'upc')].value",
                "weight": 5
            },
            {
                "name": "upc_p1",
                "path": "$.external_identifiers[?(@.type == 'upc_p1')].value",
                "weight": 5
            }
        ]
    },
    "items": [
        {
            "brand": "Gentlemen's Hardware",
            "is_searchable": true,
            "is_published": true,
            "show_in_listing": true,
            "product_id": "20025",
            "variant_group_id": "7116172820634",
            "external_identifiers": [
                {
                    "type": "sku",
                    "value": "20025"
                },
                {
                    "type": "shopify_inventory_item_id",
                    "value": "43275402117274"
                },
                {
                    "type": "upc",
                    "value": "5055923781579"
                },
                {
                    "type": "isbn",
                    "value": "5055923781579"
                },
                {
                    "type": "ean13",
                    "value": "5055923781579"
                },
                {
                    "type": "upc_p1",
                    "value": "840214801525"
                }
            ],
            "title": "Karaoke Soap On a Rope",
            "caption": "Karaoke Soap On a Rope",
            "description": "Take your singing in the shower to a whole new level with this microphone-shaped Karaoke Soap on a Rope from Gentlemen's Hardware! Attached to a black cotton rope to aid grip when wet. Oak Moss scent. Vegan Friendly and cruelty-free.",
            "shipping_weight_unit": "lb",
            "shipping_weight_value": 0.35,
            "shipping_dimension_length": 0,
            "shipping_dimension_width": 0,
            "shipping_dimension_height": 0,
            "shipping_dimension_unit": "cm",
            "images": [
                {
                    "url": "https://cdn.shopify.com/s/files/1/0569/0041/9738/products/BMImg_70113_gen557_3.jpg?v=1636209082",
                    "is_main": true,
                    "alt_text": ""
                }
            ],
            "material": "",
            "google_category": "none",
            "categories": [
                {
                    "path": "Adults",
                    "is_main": true
                },
                {
                    "path": "Grown Up Things"
                },
                {
                    "path": "Stocking Stuffers: Grown-Ups"
                }
            ],
            "extended_attributes": [
                {
                    "name": "tags",
                    "value": "Online store"
                },
                {
                    "name": "product_created_at",
                    "value": "2021-10-29T05:36:12-04:00"
                },
                {
                    "name": "variant_created_at",
                    "value": "2021-10-29T05:36:12-04:00"
                },
                {
                    "name": "product_updated_at",
                    "value": "2021-11-15T12:44:50-05:00"
                },
                {
                    "name": "variant_updated_at",
                    "value": "2021-11-14T00:42:17-05:00"
                },
                {
                    "name": "product_handle",
                    "value": "gentlemens-hardware-karaoke-soap-on-a-roap"
                },
                {
                    "name": "product_published_at",
                    "value": "2021-11-08T12:18:53-05:00"
                },
                {
                    "name": "product_published_scope",
                    "value": "web"
                },
                {
                    "name": "fulfillment_service",
                    "value": "manual"
                },
                {
                    "name": "inventory_item_id",
                    "value": "43275402117274"
                },
                {
                    "name": "inventory_management",
                    "value": "shopify"
                },
                {
                    "name": "inventory_policy",
                    "value": "deny"
                },
                {
                    "name": "shopify_variant_id",
                    "value": "41176804819098"
                },
                {
                    "name": "is_inventory",
                    "value": "True"
                }
            ],
            "keywords": [
                "Online store"
            ],
            "tax_class_id": "PH405370",
            "manufacturer": "",
            "variation_color_value": "",
            "variation_size_value": ""
        }
    ]
}
