{
    "head": {
        "locale": "en-us",
        "shop": "storefront-catalog-en",
        "is_master": true
    },
    "items": [
        {
            "is_searchable": true,
            "is_published": true,
            "show_in_listing": false,
            "is_active": true,
            "product_id": "PGC",
            "variant_group_id":"5500000-000",
            "brand": "Cos Bar",
            "title": "Cos Bar Physical Gift Card",
            "caption": "Cos Bar Physical Gift Card",
            "description": "Physical Gift Card for online and store purchases",
            "keywords": [],
            "shipping_weight_unit": "lb",
            "shipping_weight_value": 0,
            "tax_class_id":"PG050000",
            "images": [
                {
                    "url": "https://cosbar-x-0-newstore-dmz.s3.amazonaws.com/CosBar_Logo.jpg",
                    "is_main": true                
                }
            ],
            "external_identifiers": [
                {
                    "type": "sku",
                    "value": "PGC"
                },
                {
					"type": "upc",
					"value": "PGC"
				}
				
            ],
            "extended_attributes": [
                {
                    "name": "is_hazmat",
                    "value": "False"
                },
                {
                    "name": "is_cbd",
                    "value": "False"
                },
                {
                    "name": "is_gwp",
                    "value": "False"
                },
                {
                    "name": "product_created_at",
                    "value": "2023-05-30T14:37:35-04:00"
                },
                {
                    "name": "variant_created_at",
                    "value": "2023-05-30T14:37:35-04:00"
                },
                {
                    "name": "product_updated_at",
                    "value": "2023-05-30T14:37:35-04:00"
                },
                {
                    "name": "variant_updated_at",
                    "value": "2023-05-30T14:37:35-04:00"
                },
                {
                    "name": "product_handle",
                    "value": "gift-card"
                },
                {
                    "name": "product_published_at",
                    "value": "2023-05-30T14:37:35-04:00"
                },
                {
                    "name": "fulfillment_service",
                    "value": "manual"
                },
                {
                    "name": "inventory_policy",
                    "value": "deny"
                },
                {
                    "name": "pricebooks",
                    "value": "pgc-25,pgc-50,pgc-75,pgc-100,pgc-150,pgc-200,pgc-250,pgc-300,pgc-400,pgc-500,pgc-1000"
                },
                {
                    "name": "published_scope",
                    "value": "global"
                }
            ]
        }
    ]
}