{"head": {"store_mapping": [{"store_id": null, "fulfillment_node_id": "virtual_DC"}], "mode": "atp"}, "items": [{"product_id": "21057", "quantity": 1000, "fulfillment_node_id": "virtual_DC"}, {"product_id": "21938", "quantity": 1000, "fulfillment_node_id": "virtual_DC"}, {"product_id": "13911", "quantity": 1000, "fulfillment_node_id": "virtual_DC"}, {"product_id": "21939", "quantity": 1000, "fulfillment_node_id": "virtual_DC"}, {"product_id": "21941", "quantity": 1000, "fulfillment_node_id": "virtual_DC"}, {"product_id": "14581", "quantity": 1000, "fulfillment_node_id": "virtual_DC"}, {"product_id": "13916", "quantity": 1000, "fulfillment_node_id": "virtual_DC"}, {"product_id": "14579", "quantity": 1000, "fulfillment_node_id": "virtual_DC"}, {"product_id": "13917", "quantity": 1000, "fulfillment_node_id": "virtual_DC"}, {"product_id": "21063", "quantity": 1000, "fulfillment_node_id": "virtual_DC"}, {"product_id": "13915", "quantity": 1000, "fulfillment_node_id": "virtual_DC"}, {"product_id": "13912", "quantity": 1000, "fulfillment_node_id": "virtual_DC"}, {"product_id": "18233", "quantity": 1000, "fulfillment_node_id": "virtual_DC"}, {"product_id": "14582", "quantity": 1000, "fulfillment_node_id": "virtual_DC"}, {"product_id": "19593", "quantity": 1000, "fulfillment_node_id": "virtual_DC"}, {"product_id": "21940", "quantity": 1000, "fulfillment_node_id": "virtual_DC"}, {"product_id": "21943", "quantity": 1000, "fulfillment_node_id": "virtual_DC"}, {"product_id": "13910", "quantity": 1000, "fulfillment_node_id": "virtual_DC"}, {"product_id": "14580", "quantity": 1000, "fulfillment_node_id": "virtual_DC"}, {"product_id": "13913", "quantity": 1000, "fulfillment_node_id": "virtual_DC"}, {"product_id": "21942", "quantity": 1000, "fulfillment_node_id": "virtual_DC"}, {"product_id": "14573", "quantity": 1000, "fulfillment_node_id": "virtual_DC"}, {"product_id": "14576", "quantity": 1000, "fulfillment_node_id": "virtual_DC"}, {"product_id": "14578", "quantity": 1000, "fulfillment_node_id": "virtual_DC"}, {"product_id": "14572", "quantity": 1000, "fulfillment_node_id": "virtual_DC"}, {"product_id": "14574", "quantity": 1000, "fulfillment_node_id": "virtual_DC"}, {"product_id": "18398", "quantity": 1000, "fulfillment_node_id": "virtual_DC"}, {"product_id": "21945", "quantity": 1000, "fulfillment_node_id": "virtual_DC"}, {"product_id": "14587", "quantity": 1000, "fulfillment_node_id": "virtual_DC"}, {"product_id": "14575", "quantity": 1000, "fulfillment_node_id": "virtual_DC"}, {"product_id": "14584", "quantity": 1000, "fulfillment_node_id": "virtual_DC"}, {"product_id": "21065", "quantity": 1000, "fulfillment_node_id": "virtual_DC"}, {"product_id": "21066", "quantity": 1000, "fulfillment_node_id": "virtual_DC"}, {"product_id": "21067", "quantity": 1000, "fulfillment_node_id": "virtual_DC"}, {"product_id": "14577", "quantity": 1000, "fulfillment_node_id": "virtual_DC"}, {"product_id": "14583", "quantity": 1000, "fulfillment_node_id": "virtual_DC"}, {"product_id": "21064", "quantity": 1000, "fulfillment_node_id": "virtual_DC"}, {"product_id": "14588", "quantity": 1000, "fulfillment_node_id": "virtual_DC"}, {"product_id": "19709", "quantity": 1000, "fulfillment_node_id": "virtual_DC"}, {"product_id": "21944", "quantity": 1000, "fulfillment_node_id": "virtual_DC"}, {"product_id": "14585", "quantity": 1000, "fulfillment_node_id": "virtual_DC"}, {"product_id": "21068", "quantity": 1000, "fulfillment_node_id": "virtual_DC"}, {"product_id": "21952", "quantity": 1000, "fulfillment_node_id": "virtual_DC"}, {"product_id": "21946", "quantity": 1000, "fulfillment_node_id": "virtual_DC"}, {"product_id": "21949", "quantity": 1000, "fulfillment_node_id": "virtual_DC"}, {"product_id": "21954", "quantity": 1000, "fulfillment_node_id": "virtual_DC"}, {"product_id": "21073", "quantity": 1000, "fulfillment_node_id": "virtual_DC"}, {"product_id": "21950", "quantity": 1000, "fulfillment_node_id": "virtual_DC"}, {"product_id": "21071", "quantity": 1000, "fulfillment_node_id": "virtual_DC"}, {"product_id": "21072", "quantity": 1000, "fulfillment_node_id": "virtual_DC"}, {"product_id": "21074", "quantity": 1000, "fulfillment_node_id": "virtual_DC"}, {"product_id": "16504", "quantity": 1000, "fulfillment_node_id": "virtual_DC"}, {"product_id": "21069", "quantity": 1000, "fulfillment_node_id": "virtual_DC"}, {"product_id": "21075", "quantity": 1000, "fulfillment_node_id": "virtual_DC"}, {"product_id": "21070", "quantity": 1000, "fulfillment_node_id": "virtual_DC"}, {"product_id": "21947", "quantity": 1000, "fulfillment_node_id": "virtual_DC"}, {"product_id": "21948", "quantity": 1000, "fulfillment_node_id": "virtual_DC"}, {"product_id": "21953", "quantity": 1000, "fulfillment_node_id": "virtual_DC"}, {"product_id": "21077", "quantity": 1000, "fulfillment_node_id": "virtual_DC"}, {"product_id": "21951", "quantity": 1000, "fulfillment_node_id": "virtual_DC"}, {"product_id": "21076", "quantity": 1000, "fulfillment_node_id": "virtual_DC"}, {"product_id": "17880", "quantity": 1000, "fulfillment_node_id": "virtual_DC"}, {"product_id": "21958", "quantity": 1000, "fulfillment_node_id": "virtual_DC"}, {"product_id": "27914", "quantity": 1000, "fulfillment_node_id": "virtual_DC"}, {"product_id": "13870", "quantity": 1000, "fulfillment_node_id": "virtual_DC"}, {"product_id": "9", "quantity": 1000, "fulfillment_node_id": "virtual_DC"}, {"product_id": "21083", "quantity": 1000, "fulfillment_node_id": "virtual_DC"}, {"product_id": "21078", "quantity": 1000, "fulfillment_node_id": "virtual_DC"}, {"product_id": "21082", "quantity": 1000, "fulfillment_node_id": "virtual_DC"}, {"product_id": "21081", "quantity": 1000, "fulfillment_node_id": "virtual_DC"}, {"product_id": "21084", "quantity": 1000, "fulfillment_node_id": "virtual_DC"}, {"product_id": "27913", "quantity": 1000, "fulfillment_node_id": "virtual_DC"}, {"product_id": "22057", "quantity": 1000, "fulfillment_node_id": "virtual_DC"}, {"product_id": "22058", "quantity": 1000, "fulfillment_node_id": "virtual_DC"}, {"product_id": "21959", "quantity": 1000, "fulfillment_node_id": "virtual_DC"}, {"product_id": "21955", "quantity": 1000, "fulfillment_node_id": "virtual_DC"}, {"product_id": "21079", "quantity": 1000, "fulfillment_node_id": "virtual_DC"}, {"product_id": "21957", "quantity": 1000, "fulfillment_node_id": "virtual_DC"}, {"product_id": "21080", "quantity": 1000, "fulfillment_node_id": "virtual_DC"}, {"product_id": "27008", "quantity": 1000, "fulfillment_node_id": "virtual_DC"}, {"product_id": "21956", "quantity": 1000, "fulfillment_node_id": "virtual_DC"}, {"product_id": "27916", "quantity": 1000, "fulfillment_node_id": "virtual_DC"}, {"product_id": "21091", "quantity": 1000, "fulfillment_node_id": "virtual_DC"}, {"product_id": "21092", "quantity": 1000, "fulfillment_node_id": "virtual_DC"}, {"product_id": "21090", "quantity": 1000, "fulfillment_node_id": "virtual_DC"}, {"product_id": "21960", "quantity": 1000, "fulfillment_node_id": "virtual_DC"}, {"product_id": "21961", "quantity": 1000, "fulfillment_node_id": "virtual_DC"}, {"product_id": "21094", "quantity": 1000, "fulfillment_node_id": "virtual_DC"}, {"product_id": "21086", "quantity": 1000, "fulfillment_node_id": "virtual_DC"}, {"product_id": "27033", "quantity": 1000, "fulfillment_node_id": "virtual_DC"}, {"product_id": "21963", "quantity": 1000, "fulfillment_node_id": "virtual_DC"}, {"product_id": "21088", "quantity": 1000, "fulfillment_node_id": "virtual_DC"}, {"product_id": "21962", "quantity": 1000, "fulfillment_node_id": "virtual_DC"}, {"product_id": "21089", "quantity": 1000, "fulfillment_node_id": "virtual_DC"}, {"product_id": "21093", "quantity": 1000, "fulfillment_node_id": "virtual_DC"}, {"product_id": "27007", "quantity": 1000, "fulfillment_node_id": "virtual_DC"}, {"product_id": "27915", "quantity": 1000, "fulfillment_node_id": "virtual_DC"}, {"product_id": "13871", "quantity": 1000, "fulfillment_node_id": "virtual_DC"}, {"product_id": "20353", "quantity": 1000, "fulfillment_node_id": "virtual_DC"}, {"product_id": "21085", "quantity": 1000, "fulfillment_node_id": "virtual_DC"}, {"product_id": "21087", "quantity": 1000, "fulfillment_node_id": "virtual_DC"}, {"product_id": "13872", "quantity": 1000, "fulfillment_node_id": "virtual_DC"}, {"product_id": "21966", "quantity": 1000, "fulfillment_node_id": "virtual_DC"}, {"product_id": "21102", "quantity": 1000, "fulfillment_node_id": "virtual_DC"}, {"product_id": "21109", "quantity": 1000, "fulfillment_node_id": "virtual_DC"}, {"product_id": "21095", "quantity": 1000, "fulfillment_node_id": "virtual_DC"}, {"product_id": "21101", "quantity": 1000, "fulfillment_node_id": "virtual_DC"}, {"product_id": "21106", "quantity": 1000, "fulfillment_node_id": "virtual_DC"}, {"product_id": "21103", "quantity": 1000, "fulfillment_node_id": "virtual_DC"}, {"product_id": "21107", "quantity": 1000, "fulfillment_node_id": "virtual_DC"}, {"product_id": "21104", "quantity": 1000, "fulfillment_node_id": "virtual_DC"}, {"product_id": "21740", "quantity": 1000, "fulfillment_node_id": "virtual_DC"}, {"product_id": "21965", "quantity": 1000, "fulfillment_node_id": "virtual_DC"}, {"product_id": "21100", "quantity": 1000, "fulfillment_node_id": "virtual_DC"}, {"product_id": "21105", "quantity": 1000, "fulfillment_node_id": "virtual_DC"}, {"product_id": "21108", "quantity": 1000, "fulfillment_node_id": "virtual_DC"}, {"product_id": "21097", "quantity": 1000, "fulfillment_node_id": "virtual_DC"}, {"product_id": "21099", "quantity": 1000, "fulfillment_node_id": "virtual_DC"}, {"product_id": "21096", "quantity": 1000, "fulfillment_node_id": "virtual_DC"}, {"product_id": "21967", "quantity": 1000, "fulfillment_node_id": "virtual_DC"}, {"product_id": "21098", "quantity": 1000, "fulfillment_node_id": "virtual_DC"}, {"product_id": "21112", "quantity": 1000, "fulfillment_node_id": "virtual_DC"}, {"product_id": "18369", "quantity": 1000, "fulfillment_node_id": "virtual_DC"}, {"product_id": "21968", "quantity": 1000, "fulfillment_node_id": "virtual_DC"}, {"product_id": "21973", "quantity": 1000, "fulfillment_node_id": "virtual_DC"}, {"product_id": "21972", "quantity": 1000, "fulfillment_node_id": "virtual_DC"}, {"product_id": "21971", "quantity": 1000, "fulfillment_node_id": "virtual_DC"}, {"product_id": "21114", "quantity": 1000, "fulfillment_node_id": "virtual_DC"}, {"product_id": "25652", "quantity": 1000, "fulfillment_node_id": "virtual_DC"}, {"product_id": "21975", "quantity": 1000, "fulfillment_node_id": "virtual_DC"}, {"product_id": "21976", "quantity": 1000, "fulfillment_node_id": "virtual_DC"}, {"product_id": "21113", "quantity": 1000, "fulfillment_node_id": "virtual_DC"}, {"product_id": "21110", "quantity": 1000, "fulfillment_node_id": "virtual_DC"}, {"product_id": "21969", "quantity": 1000, "fulfillment_node_id": "virtual_DC"}, {"product_id": "21974", "quantity": 1000, "fulfillment_node_id": "virtual_DC"}, {"product_id": "18367", "quantity": 1000, "fulfillment_node_id": "virtual_DC"}, {"product_id": "21111", "quantity": 1000, "fulfillment_node_id": "virtual_DC"}, {"product_id": "21116", "quantity": 1000, "fulfillment_node_id": "virtual_DC"}, {"product_id": "21970", "quantity": 1000, "fulfillment_node_id": "virtual_DC"}, {"product_id": "18368", "quantity": 1000, "fulfillment_node_id": "virtual_DC"}, {"product_id": "21115", "quantity": 1000, "fulfillment_node_id": "virtual_DC"}, {"product_id": "21122", "quantity": 1000, "fulfillment_node_id": "virtual_DC"}, {"product_id": "21118", "quantity": 1000, "fulfillment_node_id": "virtual_DC"}, {"product_id": "21117", "quantity": 1000, "fulfillment_node_id": "virtual_DC"}, {"product_id": "21124", "quantity": 1000, "fulfillment_node_id": "virtual_DC"}, {"product_id": "21121", "quantity": 1000, "fulfillment_node_id": "virtual_DC"}, {"product_id": "21119", "quantity": 1000, "fulfillment_node_id": "virtual_DC"}, {"product_id": "21128", "quantity": 1000, "fulfillment_node_id": "virtual_DC"}, {"product_id": "21979", "quantity": 1000, "fulfillment_node_id": "virtual_DC"}, {"product_id": "21123", "quantity": 1000, "fulfillment_node_id": "virtual_DC"}, {"product_id": "21087", "quantity": 1000, "fulfillment_node_id": "virtual_DC"}, {"product_id": "13872", "quantity": 1000, "fulfillment_node_id": "virtual_DC"}, {"product_id": "21966", "quantity": 1000, "fulfillment_node_id": "virtual_DC"}, {"product_id": "21102", "quantity": 1000, "fulfillment_node_id": "virtual_DC"}, {"product_id": "21109", "quantity": 1000, "fulfillment_node_id": "virtual_DC"}, {"product_id": "21095", "quantity": 1000, "fulfillment_node_id": "virtual_DC"}, {"product_id": "21101", "quantity": 1000, "fulfillment_node_id": "virtual_DC"}, {"product_id": "21106", "quantity": 1000, "fulfillment_node_id": "virtual_DC"}, {"product_id": "21103", "quantity": 1000, "fulfillment_node_id": "virtual_DC"}, {"product_id": "21107", "quantity": 1000, "fulfillment_node_id": "virtual_DC"}, {"product_id": "21104", "quantity": 1000, "fulfillment_node_id": "virtual_DC"}, {"product_id": "21740", "quantity": 1000, "fulfillment_node_id": "virtual_DC"}, {"product_id": "21965", "quantity": 1000, "fulfillment_node_id": "virtual_DC"}, {"product_id": "21100", "quantity": 1000, "fulfillment_node_id": "virtual_DC"}, {"product_id": "21105", "quantity": 1000, "fulfillment_node_id": "virtual_DC"}, {"product_id": "21108", "quantity": 1000, "fulfillment_node_id": "virtual_DC"}, {"product_id": "21097", "quantity": 1000, "fulfillment_node_id": "virtual_DC"}, {"product_id": "21099", "quantity": 1000, "fulfillment_node_id": "virtual_DC"}, {"product_id": "21096", "quantity": 1000, "fulfillment_node_id": "virtual_DC"}, {"product_id": "21967", "quantity": 1000, "fulfillment_node_id": "virtual_DC"}, {"product_id": "21098", "quantity": 1000, "fulfillment_node_id": "virtual_DC"}, {"product_id": "21112", "quantity": 1000, "fulfillment_node_id": "virtual_DC"}, {"product_id": "18369", "quantity": 1000, "fulfillment_node_id": "virtual_DC"}, {"product_id": "21968", "quantity": 1000, "fulfillment_node_id": "virtual_DC"}, {"product_id": "21973", "quantity": 1000, "fulfillment_node_id": "virtual_DC"}, {"product_id": "21972", "quantity": 1000, "fulfillment_node_id": "virtual_DC"}, {"product_id": "21971", "quantity": 1000, "fulfillment_node_id": "virtual_DC"}, {"product_id": "21114", "quantity": 1000, "fulfillment_node_id": "virtual_DC"}, {"product_id": "25652", "quantity": 1000, "fulfillment_node_id": "virtual_DC"}, {"product_id": "21975", "quantity": 1000, "fulfillment_node_id": "virtual_DC"}, {"product_id": "21976", "quantity": 1000, "fulfillment_node_id": "virtual_DC"}, {"product_id": "21113", "quantity": 1000, "fulfillment_node_id": "virtual_DC"}, {"product_id": "21110", "quantity": 1000, "fulfillment_node_id": "virtual_DC"}, {"product_id": "21969", "quantity": 1000, "fulfillment_node_id": "virtual_DC"}, {"product_id": "21974", "quantity": 1000, "fulfillment_node_id": "virtual_DC"}, {"product_id": "18367", "quantity": 1000, "fulfillment_node_id": "virtual_DC"}, {"product_id": "21111", "quantity": 1000, "fulfillment_node_id": "virtual_DC"}, {"product_id": "21116", "quantity": 1000, "fulfillment_node_id": "virtual_DC"}, {"product_id": "21970", "quantity": 1000, "fulfillment_node_id": "virtual_DC"}, {"product_id": "18368", "quantity": 1000, "fulfillment_node_id": "virtual_DC"}, {"product_id": "21115", "quantity": 1000, "fulfillment_node_id": "virtual_DC"}, {"product_id": "21122", "quantity": 1000, "fulfillment_node_id": "virtual_DC"}, {"product_id": "21118", "quantity": 1000, "fulfillment_node_id": "virtual_DC"}, {"product_id": "21117", "quantity": 1000, "fulfillment_node_id": "virtual_DC"}, {"product_id": "21124", "quantity": 1000, "fulfillment_node_id": "virtual_DC"}, {"product_id": "21121", "quantity": 1000, "fulfillment_node_id": "virtual_DC"}, {"product_id": "21119", "quantity": 1000, "fulfillment_node_id": "virtual_DC"}, {"product_id": "21128", "quantity": 1000, "fulfillment_node_id": "virtual_DC"}, {"product_id": "21979", "quantity": 1000, "fulfillment_node_id": "virtual_DC"}, {"product_id": "21123", "quantity": 1000, "fulfillment_node_id": "virtual_DC"}]}