{"head": {"pricebook": "default", "shop": "storefront-catalog-en", "currency": "USD"}, "items": [{"product_id": "21087", "value": 1.0}, {"product_id": "13872", "value": 1.0}, {"product_id": "21966", "value": 1.0}, {"product_id": "21102", "value": 1.0}, {"product_id": "21109", "value": 1.0}, {"product_id": "21095", "value": 1.0}, {"product_id": "21101", "value": 1.0}, {"product_id": "21106", "value": 1.0}, {"product_id": "21103", "value": 1.0}, {"product_id": "21107", "value": 1.0}, {"product_id": "21104", "value": 1.0}, {"product_id": "21740", "value": 1.0}, {"product_id": "21965", "value": 1.0}, {"product_id": "21100", "value": 1.0}, {"product_id": "21105", "value": 1.0}, {"product_id": "21108", "value": 1.0}, {"product_id": "21097", "value": 1.0}, {"product_id": "21099", "value": 1.0}, {"product_id": "21096", "value": 1.0}, {"product_id": "21967", "value": 1.0}, {"product_id": "21098", "value": 1.0}, {"product_id": "21112", "value": 1.0}, {"product_id": "18369", "value": 1.0}, {"product_id": "21968", "value": 1.0}, {"product_id": "21973", "value": 1.0}, {"product_id": "21972", "value": 1.0}, {"product_id": "21971", "value": 1.0}, {"product_id": "21114", "value": 1.0}, {"product_id": "25652", "value": 1.0}, {"product_id": "21975", "value": 1.0}, {"product_id": "21976", "value": 1.0}, {"product_id": "21113", "value": 1.0}, {"product_id": "21110", "value": 1.0}, {"product_id": "21969", "value": 1.0}, {"product_id": "21974", "value": 1.0}, {"product_id": "18367", "value": 1.0}, {"product_id": "21111", "value": 1.0}, {"product_id": "21116", "value": 1.0}, {"product_id": "21970", "value": 1.0}, {"product_id": "18368", "value": 1.0}, {"product_id": "21115", "value": 1.0}, {"product_id": "21122", "value": 1.0}, {"product_id": "21118", "value": 1.0}, {"product_id": "21117", "value": 1.0}, {"product_id": "21124", "value": 1.0}, {"product_id": "21121", "value": 1.0}, {"product_id": "21119", "value": 1.0}, {"product_id": "21128", "value": 1.0}, {"product_id": "21979", "value": 1.0}, {"product_id": "21123", "value": 1.0}, {"product_id": "21087", "value": 1.0}, {"product_id": "13872", "value": 1.0}, {"product_id": "21966", "value": 1.0}, {"product_id": "21102", "value": 1.0}, {"product_id": "21109", "value": 1.0}, {"product_id": "21095", "value": 1.0}, {"product_id": "21101", "value": 1.0}, {"product_id": "21106", "value": 1.0}, {"product_id": "21103", "value": 1.0}, {"product_id": "21107", "value": 1.0}, {"product_id": "21104", "value": 1.0}, {"product_id": "21740", "value": 1.0}, {"product_id": "21965", "value": 1.0}, {"product_id": "21100", "value": 1.0}, {"product_id": "21105", "value": 1.0}, {"product_id": "21108", "value": 1.0}, {"product_id": "21097", "value": 1.0}, {"product_id": "21099", "value": 1.0}, {"product_id": "21096", "value": 1.0}, {"product_id": "21967", "value": 1.0}, {"product_id": "21098", "value": 1.0}, {"product_id": "21112", "value": 1.0}, {"product_id": "18369", "value": 1.0}, {"product_id": "21968", "value": 1.0}, {"product_id": "21973", "value": 1.0}, {"product_id": "21972", "value": 1.0}, {"product_id": "21971", "value": 1.0}, {"product_id": "21114", "value": 1.0}, {"product_id": "25652", "value": 1.0}, {"product_id": "21975", "value": 1.0}, {"product_id": "21976", "value": 1.0}, {"product_id": "21113", "value": 1.0}, {"product_id": "21110", "value": 1.0}, {"product_id": "21969", "value": 1.0}, {"product_id": "21974", "value": 1.0}, {"product_id": "18367", "value": 1.0}, {"product_id": "21111", "value": 1.0}, {"product_id": "21116", "value": 1.0}, {"product_id": "21970", "value": 1.0}, {"product_id": "18368", "value": 1.0}, {"product_id": "21115", "value": 1.0}, {"product_id": "21122", "value": 1.0}, {"product_id": "21118", "value": 1.0}, {"product_id": "21117", "value": 1.0}, {"product_id": "21124", "value": 1.0}, {"product_id": "21121", "value": 1.0}, {"product_id": "21119", "value": 1.0}, {"product_id": "21128", "value": 1.0}, {"product_id": "21979", "value": 1.0}, {"product_id": "21123", "value": 1.0}, {"product_id": "21087", "value": 1.0}, {"product_id": "13872", "value": 1.0}, {"product_id": "21966", "value": 1.0}, {"product_id": "21102", "value": 1.0}, {"product_id": "21109", "value": 1.0}, {"product_id": "21095", "value": 1.0}, {"product_id": "21101", "value": 1.0}, {"product_id": "21106", "value": 1.0}, {"product_id": "21103", "value": 1.0}, {"product_id": "21107", "value": 1.0}, {"product_id": "21104", "value": 1.0}, {"product_id": "21740", "value": 1.0}, {"product_id": "21965", "value": 1.0}, {"product_id": "21100", "value": 1.0}, {"product_id": "21105", "value": 1.0}, {"product_id": "21108", "value": 1.0}, {"product_id": "21097", "value": 1.0}, {"product_id": "21099", "value": 1.0}, {"product_id": "21096", "value": 1.0}, {"product_id": "21967", "value": 1.0}, {"product_id": "21098", "value": 1.0}, {"product_id": "21112", "value": 1.0}, {"product_id": "18369", "value": 1.0}, {"product_id": "21968", "value": 1.0}, {"product_id": "21973", "value": 1.0}, {"product_id": "21972", "value": 1.0}, {"product_id": "21971", "value": 1.0}, {"product_id": "21114", "value": 1.0}, {"product_id": "25652", "value": 1.0}, {"product_id": "21975", "value": 1.0}, {"product_id": "21976", "value": 1.0}, {"product_id": "21113", "value": 1.0}, {"product_id": "21110", "value": 1.0}, {"product_id": "21969", "value": 1.0}, {"product_id": "21974", "value": 1.0}, {"product_id": "18367", "value": 1.0}, {"product_id": "21111", "value": 1.0}, {"product_id": "21116", "value": 1.0}, {"product_id": "21970", "value": 1.0}, {"product_id": "18368", "value": 1.0}, {"product_id": "21115", "value": 1.0}, {"product_id": "21122", "value": 1.0}, {"product_id": "21118", "value": 1.0}, {"product_id": "21117", "value": 1.0}, {"product_id": "21124", "value": 1.0}, {"product_id": "21121", "value": 1.0}, {"product_id": "21119", "value": 1.0}, {"product_id": "21128", "value": 1.0}, {"product_id": "21979", "value": 1.0}, {"product_id": "21123", "value": 1.0}, {"product_id": "21087", "value": 1.0}, {"product_id": "13872", "value": 1.0}, {"product_id": "21966", "value": 1.0}, {"product_id": "21102", "value": 1.0}, {"product_id": "21109", "value": 1.0}, {"product_id": "21095", "value": 1.0}, {"product_id": "21101", "value": 1.0}, {"product_id": "21106", "value": 1.0}, {"product_id": "21103", "value": 1.0}, {"product_id": "21107", "value": 1.0}, {"product_id": "21104", "value": 1.0}, {"product_id": "21740", "value": 1.0}, {"product_id": "21965", "value": 1.0}, {"product_id": "21100", "value": 1.0}, {"product_id": "21105", "value": 1.0}, {"product_id": "21108", "value": 1.0}, {"product_id": "21097", "value": 1.0}, {"product_id": "21099", "value": 1.0}, {"product_id": "21096", "value": 1.0}, {"product_id": "21967", "value": 1.0}, {"product_id": "21098", "value": 1.0}, {"product_id": "21112", "value": 1.0}, {"product_id": "18369", "value": 1.0}, {"product_id": "21968", "value": 1.0}, {"product_id": "21973", "value": 1.0}, {"product_id": "21972", "value": 1.0}, {"product_id": "21971", "value": 1.0}, {"product_id": "21114", "value": 1.0}, {"product_id": "25652", "value": 1.0}, {"product_id": "21975", "value": 1.0}, {"product_id": "21976", "value": 1.0}, {"product_id": "21113", "value": 1.0}, {"product_id": "21110", "value": 1.0}, {"product_id": "21969", "value": 1.0}, {"product_id": "21974", "value": 1.0}, {"product_id": "18367", "value": 1.0}, {"product_id": "21111", "value": 1.0}, {"product_id": "21116", "value": 1.0}, {"product_id": "21970", "value": 1.0}, {"product_id": "18368", "value": 1.0}, {"product_id": "21115", "value": 1.0}, {"product_id": "21122", "value": 1.0}, {"product_id": "21118", "value": 1.0}, {"product_id": "21117", "value": 1.0}, {"product_id": "21124", "value": 1.0}, {"product_id": "21121", "value": 1.0}, {"product_id": "21119", "value": 1.0}, {"product_id": "21128", "value": 1.0}, {"product_id": "21979", "value": 1.0}, {"product_id": "21123", "value": 1.0}]}