{"head": {"pricebook": "default", "shop": "storefront-catalog-en", "currency": "USD"}, "items": [{"product_id": "21057", "value": 1.0}, {"product_id": "21938", "value": 1.0}, {"product_id": "13911", "value": 1.0}, {"product_id": "21939", "value": 1.0}, {"product_id": "21941", "value": 1.0}, {"product_id": "14581", "value": 1.0}, {"product_id": "13916", "value": 1.0}, {"product_id": "14579", "value": 1.0}, {"product_id": "13917", "value": 1.0}, {"product_id": "21063", "value": 1.0}, {"product_id": "13915", "value": 1.0}, {"product_id": "13912", "value": 1.0}, {"product_id": "18233", "value": 1.0}, {"product_id": "14582", "value": 1.0}, {"product_id": "19593", "value": 1.0}, {"product_id": "21940", "value": 1.0}, {"product_id": "21943", "value": 1.0}, {"product_id": "13910", "value": 1.0}, {"product_id": "14580", "value": 1.0}, {"product_id": "13913", "value": 1.0}, {"product_id": "21942", "value": 1.0}, {"product_id": "14573", "value": 1.0}, {"product_id": "14576", "value": 1.0}, {"product_id": "14578", "value": 1.0}, {"product_id": "14572", "value": 1.0}, {"product_id": "14574", "value": 1.0}, {"product_id": "18398", "value": 1.0}, {"product_id": "21945", "value": 1.0}, {"product_id": "14587", "value": 1.0}, {"product_id": "14575", "value": 1.0}, {"product_id": "14584", "value": 1.0}, {"product_id": "21065", "value": 1.0}, {"product_id": "21066", "value": 1.0}, {"product_id": "21067", "value": 1.0}, {"product_id": "14577", "value": 1.0}, {"product_id": "14583", "value": 1.0}, {"product_id": "21064", "value": 1.0}, {"product_id": "14588", "value": 1.0}, {"product_id": "19709", "value": 1.0}, {"product_id": "21944", "value": 1.0}, {"product_id": "14585", "value": 1.0}, {"product_id": "21068", "value": 1.0}, {"product_id": "21952", "value": 1.0}, {"product_id": "21946", "value": 1.0}, {"product_id": "21949", "value": 1.0}, {"product_id": "21954", "value": 1.0}, {"product_id": "21073", "value": 1.0}, {"product_id": "21950", "value": 1.0}, {"product_id": "21071", "value": 1.0}, {"product_id": "21072", "value": 1.0}, {"product_id": "21074", "value": 1.0}, {"product_id": "16504", "value": 1.0}, {"product_id": "21069", "value": 1.0}, {"product_id": "21075", "value": 1.0}, {"product_id": "21070", "value": 1.0}, {"product_id": "21947", "value": 1.0}, {"product_id": "21948", "value": 1.0}, {"product_id": "21953", "value": 1.0}, {"product_id": "21077", "value": 1.0}, {"product_id": "21951", "value": 1.0}, {"product_id": "21076", "value": 1.0}, {"product_id": "17880", "value": 1.0}, {"product_id": "21958", "value": 1.0}, {"product_id": "27914", "value": 1.0}, {"product_id": "13870", "value": 1.0}, {"product_id": "9", "value": 1.0}, {"product_id": "21083", "value": 1.0}, {"product_id": "21078", "value": 1.0}, {"product_id": "21082", "value": 1.0}, {"product_id": "21081", "value": 1.0}, {"product_id": "21084", "value": 1.0}, {"product_id": "27913", "value": 1.0}, {"product_id": "22057", "value": 1.0}, {"product_id": "22058", "value": 1.0}, {"product_id": "21959", "value": 1.0}, {"product_id": "21955", "value": 1.0}, {"product_id": "21079", "value": 1.0}, {"product_id": "21957", "value": 1.0}, {"product_id": "21080", "value": 1.0}, {"product_id": "27008", "value": 1.0}, {"product_id": "21956", "value": 1.0}, {"product_id": "27916", "value": 1.0}, {"product_id": "21091", "value": 1.0}, {"product_id": "21092", "value": 1.0}, {"product_id": "21090", "value": 1.0}, {"product_id": "21960", "value": 1.0}, {"product_id": "21961", "value": 1.0}, {"product_id": "21094", "value": 1.0}, {"product_id": "21086", "value": 1.0}, {"product_id": "27033", "value": 1.0}, {"product_id": "21963", "value": 1.0}, {"product_id": "21088", "value": 1.0}, {"product_id": "21962", "value": 1.0}, {"product_id": "21089", "value": 1.0}, {"product_id": "21093", "value": 1.0}, {"product_id": "27007", "value": 1.0}, {"product_id": "27915", "value": 1.0}, {"product_id": "13871", "value": 1.0}, {"product_id": "20353", "value": 1.0}, {"product_id": "21085", "value": 1.0}, {"product_id": "21087", "value": 1.0}, {"product_id": "13872", "value": 1.0}, {"product_id": "21966", "value": 1.0}, {"product_id": "21102", "value": 1.0}, {"product_id": "21109", "value": 1.0}, {"product_id": "21095", "value": 1.0}, {"product_id": "21101", "value": 1.0}, {"product_id": "21106", "value": 1.0}, {"product_id": "21103", "value": 1.0}, {"product_id": "21107", "value": 1.0}, {"product_id": "21104", "value": 1.0}, {"product_id": "21740", "value": 1.0}, {"product_id": "21965", "value": 1.0}, {"product_id": "21100", "value": 1.0}, {"product_id": "21105", "value": 1.0}, {"product_id": "21108", "value": 1.0}, {"product_id": "21097", "value": 1.0}, {"product_id": "21099", "value": 1.0}, {"product_id": "21096", "value": 1.0}, {"product_id": "21967", "value": 1.0}, {"product_id": "21098", "value": 1.0}, {"product_id": "21112", "value": 1.0}, {"product_id": "18369", "value": 1.0}, {"product_id": "21968", "value": 1.0}, {"product_id": "21973", "value": 1.0}, {"product_id": "21972", "value": 1.0}, {"product_id": "21971", "value": 1.0}, {"product_id": "21114", "value": 1.0}, {"product_id": "25652", "value": 1.0}, {"product_id": "21975", "value": 1.0}, {"product_id": "21976", "value": 1.0}, {"product_id": "21113", "value": 1.0}, {"product_id": "21110", "value": 1.0}, {"product_id": "21969", "value": 1.0}, {"product_id": "21974", "value": 1.0}, {"product_id": "18367", "value": 1.0}, {"product_id": "21111", "value": 1.0}, {"product_id": "21116", "value": 1.0}, {"product_id": "21970", "value": 1.0}, {"product_id": "18368", "value": 1.0}, {"product_id": "21115", "value": 1.0}, {"product_id": "21122", "value": 1.0}, {"product_id": "21118", "value": 1.0}, {"product_id": "21117", "value": 1.0}, {"product_id": "21124", "value": 1.0}, {"product_id": "21121", "value": 1.0}, {"product_id": "21119", "value": 1.0}, {"product_id": "21128", "value": 1.0}, {"product_id": "21979", "value": 1.0}, {"product_id": "21123", "value": 1.0}, {"product_id": "21087", "value": 1.0}, {"product_id": "13872", "value": 1.0}, {"product_id": "21966", "value": 1.0}, {"product_id": "21102", "value": 1.0}, {"product_id": "21109", "value": 1.0}, {"product_id": "21095", "value": 1.0}, {"product_id": "21101", "value": 1.0}, {"product_id": "21106", "value": 1.0}, {"product_id": "21103", "value": 1.0}, {"product_id": "21107", "value": 1.0}, {"product_id": "21104", "value": 1.0}, {"product_id": "21740", "value": 1.0}, {"product_id": "21965", "value": 1.0}, {"product_id": "21100", "value": 1.0}, {"product_id": "21105", "value": 1.0}, {"product_id": "21108", "value": 1.0}, {"product_id": "21097", "value": 1.0}, {"product_id": "21099", "value": 1.0}, {"product_id": "21096", "value": 1.0}, {"product_id": "21967", "value": 1.0}, {"product_id": "21098", "value": 1.0}, {"product_id": "21112", "value": 1.0}, {"product_id": "18369", "value": 1.0}, {"product_id": "21968", "value": 1.0}, {"product_id": "21973", "value": 1.0}, {"product_id": "21972", "value": 1.0}, {"product_id": "21971", "value": 1.0}, {"product_id": "21114", "value": 1.0}, {"product_id": "25652", "value": 1.0}, {"product_id": "21975", "value": 1.0}, {"product_id": "21976", "value": 1.0}, {"product_id": "21113", "value": 1.0}, {"product_id": "21110", "value": 1.0}, {"product_id": "21969", "value": 1.0}, {"product_id": "21974", "value": 1.0}, {"product_id": "18367", "value": 1.0}, {"product_id": "21111", "value": 1.0}, {"product_id": "21116", "value": 1.0}, {"product_id": "21970", "value": 1.0}, {"product_id": "18368", "value": 1.0}, {"product_id": "21115", "value": 1.0}, {"product_id": "21122", "value": 1.0}, {"product_id": "21118", "value": 1.0}, {"product_id": "21117", "value": 1.0}, {"product_id": "21124", "value": 1.0}, {"product_id": "21121", "value": 1.0}, {"product_id": "21119", "value": 1.0}, {"product_id": "21128", "value": 1.0}, {"product_id": "21979", "value": 1.0}, {"product_id": "21123", "value": 1.0}]}