{
    "head": {
        "locale": "en-CA",
        "catalog": "storefront-catalog-ol",
        "is_master": true
    },
    "items": [
        {
            "shipping_weight_unit": "lb",
            "is_searchable": true,
            "is_available": true,
            "keywords": [
                "gift-card"
            ],
            "show_in_listing": false,
            "extended_attributes": [
                { 
                    "name": "pricebooks",
                    "value": "pgc-25,pgc-35,pgc-50,pgc-75,pgc-100,pgc-150,pgc-200,pgc-250,pgc-300,pgc-350,pgc-400,pgc-450,pgc-500"
                },
                {
                    "name": "handle",
                    "value": "newstore-gift-card"
                },
                {
                    "name": "published_scope",
                    "value": "global"
                },
                {
                    "name": "fulfillment_service",
                    "value": "manual"
                },
                {
                    "name": "inventory_policy",
                    "value": "deny"
                },
                {
                    "name": "IsServiceItem",
                    "value": "true"
                }
            ],
            "title": "Physical Gift Card",
            "shipping_weight_value": 0.00,
            "tax_class_id": "PG050000",
            "categories": [
                {
                    "path": "All"
                },
                {
                    "path": "All > Gift Card",
                    "is_main": true
                }
            ],
            "shipping_dimension_height": 0.00,
            "description": "Physical gift card for store purchases",
            "brand": "",
            "material": "",
            "shipping_dimension_length": 0.00,
            "variation_color_value": "",
            "google_category": "none",
            "shipping_dimension_width": 0.00,
            "manufacturer": null,
            "shipping_dimension_unit": "cm",
            "product_id": "703060340832",
            "variant_group_id": "703060340832",
            "external_identifiers": [
                {
                    "type": "sku",
                    "value": "703060340832"
                }
            ],
            "caption": "703060340832",
            "variation_additional_1_value": "Custom",
            "variation_additional_1_name": "fit",
            "variation_size_value": "Custom"
        }
    ]
}
