{"head": {"pricebook": "default", "shop": "storefront-catalog-en", "currency": "USD"}, "items": [{"product_id": "15316", "value": 1.0}, {"product_id": "15317", "value": 1.0}, {"product_id": "15968", "value": 1.0}, {"product_id": "15962", "value": 1.0}, {"product_id": "15963", "value": 1.0}, {"product_id": "15964", "value": 1.0}, {"product_id": "15965", "value": 1.0}, {"product_id": "15966", "value": 1.0}, {"product_id": "15967", "value": 1.0}, {"product_id": "16036", "value": 1.0}, {"product_id": "16037", "value": 1.0}, {"product_id": "16038", "value": 1.0}, {"product_id": "16039", "value": 1.0}, {"product_id": "16040", "value": 1.0}, {"product_id": "16048", "value": 1.0}, {"product_id": "16049", "value": 1.0}, {"product_id": "16050", "value": 1.0}, {"product_id": "16051", "value": 1.0}, {"product_id": "7456", "value": 1.0}, {"product_id": "11356", "value": 1.0}, {"product_id": "11357", "value": 1.0}, {"product_id": "11355", "value": 1.0}, {"product_id": "11502", "value": 1.0}, {"product_id": "11531", "value": 1.0}, {"product_id": "11396", "value": 1.0}, {"product_id": "11528", "value": 1.0}, {"product_id": "11403", "value": 1.0}, {"product_id": "11358", "value": 1.0}, {"product_id": "11517", "value": 1.0}, {"product_id": "11457", "value": 1.0}, {"product_id": "11389", "value": 1.0}, {"product_id": "11520", "value": 1.0}, {"product_id": "11522", "value": 1.0}, {"product_id": "11424", "value": 1.0}, {"product_id": "11349", "value": 1.0}, {"product_id": "11344", "value": 1.0}, {"product_id": "12109", "value": 1.0}, {"product_id": "12253", "value": 1.0}, {"product_id": "12263", "value": 1.0}, {"product_id": "12283", "value": 1.0}, {"product_id": "12541", "value": 1.0}, {"product_id": "12350", "value": 1.0}, {"product_id": "12695", "value": 1.0}, {"product_id": "12813", "value": 1.0}, {"product_id": "12664", "value": 1.0}, {"product_id": "12546", "value": 1.0}, {"product_id": "12618", "value": 1.0}, {"product_id": "12681", "value": 1.0}, {"product_id": "12840", "value": 1.0}, {"product_id": "12739", "value": 1.0}, {"product_id": "12804", "value": 1.0}, {"product_id": "12810", "value": 1.0}, {"product_id": "12830", "value": 1.0}, {"product_id": "14047", "value": 1.0}, {"product_id": "14048", "value": 1.0}, {"product_id": "14053", "value": 1.0}, {"product_id": "14054", "value": 1.0}, {"product_id": "14244", "value": 1.0}, {"product_id": "14245", "value": 1.0}, {"product_id": "14246", "value": 1.0}, {"product_id": "14247", "value": 1.0}, {"product_id": "14248", "value": 1.0}, {"product_id": "14249", "value": 1.0}, {"product_id": "14250", "value": 1.0}, {"product_id": "14351", "value": 1.0}, {"product_id": "14352", "value": 1.0}, {"product_id": "14353", "value": 1.0}, {"product_id": "14354", "value": 1.0}, {"product_id": "14355", "value": 1.0}, {"product_id": "14356", "value": 1.0}, {"product_id": "14357", "value": 1.0}, {"product_id": "11931", "value": 1.0}, {"product_id": "12671", "value": 1.0}, {"product_id": "11944", "value": 1.0}, {"product_id": "12684", "value": 1.0}, {"product_id": "12766", "value": 1.0}, {"product_id": "12113", "value": 1.0}, {"product_id": "11974", "value": 1.0}, {"product_id": "11706", "value": 1.0}, {"product_id": "12724", "value": 1.0}, {"product_id": "11993", "value": 1.0}, {"product_id": "11781", "value": 1.0}, {"product_id": "11596", "value": 1.0}, {"product_id": "12571", "value": 1.0}, {"product_id": "12819", "value": 1.0}, {"product_id": "11979", "value": 1.0}, {"product_id": "11930", "value": 1.0}, {"product_id": "12034", "value": 1.0}, {"product_id": "12635", "value": 1.0}, {"product_id": "11597", "value": 1.0}, {"product_id": "11801", "value": 1.0}, {"product_id": "11641", "value": 1.0}, {"product_id": "12437", "value": 1.0}, {"product_id": "12131", "value": 1.0}, {"product_id": "12497", "value": 1.0}, {"product_id": "11622", "value": 1.0}, {"product_id": "12744", "value": 1.0}, {"product_id": "12429", "value": 1.0}, {"product_id": "11755", "value": 1.0}, {"product_id": "17552", "value": 1.0}, {"product_id": "17551", "value": 1.0}, {"product_id": "12073", "value": 1.0}, {"product_id": "12340", "value": 1.0}, {"product_id": "15084", "value": 1.0}, {"product_id": "11645", "value": 1.0}, {"product_id": "11887", "value": 1.0}, {"product_id": "18457", "value": 1.0}, {"product_id": "17456", "value": 1.0}, {"product_id": "18442", "value": 1.0}, {"product_id": "18282", "value": 1.0}, {"product_id": "12286", "value": 1.0}, {"product_id": "12204", "value": 1.0}, {"product_id": "12502", "value": 1.0}, {"product_id": "12007", "value": 1.0}, {"product_id": "12248", "value": 1.0}, {"product_id": "11951", "value": 1.0}, {"product_id": "12240", "value": 1.0}, {"product_id": "11862", "value": 1.0}, {"product_id": "11656", "value": 1.0}, {"product_id": "12600", "value": 1.0}, {"product_id": "12029", "value": 1.0}, {"product_id": "12169", "value": 1.0}, {"product_id": "12056", "value": 1.0}, {"product_id": "11939", "value": 1.0}, {"product_id": "12668", "value": 1.0}, {"product_id": "11667", "value": 1.0}, {"product_id": "12323", "value": 1.0}, {"product_id": "11990", "value": 1.0}, {"product_id": "12504", "value": 1.0}, {"product_id": "12138", "value": 1.0}, {"product_id": "12236", "value": 1.0}, {"product_id": "11837", "value": 1.0}, {"product_id": "12798", "value": 1.0}, {"product_id": "12069", "value": 1.0}, {"product_id": "11672", "value": 1.0}, {"product_id": "12764", "value": 1.0}, {"product_id": "12828", "value": 1.0}, {"product_id": "12111", "value": 1.0}, {"product_id": "12485", "value": 1.0}, {"product_id": "12842", "value": 1.0}, {"product_id": "11677", "value": 1.0}, {"product_id": "12471", "value": 1.0}, {"product_id": "11750", "value": 1.0}, {"product_id": "12062", "value": 1.0}, {"product_id": "11812", "value": 1.0}, {"product_id": "12513", "value": 1.0}, {"product_id": "12779", "value": 1.0}, {"product_id": "11724", "value": 1.0}, {"product_id": "18450", "value": 1.0}, {"product_id": "18449", "value": 1.0}, {"product_id": "18448", "value": 1.0}, {"product_id": "17554", "value": 1.0}, {"product_id": "12300", "value": 1.0}, {"product_id": "11740", "value": 1.0}, {"product_id": "12379", "value": 1.0}, {"product_id": "12267", "value": 1.0}, {"product_id": "11762", "value": 1.0}, {"product_id": "11870", "value": 1.0}, {"product_id": "12167", "value": 1.0}, {"product_id": "11876", "value": 1.0}, {"product_id": "12342", "value": 1.0}, {"product_id": "11936", "value": 1.0}, {"product_id": "11804", "value": 1.0}, {"product_id": "12763", "value": 1.0}, {"product_id": "12013", "value": 1.0}, {"product_id": "12262", "value": 1.0}, {"product_id": "12243", "value": 1.0}, {"product_id": "12636", "value": 1.0}, {"product_id": "12170", "value": 1.0}, {"product_id": "12472", "value": 1.0}, {"product_id": "11835", "value": 1.0}, {"product_id": "12515", "value": 1.0}, {"product_id": "12811", "value": 1.0}, {"product_id": "11856", "value": 1.0}, {"product_id": "12747", "value": 1.0}, {"product_id": "12205", "value": 1.0}, {"product_id": "12648", "value": 1.0}, {"product_id": "12794", "value": 1.0}, {"product_id": "12407", "value": 1.0}, {"product_id": "12054", "value": 1.0}, {"product_id": "12006", "value": 1.0}, {"product_id": "12251", "value": 1.0}, {"product_id": "12377", "value": 1.0}, {"product_id": "12893", "value": 1.0}, {"product_id": "12060", "value": 1.0}, {"product_id": "12338", "value": 1.0}, {"product_id": "12438", "value": 1.0}, {"product_id": "12273", "value": 1.0}, {"product_id": "18443", "value": 1.0}, {"product_id": "12433", "value": 1.0}, {"product_id": "12894", "value": 1.0}, {"product_id": "14237", "value": 1.0}, {"product_id": "14238", "value": 1.0}, {"product_id": "14239", "value": 1.0}, {"product_id": "14240", "value": 1.0}, {"product_id": "14241", "value": 1.0}, {"product_id": "14242", "value": 1.0}, {"product_id": "14230", "value": 1.0}, {"product_id": "14231", "value": 1.0}, {"product_id": "14232", "value": 1.0}, {"product_id": "14233", "value": 1.0}]}