{"head": {"pricebook": "default", "shop": "storefront-catalog-en", "currency": "USD"}, "items": [{"product_id": "18120", "value": 1.0}, {"product_id": "18121", "value": 1.0}, {"product_id": "18122", "value": 1.0}, {"product_id": "18123", "value": 1.0}, {"product_id": "18124", "value": 1.0}, {"product_id": "18125", "value": 1.0}, {"product_id": "18126", "value": 1.0}, {"product_id": "17827", "value": 1.0}, {"product_id": "17828", "value": 1.0}, {"product_id": "17829", "value": 1.0}, {"product_id": "17830", "value": 1.0}, {"product_id": "17831", "value": 1.0}, {"product_id": "17832", "value": 1.0}, {"product_id": "17833", "value": 1.0}, {"product_id": "18191", "value": 1.0}, {"product_id": "18192", "value": 1.0}, {"product_id": "18193", "value": 1.0}, {"product_id": "18194", "value": 1.0}, {"product_id": "18195", "value": 1.0}, {"product_id": "18196", "value": 1.0}, {"product_id": "18197", "value": 1.0}, {"product_id": "18198", "value": 1.0}, {"product_id": "18199", "value": 1.0}, {"product_id": "18200", "value": 1.0}, {"product_id": "18201", "value": 1.0}, {"product_id": "18202", "value": 1.0}, {"product_id": "18203", "value": 1.0}, {"product_id": "18204", "value": 1.0}, {"product_id": "18152", "value": 1.0}, {"product_id": "18153", "value": 1.0}, {"product_id": "18154", "value": 1.0}, {"product_id": "18155", "value": 1.0}, {"product_id": "18156", "value": 1.0}, {"product_id": "18174", "value": 1.0}, {"product_id": "18244", "value": 1.0}, {"product_id": "18245", "value": 1.0}, {"product_id": "18246", "value": 1.0}, {"product_id": "18247", "value": 1.0}, {"product_id": "18248", "value": 1.0}, {"product_id": "18249", "value": 1.0}, {"product_id": "18250", "value": 1.0}, {"product_id": "18285", "value": 1.0}, {"product_id": "18297", "value": 1.0}, {"product_id": "18300", "value": 1.0}, {"product_id": "18305", "value": 1.0}, {"product_id": "18304", "value": 1.0}, {"product_id": "18303", "value": 1.0}, {"product_id": "18309", "value": 1.0}, {"product_id": "18310", "value": 1.0}, {"product_id": "18313", "value": 1.0}, {"product_id": "18314", "value": 1.0}, {"product_id": "18317", "value": 1.0}, {"product_id": "18318", "value": 1.0}, {"product_id": "18316", "value": 1.0}, {"product_id": "18412", "value": 1.0}, {"product_id": "18411", "value": 1.0}, {"product_id": "18410", "value": 1.0}, {"product_id": "18423", "value": 1.0}, {"product_id": "18424", "value": 1.0}, {"product_id": "18292", "value": 1.0}, {"product_id": "18294", "value": 1.0}, {"product_id": "18293", "value": 1.0}, {"product_id": "18295", "value": 1.0}, {"product_id": "18429", "value": 1.0}, {"product_id": "18430", "value": 1.0}, {"product_id": "18436", "value": 1.0}, {"product_id": "18438", "value": 1.0}, {"product_id": "18437", "value": 1.0}, {"product_id": "18564", "value": 1.0}, {"product_id": "18562", "value": 1.0}, {"product_id": "18561", "value": 1.0}, {"product_id": "18565", "value": 1.0}, {"product_id": "18563", "value": 1.0}, {"product_id": "18648", "value": 1.0}, {"product_id": "18649", "value": 1.0}, {"product_id": "18650", "value": 1.0}, {"product_id": "18651", "value": 1.0}, {"product_id": "18652", "value": 1.0}, {"product_id": "18653", "value": 1.0}, {"product_id": "18775", "value": 1.0}, {"product_id": "18778", "value": 1.0}, {"product_id": "18777", "value": 1.0}, {"product_id": "18776", "value": 1.0}, {"product_id": "19456", "value": 1.0}, {"product_id": "19457", "value": 1.0}, {"product_id": "18780", "value": 1.0}, {"product_id": "18781", "value": 1.0}, {"product_id": "18782", "value": 1.0}, {"product_id": "18783", "value": 1.0}, {"product_id": "18784", "value": 1.0}, {"product_id": "18785", "value": 1.0}, {"product_id": "19760", "value": 1.0}, {"product_id": "19761", "value": 1.0}, {"product_id": "19424", "value": 1.0}, {"product_id": "19425", "value": 1.0}, {"product_id": "19426", "value": 1.0}, {"product_id": "19428", "value": 1.0}, {"product_id": "19429", "value": 1.0}, {"product_id": "19430", "value": 1.0}, {"product_id": "19431", "value": 1.0}, {"product_id": "19432", "value": 1.0}, {"product_id": "19433", "value": 1.0}, {"product_id": "19435", "value": 1.0}, {"product_id": "19436", "value": 1.0}, {"product_id": "19437", "value": 1.0}, {"product_id": "19438", "value": 1.0}, {"product_id": "19439", "value": 1.0}, {"product_id": "19441", "value": 1.0}, {"product_id": "19442", "value": 1.0}, {"product_id": "19444", "value": 1.0}, {"product_id": "19445", "value": 1.0}, {"product_id": "19446", "value": 1.0}, {"product_id": "19447", "value": 1.0}, {"product_id": "19448", "value": 1.0}, {"product_id": "19449", "value": 1.0}, {"product_id": "19450", "value": 1.0}, {"product_id": "19452", "value": 1.0}, {"product_id": "19453", "value": 1.0}, {"product_id": "19454", "value": 1.0}, {"product_id": "19484", "value": 1.0}, {"product_id": "19589", "value": 1.0}, {"product_id": "19590", "value": 1.0}, {"product_id": "19475", "value": 1.0}, {"product_id": "19476", "value": 1.0}, {"product_id": "19477", "value": 1.0}, {"product_id": "19479", "value": 1.0}, {"product_id": "19480", "value": 1.0}, {"product_id": "19481", "value": 1.0}, {"product_id": "19482", "value": 1.0}, {"product_id": "19485", "value": 1.0}, {"product_id": "19483", "value": 1.0}, {"product_id": "19490", "value": 1.0}, {"product_id": "19489", "value": 1.0}, {"product_id": "19488", "value": 1.0}, {"product_id": "19497", "value": 1.0}, {"product_id": "19498", "value": 1.0}, {"product_id": "19499", "value": 1.0}, {"product_id": "19500", "value": 1.0}, {"product_id": "19501", "value": 1.0}, {"product_id": "19502", "value": 1.0}, {"product_id": "19504", "value": 1.0}, {"product_id": "19505", "value": 1.0}, {"product_id": "19506", "value": 1.0}, {"product_id": "19507", "value": 1.0}, {"product_id": "19508", "value": 1.0}, {"product_id": "19510", "value": 1.0}, {"product_id": "19511", "value": 1.0}, {"product_id": "19512", "value": 1.0}, {"product_id": "19513", "value": 1.0}, {"product_id": "19520", "value": 1.0}, {"product_id": "19514", "value": 1.0}, {"product_id": "19705", "value": 1.0}, {"product_id": "19703", "value": 1.0}, {"product_id": "19704", "value": 1.0}, {"product_id": "19938", "value": 1.0}, {"product_id": "19939", "value": 1.0}, {"product_id": "19941", "value": 1.0}, {"product_id": "19942", "value": 1.0}, {"product_id": "19950", "value": 1.0}, {"product_id": "19951", "value": 1.0}, {"product_id": "19953", "value": 1.0}, {"product_id": "19954", "value": 1.0}, {"product_id": "19932", "value": 1.0}, {"product_id": "19933", "value": 1.0}, {"product_id": "19935", "value": 1.0}, {"product_id": "19936", "value": 1.0}, {"product_id": "19944", "value": 1.0}, {"product_id": "19945", "value": 1.0}, {"product_id": "19947", "value": 1.0}, {"product_id": "19948", "value": 1.0}, {"product_id": "19956", "value": 1.0}, {"product_id": "19957", "value": 1.0}, {"product_id": "19959", "value": 1.0}, {"product_id": "19960", "value": 1.0}, {"product_id": "20330", "value": 1.0}, {"product_id": "20331", "value": 1.0}, {"product_id": "20332", "value": 1.0}, {"product_id": "20333", "value": 1.0}, {"product_id": "20626", "value": 1.0}, {"product_id": "22347", "value": 1.0}, {"product_id": "22348", "value": 1.0}, {"product_id": "22349", "value": 1.0}, {"product_id": "22350", "value": 1.0}, {"product_id": "22351", "value": 1.0}, {"product_id": "22564", "value": 1.0}, {"product_id": "22565", "value": 1.0}, {"product_id": "22561", "value": 1.0}, {"product_id": "22562", "value": 1.0}, {"product_id": "22563", "value": 1.0}, {"product_id": "22662", "value": 1.0}, {"product_id": "22663", "value": 1.0}, {"product_id": "22664", "value": 1.0}, {"product_id": "22665", "value": 1.0}, {"product_id": "22666", "value": 1.0}, {"product_id": "22668", "value": 1.0}, {"product_id": "22669", "value": 1.0}, {"product_id": "22670", "value": 1.0}, {"product_id": "22671", "value": 1.0}, {"product_id": "22672", "value": 1.0}, {"product_id": "22675", "value": 1.0}, {"product_id": "22676", "value": 1.0}]}