{"head": {"store_mapping": [{"store_id": null, "fulfillment_node_id": "virtual_DC"}], "mode": "atp"}, "items": [{"product_id": "21151", "quantity": 1000, "fulfillment_node_id": "virtual_DC"}, {"product_id": "21155", "quantity": 1000, "fulfillment_node_id": "virtual_DC"}, {"product_id": "21153", "quantity": 1000, "fulfillment_node_id": "virtual_DC"}, {"product_id": "21150", "quantity": 1000, "fulfillment_node_id": "virtual_DC"}, {"product_id": "21154", "quantity": 1000, "fulfillment_node_id": "virtual_DC"}, {"product_id": "13873", "quantity": 1000, "fulfillment_node_id": "virtual_DC"}, {"product_id": "16952", "quantity": 1000, "fulfillment_node_id": "virtual_DC"}, {"product_id": "21147", "quantity": 1000, "fulfillment_node_id": "virtual_DC"}, {"product_id": "21152", "quantity": 1000, "fulfillment_node_id": "virtual_DC"}, {"product_id": "21148", "quantity": 1000, "fulfillment_node_id": "virtual_DC"}, {"product_id": "21145", "quantity": 1000, "fulfillment_node_id": "virtual_DC"}, {"product_id": "21149", "quantity": 1000, "fulfillment_node_id": "virtual_DC"}, {"product_id": "21488", "quantity": 1000, "fulfillment_node_id": "virtual_DC"}, {"product_id": "21481", "quantity": 1000, "fulfillment_node_id": "virtual_DC"}, {"product_id": "18256", "quantity": 1000, "fulfillment_node_id": "virtual_DC"}, {"product_id": "21475", "quantity": 1000, "fulfillment_node_id": "virtual_DC"}, {"product_id": "21160", "quantity": 1000, "fulfillment_node_id": "virtual_DC"}, {"product_id": "21162", "quantity": 1000, "fulfillment_node_id": "virtual_DC"}, {"product_id": "21157", "quantity": 1000, "fulfillment_node_id": "virtual_DC"}, {"product_id": "21166", "quantity": 1000, "fulfillment_node_id": "virtual_DC"}, {"product_id": "21170", "quantity": 1000, "fulfillment_node_id": "virtual_DC"}, {"product_id": "21168", "quantity": 1000, "fulfillment_node_id": "virtual_DC"}, {"product_id": "21171", "quantity": 1000, "fulfillment_node_id": "virtual_DC"}, {"product_id": "21169", "quantity": 1000, "fulfillment_node_id": "virtual_DC"}, {"product_id": "21163", "quantity": 1000, "fulfillment_node_id": "virtual_DC"}, {"product_id": "21156", "quantity": 1000, "fulfillment_node_id": "virtual_DC"}, {"product_id": "25044", "quantity": 1000, "fulfillment_node_id": "virtual_DC"}, {"product_id": "21161", "quantity": 1000, "fulfillment_node_id": "virtual_DC"}, {"product_id": "21159", "quantity": 1000, "fulfillment_node_id": "virtual_DC"}, {"product_id": "21158", "quantity": 1000, "fulfillment_node_id": "virtual_DC"}, {"product_id": "21734", "quantity": 1000, "fulfillment_node_id": "virtual_DC"}, {"product_id": "21164", "quantity": 1000, "fulfillment_node_id": "virtual_DC"}, {"product_id": "21733", "quantity": 1000, "fulfillment_node_id": "virtual_DC"}, {"product_id": "21165", "quantity": 1000, "fulfillment_node_id": "virtual_DC"}, {"product_id": "21167", "quantity": 1000, "fulfillment_node_id": "virtual_DC"}, {"product_id": "21480", "quantity": 1000, "fulfillment_node_id": "virtual_DC"}, {"product_id": "26037", "quantity": 1000, "fulfillment_node_id": "virtual_DC"}, {"product_id": "21174", "quantity": 1000, "fulfillment_node_id": "virtual_DC"}, {"product_id": "21173", "quantity": 1000, "fulfillment_node_id": "virtual_DC"}, {"product_id": "26034", "quantity": 1000, "fulfillment_node_id": "virtual_DC"}, {"product_id": "26039", "quantity": 1000, "fulfillment_node_id": "virtual_DC"}, {"product_id": "26038", "quantity": 1000, "fulfillment_node_id": "virtual_DC"}, {"product_id": "21175", "quantity": 1000, "fulfillment_node_id": "virtual_DC"}, {"product_id": "26040", "quantity": 1000, "fulfillment_node_id": "virtual_DC"}, {"product_id": "21172", "quantity": 1000, "fulfillment_node_id": "virtual_DC"}, {"product_id": "26027", "quantity": 1000, "fulfillment_node_id": "virtual_DC"}, {"product_id": "26035", "quantity": 1000, "fulfillment_node_id": "virtual_DC"}, {"product_id": "26029", "quantity": 1000, "fulfillment_node_id": "virtual_DC"}, {"product_id": "26041", "quantity": 1000, "fulfillment_node_id": "virtual_DC"}, {"product_id": "27044", "quantity": 1000, "fulfillment_node_id": "virtual_DC"}, {"product_id": "21492", "quantity": 1000, "fulfillment_node_id": "virtual_DC"}, {"product_id": "21494", "quantity": 1000, "fulfillment_node_id": "virtual_DC"}, {"product_id": "21498", "quantity": 1000, "fulfillment_node_id": "virtual_DC"}, {"product_id": "16954", "quantity": 1000, "fulfillment_node_id": "virtual_DC"}, {"product_id": "21216", "quantity": 1000, "fulfillment_node_id": "virtual_DC"}, {"product_id": "22335", "quantity": 1000, "fulfillment_node_id": "virtual_DC"}, {"product_id": "21221", "quantity": 1000, "fulfillment_node_id": "virtual_DC"}, {"product_id": "16958", "quantity": 1000, "fulfillment_node_id": "virtual_DC"}, {"product_id": "21218", "quantity": 1000, "fulfillment_node_id": "virtual_DC"}, {"product_id": "21212", "quantity": 1000, "fulfillment_node_id": "virtual_DC"}, {"product_id": "21220", "quantity": 1000, "fulfillment_node_id": "virtual_DC"}, {"product_id": "21222", "quantity": 1000, "fulfillment_node_id": "virtual_DC"}, {"product_id": "21219", "quantity": 1000, "fulfillment_node_id": "virtual_DC"}, {"product_id": "21215", "quantity": 1000, "fulfillment_node_id": "virtual_DC"}, {"product_id": "21217", "quantity": 1000, "fulfillment_node_id": "virtual_DC"}, {"product_id": "22050", "quantity": 1000, "fulfillment_node_id": "virtual_DC"}, {"product_id": "21214", "quantity": 1000, "fulfillment_node_id": "virtual_DC"}, {"product_id": "21210", "quantity": 1000, "fulfillment_node_id": "virtual_DC"}, {"product_id": "22049", "quantity": 1000, "fulfillment_node_id": "virtual_DC"}, {"product_id": "21211", "quantity": 1000, "fulfillment_node_id": "virtual_DC"}, {"product_id": "21213", "quantity": 1000, "fulfillment_node_id": "virtual_DC"}, {"product_id": "21483", "quantity": 1000, "fulfillment_node_id": "virtual_DC"}, {"product_id": "22051", "quantity": 1000, "fulfillment_node_id": "virtual_DC"}, {"product_id": "21225", "quantity": 1000, "fulfillment_node_id": "virtual_DC"}, {"product_id": "21227", "quantity": 1000, "fulfillment_node_id": "virtual_DC"}, {"product_id": "21230", "quantity": 1000, "fulfillment_node_id": "virtual_DC"}, {"product_id": "21223", "quantity": 1000, "fulfillment_node_id": "virtual_DC"}, {"product_id": "14740", "quantity": 1000, "fulfillment_node_id": "virtual_DC"}, {"product_id": "21228", "quantity": 1000, "fulfillment_node_id": "virtual_DC"}, {"product_id": "21736", "quantity": 1000, "fulfillment_node_id": "virtual_DC"}, {"product_id": "21231", "quantity": 1000, "fulfillment_node_id": "virtual_DC"}, {"product_id": "19930", "quantity": 1000, "fulfillment_node_id": "virtual_DC"}, {"product_id": "21235", "quantity": 1000, "fulfillment_node_id": "virtual_DC"}, {"product_id": "21229", "quantity": 1000, "fulfillment_node_id": "virtual_DC"}, {"product_id": "21236", "quantity": 1000, "fulfillment_node_id": "virtual_DC"}, {"product_id": "21233", "quantity": 1000, "fulfillment_node_id": "virtual_DC"}, {"product_id": "21234", "quantity": 1000, "fulfillment_node_id": "virtual_DC"}, {"product_id": "19929", "quantity": 1000, "fulfillment_node_id": "virtual_DC"}, {"product_id": "20769", "quantity": 1000, "fulfillment_node_id": "virtual_DC"}, {"product_id": "21232", "quantity": 1000, "fulfillment_node_id": "virtual_DC"}, {"product_id": "21226", "quantity": 1000, "fulfillment_node_id": "virtual_DC"}, {"product_id": "21495", "quantity": 1000, "fulfillment_node_id": "virtual_DC"}, {"product_id": "21241", "quantity": 1000, "fulfillment_node_id": "virtual_DC"}, {"product_id": "16956", "quantity": 1000, "fulfillment_node_id": "virtual_DC"}, {"product_id": "16959", "quantity": 1000, "fulfillment_node_id": "virtual_DC"}, {"product_id": "21243", "quantity": 1000, "fulfillment_node_id": "virtual_DC"}, {"product_id": "21240", "quantity": 1000, "fulfillment_node_id": "virtual_DC"}, {"product_id": "21237", "quantity": 1000, "fulfillment_node_id": "virtual_DC"}, {"product_id": "21239", "quantity": 1000, "fulfillment_node_id": "virtual_DC"}, {"product_id": "21249", "quantity": 1000, "fulfillment_node_id": "virtual_DC"}, {"product_id": "21191", "quantity": 1000, "fulfillment_node_id": "virtual_DC"}, {"product_id": "22033", "quantity": 1000, "fulfillment_node_id": "virtual_DC"}, {"product_id": "22029", "quantity": 1000, "fulfillment_node_id": "virtual_DC"}, {"product_id": "21192", "quantity": 1000, "fulfillment_node_id": "virtual_DC"}, {"product_id": "22034", "quantity": 1000, "fulfillment_node_id": "virtual_DC"}, {"product_id": "22035", "quantity": 1000, "fulfillment_node_id": "virtual_DC"}, {"product_id": "22036", "quantity": 1000, "fulfillment_node_id": "virtual_DC"}, {"product_id": "21193", "quantity": 1000, "fulfillment_node_id": "virtual_DC"}, {"product_id": "22031", "quantity": 1000, "fulfillment_node_id": "virtual_DC"}, {"product_id": "22032", "quantity": 1000, "fulfillment_node_id": "virtual_DC"}, {"product_id": "21477", "quantity": 1000, "fulfillment_node_id": "virtual_DC"}, {"product_id": "21482", "quantity": 1000, "fulfillment_node_id": "virtual_DC"}, {"product_id": "21194", "quantity": 1000, "fulfillment_node_id": "virtual_DC"}, {"product_id": "13851", "quantity": 1000, "fulfillment_node_id": "virtual_DC"}, {"product_id": "21199", "quantity": 1000, "fulfillment_node_id": "virtual_DC"}, {"product_id": "21201", "quantity": 1000, "fulfillment_node_id": "virtual_DC"}, {"product_id": "21205", "quantity": 1000, "fulfillment_node_id": "virtual_DC"}, {"product_id": "21735", "quantity": 1000, "fulfillment_node_id": "virtual_DC"}, {"product_id": "21198", "quantity": 1000, "fulfillment_node_id": "virtual_DC"}, {"product_id": "21206", "quantity": 1000, "fulfillment_node_id": "virtual_DC"}, {"product_id": "22037", "quantity": 1000, "fulfillment_node_id": "virtual_DC"}, {"product_id": "21202", "quantity": 1000, "fulfillment_node_id": "virtual_DC"}, {"product_id": "21208", "quantity": 1000, "fulfillment_node_id": "virtual_DC"}, {"product_id": "21197", "quantity": 1000, "fulfillment_node_id": "virtual_DC"}, {"product_id": "21196", "quantity": 1000, "fulfillment_node_id": "virtual_DC"}, {"product_id": "21195", "quantity": 1000, "fulfillment_node_id": "virtual_DC"}, {"product_id": "21204", "quantity": 1000, "fulfillment_node_id": "virtual_DC"}, {"product_id": "21203", "quantity": 1000, "fulfillment_node_id": "virtual_DC"}, {"product_id": "21474", "quantity": 1000, "fulfillment_node_id": "virtual_DC"}, {"product_id": "21500", "quantity": 1000, "fulfillment_node_id": "virtual_DC"}, {"product_id": "21490", "quantity": 1000, "fulfillment_node_id": "virtual_DC"}, {"product_id": "21207", "quantity": 1000, "fulfillment_node_id": "virtual_DC"}, {"product_id": "21200", "quantity": 1000, "fulfillment_node_id": "virtual_DC"}, {"product_id": "22046", "quantity": 1000, "fulfillment_node_id": "virtual_DC"}, {"product_id": "22044", "quantity": 1000, "fulfillment_node_id": "virtual_DC"}, {"product_id": "22040", "quantity": 1000, "fulfillment_node_id": "virtual_DC"}, {"product_id": "22042", "quantity": 1000, "fulfillment_node_id": "virtual_DC"}, {"product_id": "22047", "quantity": 1000, "fulfillment_node_id": "virtual_DC"}, {"product_id": "22039", "quantity": 1000, "fulfillment_node_id": "virtual_DC"}, {"product_id": "22043", "quantity": 1000, "fulfillment_node_id": "virtual_DC"}, {"product_id": "22038", "quantity": 1000, "fulfillment_node_id": "virtual_DC"}, {"product_id": "22048", "quantity": 1000, "fulfillment_node_id": "virtual_DC"}, {"product_id": "22041", "quantity": 1000, "fulfillment_node_id": "virtual_DC"}, {"product_id": "22045", "quantity": 1000, "fulfillment_node_id": "virtual_DC"}, {"product_id": "21209", "quantity": 1000, "fulfillment_node_id": "virtual_DC"}, {"product_id": "13874", "quantity": 1000, "fulfillment_node_id": "virtual_DC"}, {"product_id": "21499", "quantity": 1000, "fulfillment_node_id": "virtual_DC"}, {"product_id": "18559", "quantity": 1000, "fulfillment_node_id": "virtual_DC"}, {"product_id": "21491", "quantity": 1000, "fulfillment_node_id": "virtual_DC"}, {"product_id": "21493", "quantity": 1000, "fulfillment_node_id": "virtual_DC"}, {"product_id": "27046", "quantity": 1000, "fulfillment_node_id": "virtual_DC"}, {"product_id": "26026", "quantity": 1000, "fulfillment_node_id": "virtual_DC"}, {"product_id": "26036", "quantity": 1000, "fulfillment_node_id": "virtual_DC"}, {"product_id": "27045", "quantity": 1000, "fulfillment_node_id": "virtual_DC"}, {"product_id": "21496", "quantity": 1000, "fulfillment_node_id": "virtual_DC"}, {"product_id": "21476", "quantity": 1000, "fulfillment_node_id": "virtual_DC"}, {"product_id": "26024", "quantity": 1000, "fulfillment_node_id": "virtual_DC"}, {"product_id": "27042", "quantity": 1000, "fulfillment_node_id": "virtual_DC"}, {"product_id": "26019", "quantity": 1000, "fulfillment_node_id": "virtual_DC"}, {"product_id": "26030", "quantity": 1000, "fulfillment_node_id": "virtual_DC"}, {"product_id": "26020", "quantity": 1000, "fulfillment_node_id": "virtual_DC"}, {"product_id": "22014", "quantity": 1000, "fulfillment_node_id": "virtual_DC"}, {"product_id": "26028", "quantity": 1000, "fulfillment_node_id": "virtual_DC"}, {"product_id": "26023", "quantity": 1000, "fulfillment_node_id": "virtual_DC"}, {"product_id": "26021", "quantity": 1000, "fulfillment_node_id": "virtual_DC"}, {"product_id": "26018", "quantity": 1000, "fulfillment_node_id": "virtual_DC"}, {"product_id": "26033", "quantity": 1000, "fulfillment_node_id": "virtual_DC"}, {"product_id": "27047", "quantity": 1000, "fulfillment_node_id": "virtual_DC"}, {"product_id": "26025", "quantity": 1000, "fulfillment_node_id": "virtual_DC"}, {"product_id": "21177", "quantity": 1000, "fulfillment_node_id": "virtual_DC"}, {"product_id": "26032", "quantity": 1000, "fulfillment_node_id": "virtual_DC"}, {"product_id": "21178", "quantity": 1000, "fulfillment_node_id": "virtual_DC"}, {"product_id": "21176", "quantity": 1000, "fulfillment_node_id": "virtual_DC"}, {"product_id": "26031", "quantity": 1000, "fulfillment_node_id": "virtual_DC"}, {"product_id": "27043", "quantity": 1000, "fulfillment_node_id": "virtual_DC"}, {"product_id": "26022", "quantity": 1000, "fulfillment_node_id": "virtual_DC"}, {"product_id": "21183", "quantity": 1000, "fulfillment_node_id": "virtual_DC"}, {"product_id": "22019", "quantity": 1000, "fulfillment_node_id": "virtual_DC"}, {"product_id": "21180", "quantity": 1000, "fulfillment_node_id": "virtual_DC"}, {"product_id": "21182", "quantity": 1000, "fulfillment_node_id": "virtual_DC"}, {"product_id": "21187", "quantity": 1000, "fulfillment_node_id": "virtual_DC"}, {"product_id": "21184", "quantity": 1000, "fulfillment_node_id": "virtual_DC"}, {"product_id": "21185", "quantity": 1000, "fulfillment_node_id": "virtual_DC"}, {"product_id": "22022", "quantity": 1000, "fulfillment_node_id": "virtual_DC"}, {"product_id": "21188", "quantity": 1000, "fulfillment_node_id": "virtual_DC"}, {"product_id": "22015", "quantity": 1000, "fulfillment_node_id": "virtual_DC"}, {"product_id": "21179", "quantity": 1000, "fulfillment_node_id": "virtual_DC"}, {"product_id": "22021", "quantity": 1000, "fulfillment_node_id": "virtual_DC"}, {"product_id": "21186", "quantity": 1000, "fulfillment_node_id": "virtual_DC"}, {"product_id": "21189", "quantity": 1000, "fulfillment_node_id": "virtual_DC"}, {"product_id": "22020", "quantity": 1000, "fulfillment_node_id": "virtual_DC"}, {"product_id": "21190", "quantity": 1000, "fulfillment_node_id": "virtual_DC"}, {"product_id": "21181", "quantity": 1000, "fulfillment_node_id": "virtual_DC"}, {"product_id": "22028", "quantity": 1000, "fulfillment_node_id": "virtual_DC"}, {"product_id": "22024", "quantity": 1000, "fulfillment_node_id": "virtual_DC"}, {"product_id": "22025", "quantity": 1000, "fulfillment_node_id": "virtual_DC"}, {"product_id": "22030", "quantity": 1000, "fulfillment_node_id": "virtual_DC"}, {"product_id": "22027", "quantity": 1000, "fulfillment_node_id": "virtual_DC"}, {"product_id": "22023", "quantity": 1000, "fulfillment_node_id": "virtual_DC"}, {"product_id": "22026", "quantity": 1000, "fulfillment_node_id": "virtual_DC"}]}