{"head": {"pricebook": "default", "shop": "storefront-catalog-en", "currency": "USD"}, "items": [{"product_id": "21151", "value": 1.0}, {"product_id": "21155", "value": 1.0}, {"product_id": "21153", "value": 1.0}, {"product_id": "21150", "value": 1.0}, {"product_id": "21154", "value": 1.0}, {"product_id": "13873", "value": 1.0}, {"product_id": "16952", "value": 1.0}, {"product_id": "21147", "value": 1.0}, {"product_id": "21152", "value": 1.0}, {"product_id": "21148", "value": 1.0}, {"product_id": "21145", "value": 1.0}, {"product_id": "21149", "value": 1.0}, {"product_id": "21488", "value": 1.0}, {"product_id": "21481", "value": 1.0}, {"product_id": "18256", "value": 1.0}, {"product_id": "21475", "value": 1.0}, {"product_id": "21160", "value": 1.0}, {"product_id": "21162", "value": 1.0}, {"product_id": "21157", "value": 1.0}, {"product_id": "21166", "value": 1.0}, {"product_id": "21170", "value": 1.0}, {"product_id": "21168", "value": 1.0}, {"product_id": "21171", "value": 1.0}, {"product_id": "21169", "value": 1.0}, {"product_id": "21163", "value": 1.0}, {"product_id": "21156", "value": 1.0}, {"product_id": "25044", "value": 1.0}, {"product_id": "21161", "value": 1.0}, {"product_id": "21159", "value": 1.0}, {"product_id": "21158", "value": 1.0}, {"product_id": "21734", "value": 1.0}, {"product_id": "21164", "value": 1.0}, {"product_id": "21733", "value": 1.0}, {"product_id": "21165", "value": 1.0}, {"product_id": "21167", "value": 1.0}, {"product_id": "21480", "value": 1.0}, {"product_id": "26037", "value": 1.0}, {"product_id": "21174", "value": 1.0}, {"product_id": "21173", "value": 1.0}, {"product_id": "26034", "value": 1.0}, {"product_id": "26039", "value": 1.0}, {"product_id": "26038", "value": 1.0}, {"product_id": "21175", "value": 1.0}, {"product_id": "26040", "value": 1.0}, {"product_id": "21172", "value": 1.0}, {"product_id": "26027", "value": 1.0}, {"product_id": "26035", "value": 1.0}, {"product_id": "26029", "value": 1.0}, {"product_id": "26041", "value": 1.0}, {"product_id": "27044", "value": 1.0}, {"product_id": "21492", "value": 1.0}, {"product_id": "21494", "value": 1.0}, {"product_id": "21498", "value": 1.0}, {"product_id": "16954", "value": 1.0}, {"product_id": "21216", "value": 1.0}, {"product_id": "22335", "value": 1.0}, {"product_id": "21221", "value": 1.0}, {"product_id": "16958", "value": 1.0}, {"product_id": "21218", "value": 1.0}, {"product_id": "21212", "value": 1.0}, {"product_id": "21220", "value": 1.0}, {"product_id": "21222", "value": 1.0}, {"product_id": "21219", "value": 1.0}, {"product_id": "21215", "value": 1.0}, {"product_id": "21217", "value": 1.0}, {"product_id": "22050", "value": 1.0}, {"product_id": "21214", "value": 1.0}, {"product_id": "21210", "value": 1.0}, {"product_id": "22049", "value": 1.0}, {"product_id": "21211", "value": 1.0}, {"product_id": "21213", "value": 1.0}, {"product_id": "21483", "value": 1.0}, {"product_id": "22051", "value": 1.0}, {"product_id": "21225", "value": 1.0}, {"product_id": "21227", "value": 1.0}, {"product_id": "21230", "value": 1.0}, {"product_id": "21223", "value": 1.0}, {"product_id": "14740", "value": 1.0}, {"product_id": "21228", "value": 1.0}, {"product_id": "21736", "value": 1.0}, {"product_id": "21231", "value": 1.0}, {"product_id": "19930", "value": 1.0}, {"product_id": "21235", "value": 1.0}, {"product_id": "21229", "value": 1.0}, {"product_id": "21236", "value": 1.0}, {"product_id": "21233", "value": 1.0}, {"product_id": "21234", "value": 1.0}, {"product_id": "19929", "value": 1.0}, {"product_id": "20769", "value": 1.0}, {"product_id": "21232", "value": 1.0}, {"product_id": "21226", "value": 1.0}, {"product_id": "21495", "value": 1.0}, {"product_id": "21241", "value": 1.0}, {"product_id": "16956", "value": 1.0}, {"product_id": "16959", "value": 1.0}, {"product_id": "21243", "value": 1.0}, {"product_id": "21240", "value": 1.0}, {"product_id": "21237", "value": 1.0}, {"product_id": "21239", "value": 1.0}, {"product_id": "21249", "value": 1.0}, {"product_id": "21191", "value": 1.0}, {"product_id": "22033", "value": 1.0}, {"product_id": "22029", "value": 1.0}, {"product_id": "21192", "value": 1.0}, {"product_id": "22034", "value": 1.0}, {"product_id": "22035", "value": 1.0}, {"product_id": "22036", "value": 1.0}, {"product_id": "21193", "value": 1.0}, {"product_id": "22031", "value": 1.0}, {"product_id": "22032", "value": 1.0}, {"product_id": "21477", "value": 1.0}, {"product_id": "21482", "value": 1.0}, {"product_id": "21194", "value": 1.0}, {"product_id": "13851", "value": 1.0}, {"product_id": "21199", "value": 1.0}, {"product_id": "21201", "value": 1.0}, {"product_id": "21205", "value": 1.0}, {"product_id": "21735", "value": 1.0}, {"product_id": "21198", "value": 1.0}, {"product_id": "21206", "value": 1.0}, {"product_id": "22037", "value": 1.0}, {"product_id": "21202", "value": 1.0}, {"product_id": "21208", "value": 1.0}, {"product_id": "21197", "value": 1.0}, {"product_id": "21196", "value": 1.0}, {"product_id": "21195", "value": 1.0}, {"product_id": "21204", "value": 1.0}, {"product_id": "21203", "value": 1.0}, {"product_id": "21474", "value": 1.0}, {"product_id": "21500", "value": 1.0}, {"product_id": "21490", "value": 1.0}, {"product_id": "21207", "value": 1.0}, {"product_id": "21200", "value": 1.0}, {"product_id": "22046", "value": 1.0}, {"product_id": "22044", "value": 1.0}, {"product_id": "22040", "value": 1.0}, {"product_id": "22042", "value": 1.0}, {"product_id": "22047", "value": 1.0}, {"product_id": "22039", "value": 1.0}, {"product_id": "22043", "value": 1.0}, {"product_id": "22038", "value": 1.0}, {"product_id": "22048", "value": 1.0}, {"product_id": "22041", "value": 1.0}, {"product_id": "22045", "value": 1.0}, {"product_id": "21209", "value": 1.0}, {"product_id": "13874", "value": 1.0}, {"product_id": "21499", "value": 1.0}, {"product_id": "18559", "value": 1.0}, {"product_id": "21491", "value": 1.0}, {"product_id": "21493", "value": 1.0}, {"product_id": "27046", "value": 1.0}, {"product_id": "26026", "value": 1.0}, {"product_id": "26036", "value": 1.0}, {"product_id": "27045", "value": 1.0}, {"product_id": "21496", "value": 1.0}, {"product_id": "21476", "value": 1.0}, {"product_id": "26024", "value": 1.0}, {"product_id": "27042", "value": 1.0}, {"product_id": "26019", "value": 1.0}, {"product_id": "26030", "value": 1.0}, {"product_id": "26020", "value": 1.0}, {"product_id": "22014", "value": 1.0}, {"product_id": "26028", "value": 1.0}, {"product_id": "26023", "value": 1.0}, {"product_id": "26021", "value": 1.0}, {"product_id": "26018", "value": 1.0}, {"product_id": "26033", "value": 1.0}, {"product_id": "27047", "value": 1.0}, {"product_id": "26025", "value": 1.0}, {"product_id": "21177", "value": 1.0}, {"product_id": "26032", "value": 1.0}, {"product_id": "21178", "value": 1.0}, {"product_id": "21176", "value": 1.0}, {"product_id": "26031", "value": 1.0}, {"product_id": "27043", "value": 1.0}, {"product_id": "26022", "value": 1.0}, {"product_id": "21183", "value": 1.0}, {"product_id": "22019", "value": 1.0}, {"product_id": "21180", "value": 1.0}, {"product_id": "21182", "value": 1.0}, {"product_id": "21187", "value": 1.0}, {"product_id": "21184", "value": 1.0}, {"product_id": "21185", "value": 1.0}, {"product_id": "22022", "value": 1.0}, {"product_id": "21188", "value": 1.0}, {"product_id": "22015", "value": 1.0}, {"product_id": "21179", "value": 1.0}, {"product_id": "22021", "value": 1.0}, {"product_id": "21186", "value": 1.0}, {"product_id": "21189", "value": 1.0}, {"product_id": "22020", "value": 1.0}, {"product_id": "21190", "value": 1.0}, {"product_id": "21181", "value": 1.0}, {"product_id": "22028", "value": 1.0}, {"product_id": "22024", "value": 1.0}, {"product_id": "22025", "value": 1.0}, {"product_id": "22030", "value": 1.0}, {"product_id": "22027", "value": 1.0}, {"product_id": "22023", "value": 1.0}, {"product_id": "22026", "value": 1.0}]}