{
    "head": {
        "pricebook": "default",
        "shop": "storefront-catalog-en",
        "currency": "USD"
    },
    "items": [
        {
            "product_id": "7456",
            "value": 8.0
        },
        {
            "product_id": "7447",
            "value": 19.99
        },
        {
            "product_id": "7487",
            "value": 15
        },
        {
            "product_id": "7493",
            "value": 25
        },
        {
            "product_id": "7717",
            "value": 1.0
        },
        {
            "product_id": "8115",
            "value": 1.0
        },
        {
            "product_id": "8678",
            "value": 1.0
        },
        {
            "product_id": "9253",
            "value": 1.0
        },
        {
            "product_id": "9297",
            "value": 1.0
        },
        {
            "product_id": "9335",
            "value": 1.0
        },
        {
            "product_id": "9883",
            "value": 1.0
        },
        {
            "product_id": "10829",
            "value": 1.0
        },
        {
            "product_id": "10980",
            "value": 1.0
        },
        {
            "product_id": "14104",
            "value": 1.0
        },
        {
            "product_id": "14842",
            "value": 1.0
        },
        {
            "product_id": "16293",
            "value": 1.0
        },
        {
            "product_id": "16301",
            "value": 1.0
        },
        {
            "product_id": "18674",
            "value": 1.0
        },
        {
            "product_id": "19846",
            "value": 1.0
        },
        {
            "product_id": "20043",
            "value": 1.0
        },
        {
            "product_id": "20046",
            "value": 1.0
        },
        {
            "product_id": "20047",
            "value": 1.0
        },
        {
            "product_id": "20048",
            "value": 1.0
        },
        {
            "product_id": "21575",
            "value": 1.0
        },
        {
            "product_id": "23784",
            "value": 1.0
        },
        {
            "product_id": "23788",
            "value": 1.0
        },
        {
            "product_id": "23793",
            "value": 1.0
        },
        {
            "product_id": "23987",
            "value": 1.0
        },
        {
            "product_id": "23991",
            "value": 1.0
        },
        {
            "product_id": "26017",
            "value": 1.0
        },
        {
            "product_id": "26569",
            "value": 1.0
        },
        {
            "product_id": "26570",
            "value": 1.0
        },
        {
            "product_id": "26571",
            "value": 1.0
        },
        {
            "product_id": "26572",
            "value": 1.0
        },
        {
            "product_id": "26573",
            "value": 1.0
        },
        {
            "product_id": "26574",
            "value": 1.0
        },
        {
            "product_id": "26575",
            "value": 1.0
        },
        {
            "product_id": "26576",
            "value": 1.0
        },
        {
            "product_id": "26577",
            "value": 1.0
        },
        {
            "product_id": "26578",
            "value": 1.0
        },
        {
            "product_id": "26579",
            "value": 1.0
        },
        {
            "product_id": "26580",
            "value": 1.0
        },
        {
            "product_id": "26581",
            "value": 1.0
        },
        {
            "product_id": "26582",
            "value": 1.0
        },
        {
            "product_id": "26670",
            "value": 1.0
        },
        {
            "product_id": "26671",
            "value": 1.0
        },
        {
            "product_id": "26672",
            "value": 1.0
        },
        {
            "product_id": "26771",
            "value": 1.0
        },
        {
            "product_id": "26772",
            "value": 1.0
        },
        {
            "product_id": "26773",
            "value": 1.0
        },
        {
            "product_id": "26774",
            "value": 1.0
        },
        {
            "product_id": "26776",
            "value": 1.0
        },
        {
            "product_id": "26777",
            "value": 1.0
        },
        {
            "product_id": "26874",
            "value": 1.0
        }
    ]
}