{
    "head": {
        "shop": "storefront-catalog-en",
        "pricebook": "default-ca",
        "currency": "CAD"
    },
    "items": [
        {
            "product_id": "11014005-fco-000002060",
            "value": 195.0
        },
        {
            "product_id": "11014005-fco-000002061",
            "value": 195.0
        },
        {
            "product_id": "11014005-fco-000002050",
            "value": 195.0
        },
        {
            "product_id": "11014005-fco-000002054",
            "value": 195.0
        },
        {
            "product_id": "11014005-fco-000002056",
            "value": 195.0
        },
        {
            "product_id": "11014005-fco-000000058",
            "value": 195.0
        },
        {
            "product_id": "11014005-fco-000000059",
            "value": 195.0
        },
        {
            "product_id": "11014005-fco-000000060",
            "value": 195.0
        },
        {
            "product_id": "11014005-fco-000000061",
            "value": 195.0
        },
        {
            "product_id": "11014005-fco-000000062",
            "value": 195.0
        }
    ]
}