{"head": {"store_mapping": [{"store_id": null, "fulfillment_node_id": "virtual_DC"}], "mode": "atp"}, "items": [{"product_id": "21853", "quantity": 1000, "fulfillment_node_id": "virtual_DC"}, {"product_id": "26059", "quantity": 1000, "fulfillment_node_id": "virtual_DC"}, {"product_id": "21850", "quantity": 1000, "fulfillment_node_id": "virtual_DC"}, {"product_id": "21851", "quantity": 1000, "fulfillment_node_id": "virtual_DC"}, {"product_id": "20994", "quantity": 1000, "fulfillment_node_id": "virtual_DC"}, {"product_id": "20997", "quantity": 1000, "fulfillment_node_id": "virtual_DC"}, {"product_id": "20989", "quantity": 1000, "fulfillment_node_id": "virtual_DC"}, {"product_id": "20996", "quantity": 1000, "fulfillment_node_id": "virtual_DC"}, {"product_id": "20998", "quantity": 1000, "fulfillment_node_id": "virtual_DC"}, {"product_id": "20999", "quantity": 1000, "fulfillment_node_id": "virtual_DC"}, {"product_id": "21860", "quantity": 1000, "fulfillment_node_id": "virtual_DC"}, {"product_id": "18388", "quantity": 1000, "fulfillment_node_id": "virtual_DC"}, {"product_id": "21861", "quantity": 1000, "fulfillment_node_id": "virtual_DC"}, {"product_id": "21869", "quantity": 1000, "fulfillment_node_id": "virtual_DC"}, {"product_id": "21864", "quantity": 1000, "fulfillment_node_id": "virtual_DC"}, {"product_id": "21862", "quantity": 1000, "fulfillment_node_id": "virtual_DC"}, {"product_id": "21863", "quantity": 1000, "fulfillment_node_id": "virtual_DC"}, {"product_id": "21739", "quantity": 1000, "fulfillment_node_id": "virtual_DC"}, {"product_id": "21001", "quantity": 1000, "fulfillment_node_id": "virtual_DC"}, {"product_id": "22337", "quantity": 1000, "fulfillment_node_id": "virtual_DC"}, {"product_id": "21000", "quantity": 1000, "fulfillment_node_id": "virtual_DC"}, {"product_id": "21859", "quantity": 1000, "fulfillment_node_id": "virtual_DC"}, {"product_id": "21866", "quantity": 1000, "fulfillment_node_id": "virtual_DC"}, {"product_id": "21870", "quantity": 1000, "fulfillment_node_id": "virtual_DC"}, {"product_id": "21865", "quantity": 1000, "fulfillment_node_id": "virtual_DC"}, {"product_id": "21868", "quantity": 1000, "fulfillment_node_id": "virtual_DC"}, {"product_id": "16257", "quantity": 1000, "fulfillment_node_id": "virtual_DC"}, {"product_id": "21867", "quantity": 1000, "fulfillment_node_id": "virtual_DC"}, {"product_id": "21858", "quantity": 1000, "fulfillment_node_id": "virtual_DC"}, {"product_id": "21871", "quantity": 1000, "fulfillment_node_id": "virtual_DC"}, {"product_id": "21004", "quantity": 1000, "fulfillment_node_id": "virtual_DC"}, {"product_id": "21008", "quantity": 1000, "fulfillment_node_id": "virtual_DC"}, {"product_id": "26066", "quantity": 1000, "fulfillment_node_id": "virtual_DC"}, {"product_id": "21010", "quantity": 1000, "fulfillment_node_id": "virtual_DC"}, {"product_id": "21005", "quantity": 1000, "fulfillment_node_id": "virtual_DC"}, {"product_id": "21009", "quantity": 1000, "fulfillment_node_id": "virtual_DC"}, {"product_id": "13878", "quantity": 1000, "fulfillment_node_id": "virtual_DC"}, {"product_id": "13877", "quantity": 1000, "fulfillment_node_id": "virtual_DC"}, {"product_id": "21872", "quantity": 1000, "fulfillment_node_id": "virtual_DC"}, {"product_id": "21011", "quantity": 1000, "fulfillment_node_id": "virtual_DC"}, {"product_id": "21006", "quantity": 1000, "fulfillment_node_id": "virtual_DC"}, {"product_id": "21007", "quantity": 1000, "fulfillment_node_id": "virtual_DC"}, {"product_id": "21003", "quantity": 1000, "fulfillment_node_id": "virtual_DC"}, {"product_id": "18029", "quantity": 1000, "fulfillment_node_id": "virtual_DC"}, {"product_id": "21002", "quantity": 1000, "fulfillment_node_id": "virtual_DC"}, {"product_id": "21012", "quantity": 1000, "fulfillment_node_id": "virtual_DC"}, {"product_id": "26872", "quantity": 1000, "fulfillment_node_id": "virtual_DC"}, {"product_id": "13879", "quantity": 1000, "fulfillment_node_id": "virtual_DC"}, {"product_id": "21874", "quantity": 1000, "fulfillment_node_id": "virtual_DC"}, {"product_id": "21884", "quantity": 1000, "fulfillment_node_id": "virtual_DC"}, {"product_id": "21883", "quantity": 1000, "fulfillment_node_id": "virtual_DC"}, {"product_id": "21877", "quantity": 1000, "fulfillment_node_id": "virtual_DC"}, {"product_id": "21878", "quantity": 1000, "fulfillment_node_id": "virtual_DC"}, {"product_id": "21015", "quantity": 1000, "fulfillment_node_id": "virtual_DC"}, {"product_id": "21014", "quantity": 1000, "fulfillment_node_id": "virtual_DC"}, {"product_id": "21876", "quantity": 1000, "fulfillment_node_id": "virtual_DC"}, {"product_id": "21881", "quantity": 1000, "fulfillment_node_id": "virtual_DC"}, {"product_id": "13880", "quantity": 1000, "fulfillment_node_id": "virtual_DC"}, {"product_id": "18028", "quantity": 1000, "fulfillment_node_id": "virtual_DC"}, {"product_id": "13882", "quantity": 1000, "fulfillment_node_id": "virtual_DC"}, {"product_id": "21873", "quantity": 1000, "fulfillment_node_id": "virtual_DC"}, {"product_id": "21875", "quantity": 1000, "fulfillment_node_id": "virtual_DC"}, {"product_id": "21880", "quantity": 1000, "fulfillment_node_id": "virtual_DC"}, {"product_id": "21882", "quantity": 1000, "fulfillment_node_id": "virtual_DC"}, {"product_id": "13881", "quantity": 1000, "fulfillment_node_id": "virtual_DC"}, {"product_id": "21879", "quantity": 1000, "fulfillment_node_id": "virtual_DC"}, {"product_id": "21016", "quantity": 1000, "fulfillment_node_id": "virtual_DC"}, {"product_id": "13885", "quantity": 1000, "fulfillment_node_id": "virtual_DC"}, {"product_id": "21025", "quantity": 1000, "fulfillment_node_id": "virtual_DC"}, {"product_id": "21021", "quantity": 1000, "fulfillment_node_id": "virtual_DC"}, {"product_id": "21024", "quantity": 1000, "fulfillment_node_id": "virtual_DC"}, {"product_id": "21028", "quantity": 1000, "fulfillment_node_id": "virtual_DC"}, {"product_id": "21887", "quantity": 1000, "fulfillment_node_id": "virtual_DC"}, {"product_id": "13884", "quantity": 1000, "fulfillment_node_id": "virtual_DC"}, {"product_id": "21026", "quantity": 1000, "fulfillment_node_id": "virtual_DC"}, {"product_id": "21886", "quantity": 1000, "fulfillment_node_id": "virtual_DC"}, {"product_id": "21018", "quantity": 1000, "fulfillment_node_id": "virtual_DC"}, {"product_id": "21885", "quantity": 1000, "fulfillment_node_id": "virtual_DC"}, {"product_id": "13886", "quantity": 1000, "fulfillment_node_id": "virtual_DC"}, {"product_id": "21019", "quantity": 1000, "fulfillment_node_id": "virtual_DC"}, {"product_id": "21020", "quantity": 1000, "fulfillment_node_id": "virtual_DC"}, {"product_id": "21017", "quantity": 1000, "fulfillment_node_id": "virtual_DC"}, {"product_id": "13883", "quantity": 1000, "fulfillment_node_id": "virtual_DC"}, {"product_id": "21027", "quantity": 1000, "fulfillment_node_id": "virtual_DC"}, {"product_id": "21022", "quantity": 1000, "fulfillment_node_id": "virtual_DC"}, {"product_id": "21023", "quantity": 1000, "fulfillment_node_id": "virtual_DC"}, {"product_id": "21888", "quantity": 1000, "fulfillment_node_id": "virtual_DC"}, {"product_id": "13890", "quantity": 1000, "fulfillment_node_id": "virtual_DC"}, {"product_id": "13888", "quantity": 1000, "fulfillment_node_id": "virtual_DC"}, {"product_id": "13891", "quantity": 1000, "fulfillment_node_id": "virtual_DC"}, {"product_id": "21034", "quantity": 1000, "fulfillment_node_id": "virtual_DC"}, {"product_id": "21029", "quantity": 1000, "fulfillment_node_id": "virtual_DC"}, {"product_id": "21035", "quantity": 1000, "fulfillment_node_id": "virtual_DC"}, {"product_id": "13887", "quantity": 1000, "fulfillment_node_id": "virtual_DC"}, {"product_id": "21033", "quantity": 1000, "fulfillment_node_id": "virtual_DC"}, {"product_id": "13889", "quantity": 1000, "fulfillment_node_id": "virtual_DC"}, {"product_id": "21889", "quantity": 1000, "fulfillment_node_id": "virtual_DC"}, {"product_id": "21890", "quantity": 1000, "fulfillment_node_id": "virtual_DC"}, {"product_id": "21037", "quantity": 1000, "fulfillment_node_id": "virtual_DC"}, {"product_id": "21032", "quantity": 1000, "fulfillment_node_id": "virtual_DC"}, {"product_id": "21894", "quantity": 1000, "fulfillment_node_id": "virtual_DC"}, {"product_id": "22341", "quantity": 1000, "fulfillment_node_id": "virtual_DC"}, {"product_id": "13894", "quantity": 1000, "fulfillment_node_id": "virtual_DC"}, {"product_id": "22342", "quantity": 1000, "fulfillment_node_id": "virtual_DC"}, {"product_id": "13899", "quantity": 1000, "fulfillment_node_id": "virtual_DC"}, {"product_id": "13900", "quantity": 1000, "fulfillment_node_id": "virtual_DC"}, {"product_id": "13895", "quantity": 1000, "fulfillment_node_id": "virtual_DC"}, {"product_id": "13898", "quantity": 1000, "fulfillment_node_id": "virtual_DC"}, {"product_id": "13896", "quantity": 1000, "fulfillment_node_id": "virtual_DC"}, {"product_id": "22234", "quantity": 1000, "fulfillment_node_id": "virtual_DC"}, {"product_id": "13901", "quantity": 1000, "fulfillment_node_id": "virtual_DC"}, {"product_id": "13893", "quantity": 1000, "fulfillment_node_id": "virtual_DC"}, {"product_id": "21895", "quantity": 1000, "fulfillment_node_id": "virtual_DC"}, {"product_id": "21038", "quantity": 1000, "fulfillment_node_id": "virtual_DC"}, {"product_id": "21896", "quantity": 1000, "fulfillment_node_id": "virtual_DC"}, {"product_id": "22233", "quantity": 1000, "fulfillment_node_id": "virtual_DC"}, {"product_id": "13897", "quantity": 1000, "fulfillment_node_id": "virtual_DC"}, {"product_id": "22343", "quantity": 1000, "fulfillment_node_id": "virtual_DC"}, {"product_id": "21039", "quantity": 1000, "fulfillment_node_id": "virtual_DC"}, {"product_id": "13892", "quantity": 1000, "fulfillment_node_id": "virtual_DC"}, {"product_id": "22235", "quantity": 1000, "fulfillment_node_id": "virtual_DC"}, {"product_id": "21040", "quantity": 1000, "fulfillment_node_id": "virtual_DC"}, {"product_id": "21905", "quantity": 1000, "fulfillment_node_id": "virtual_DC"}, {"product_id": "22237", "quantity": 1000, "fulfillment_node_id": "virtual_DC"}, {"product_id": "21906", "quantity": 1000, "fulfillment_node_id": "virtual_DC"}, {"product_id": "21907", "quantity": 1000, "fulfillment_node_id": "virtual_DC"}, {"product_id": "22238", "quantity": 1000, "fulfillment_node_id": "virtual_DC"}, {"product_id": "21904", "quantity": 1000, "fulfillment_node_id": "virtual_DC"}, {"product_id": "21899", "quantity": 1000, "fulfillment_node_id": "virtual_DC"}, {"product_id": "13902", "quantity": 1000, "fulfillment_node_id": "virtual_DC"}, {"product_id": "21903", "quantity": 1000, "fulfillment_node_id": "virtual_DC"}, {"product_id": "21898", "quantity": 1000, "fulfillment_node_id": "virtual_DC"}, {"product_id": "13904", "quantity": 1000, "fulfillment_node_id": "virtual_DC"}, {"product_id": "21909", "quantity": 1000, "fulfillment_node_id": "virtual_DC"}, {"product_id": "21901", "quantity": 1000, "fulfillment_node_id": "virtual_DC"}, {"product_id": "21900", "quantity": 1000, "fulfillment_node_id": "virtual_DC"}, {"product_id": "21897", "quantity": 1000, "fulfillment_node_id": "virtual_DC"}, {"product_id": "21902", "quantity": 1000, "fulfillment_node_id": "virtual_DC"}, {"product_id": "21908", "quantity": 1000, "fulfillment_node_id": "virtual_DC"}, {"product_id": "13903", "quantity": 1000, "fulfillment_node_id": "virtual_DC"}, {"product_id": "22236", "quantity": 1000, "fulfillment_node_id": "virtual_DC"}, {"product_id": "21911", "quantity": 1000, "fulfillment_node_id": "virtual_DC"}, {"product_id": "21918", "quantity": 1000, "fulfillment_node_id": "virtual_DC"}, {"product_id": "21916", "quantity": 1000, "fulfillment_node_id": "virtual_DC"}, {"product_id": "21912", "quantity": 1000, "fulfillment_node_id": "virtual_DC"}, {"product_id": "21924", "quantity": 1000, "fulfillment_node_id": "virtual_DC"}, {"product_id": "21922", "quantity": 1000, "fulfillment_node_id": "virtual_DC"}, {"product_id": "21919", "quantity": 1000, "fulfillment_node_id": "virtual_DC"}, {"product_id": "21917", "quantity": 1000, "fulfillment_node_id": "virtual_DC"}, {"product_id": "13905", "quantity": 1000, "fulfillment_node_id": "virtual_DC"}, {"product_id": "13914", "quantity": 1000, "fulfillment_node_id": "virtual_DC"}, {"product_id": "15089", "quantity": 1000, "fulfillment_node_id": "virtual_DC"}, {"product_id": "21925", "quantity": 1000, "fulfillment_node_id": "virtual_DC"}, {"product_id": "21910", "quantity": 1000, "fulfillment_node_id": "virtual_DC"}, {"product_id": "21914", "quantity": 1000, "fulfillment_node_id": "virtual_DC"}, {"product_id": "21913", "quantity": 1000, "fulfillment_node_id": "virtual_DC"}, {"product_id": "21921", "quantity": 1000, "fulfillment_node_id": "virtual_DC"}, {"product_id": "21915", "quantity": 1000, "fulfillment_node_id": "virtual_DC"}, {"product_id": "21923", "quantity": 1000, "fulfillment_node_id": "virtual_DC"}, {"product_id": "18030", "quantity": 1000, "fulfillment_node_id": "virtual_DC"}, {"product_id": "21920", "quantity": 1000, "fulfillment_node_id": "virtual_DC"}, {"product_id": "21931", "quantity": 1000, "fulfillment_node_id": "virtual_DC"}, {"product_id": "21928", "quantity": 1000, "fulfillment_node_id": "virtual_DC"}, {"product_id": "21046", "quantity": 1000, "fulfillment_node_id": "virtual_DC"}, {"product_id": "21927", "quantity": 1000, "fulfillment_node_id": "virtual_DC"}, {"product_id": "21049", "quantity": 1000, "fulfillment_node_id": "virtual_DC"}, {"product_id": "21042", "quantity": 1000, "fulfillment_node_id": "virtual_DC"}, {"product_id": "21051", "quantity": 1000, "fulfillment_node_id": "virtual_DC"}, {"product_id": "21926", "quantity": 1000, "fulfillment_node_id": "virtual_DC"}, {"product_id": "21043", "quantity": 1000, "fulfillment_node_id": "virtual_DC"}, {"product_id": "13907", "quantity": 1000, "fulfillment_node_id": "virtual_DC"}, {"product_id": "21041", "quantity": 1000, "fulfillment_node_id": "virtual_DC"}, {"product_id": "21048", "quantity": 1000, "fulfillment_node_id": "virtual_DC"}, {"product_id": "21047", "quantity": 1000, "fulfillment_node_id": "virtual_DC"}, {"product_id": "21044", "quantity": 1000, "fulfillment_node_id": "virtual_DC"}, {"product_id": "21930", "quantity": 1000, "fulfillment_node_id": "virtual_DC"}, {"product_id": "21052", "quantity": 1000, "fulfillment_node_id": "virtual_DC"}, {"product_id": "21050", "quantity": 1000, "fulfillment_node_id": "virtual_DC"}, {"product_id": "13906", "quantity": 1000, "fulfillment_node_id": "virtual_DC"}, {"product_id": "21045", "quantity": 1000, "fulfillment_node_id": "virtual_DC"}, {"product_id": "21929", "quantity": 1000, "fulfillment_node_id": "virtual_DC"}, {"product_id": "21054", "quantity": 1000, "fulfillment_node_id": "virtual_DC"}, {"product_id": "21058", "quantity": 1000, "fulfillment_node_id": "virtual_DC"}, {"product_id": "21056", "quantity": 1000, "fulfillment_node_id": "virtual_DC"}, {"product_id": "21932", "quantity": 1000, "fulfillment_node_id": "virtual_DC"}, {"product_id": "13909", "quantity": 1000, "fulfillment_node_id": "virtual_DC"}, {"product_id": "21053", "quantity": 1000, "fulfillment_node_id": "virtual_DC"}, {"product_id": "21060", "quantity": 1000, "fulfillment_node_id": "virtual_DC"}, {"product_id": "21059", "quantity": 1000, "fulfillment_node_id": "virtual_DC"}, {"product_id": "18031", "quantity": 1000, "fulfillment_node_id": "virtual_DC"}, {"product_id": "21934", "quantity": 1000, "fulfillment_node_id": "virtual_DC"}, {"product_id": "25448", "quantity": 1000, "fulfillment_node_id": "virtual_DC"}, {"product_id": "21937", "quantity": 1000, "fulfillment_node_id": "virtual_DC"}, {"product_id": "13908", "quantity": 1000, "fulfillment_node_id": "virtual_DC"}, {"product_id": "21061", "quantity": 1000, "fulfillment_node_id": "virtual_DC"}, {"product_id": "21062", "quantity": 1000, "fulfillment_node_id": "virtual_DC"}, {"product_id": "21933", "quantity": 1000, "fulfillment_node_id": "virtual_DC"}, {"product_id": "21935", "quantity": 1000, "fulfillment_node_id": "virtual_DC"}, {"product_id": "21055", "quantity": 1000, "fulfillment_node_id": "virtual_DC"}, {"product_id": "21936", "quantity": 1000, "fulfillment_node_id": "virtual_DC"}]}