{"head": {"pricebook": "default", "shop": "storefront-catalog-en", "currency": "USD"}, "items": [{"product_id": "21853", "value": 1.0}, {"product_id": "26059", "value": 1.0}, {"product_id": "21850", "value": 1.0}, {"product_id": "21851", "value": 1.0}, {"product_id": "20994", "value": 1.0}, {"product_id": "20997", "value": 1.0}, {"product_id": "20989", "value": 1.0}, {"product_id": "20996", "value": 1.0}, {"product_id": "20998", "value": 1.0}, {"product_id": "20999", "value": 1.0}, {"product_id": "21860", "value": 1.0}, {"product_id": "18388", "value": 1.0}, {"product_id": "21861", "value": 1.0}, {"product_id": "21869", "value": 1.0}, {"product_id": "21864", "value": 1.0}, {"product_id": "21862", "value": 1.0}, {"product_id": "21863", "value": 1.0}, {"product_id": "21739", "value": 1.0}, {"product_id": "21001", "value": 1.0}, {"product_id": "22337", "value": 1.0}, {"product_id": "21000", "value": 1.0}, {"product_id": "21859", "value": 1.0}, {"product_id": "21866", "value": 1.0}, {"product_id": "21870", "value": 1.0}, {"product_id": "21865", "value": 1.0}, {"product_id": "21868", "value": 1.0}, {"product_id": "16257", "value": 1.0}, {"product_id": "21867", "value": 1.0}, {"product_id": "21858", "value": 1.0}, {"product_id": "21871", "value": 1.0}, {"product_id": "21004", "value": 1.0}, {"product_id": "21008", "value": 1.0}, {"product_id": "26066", "value": 1.0}, {"product_id": "21010", "value": 1.0}, {"product_id": "21005", "value": 1.0}, {"product_id": "21009", "value": 1.0}, {"product_id": "13878", "value": 1.0}, {"product_id": "13877", "value": 1.0}, {"product_id": "21872", "value": 1.0}, {"product_id": "21011", "value": 1.0}, {"product_id": "21006", "value": 1.0}, {"product_id": "21007", "value": 1.0}, {"product_id": "21003", "value": 1.0}, {"product_id": "18029", "value": 1.0}, {"product_id": "21002", "value": 1.0}, {"product_id": "21012", "value": 1.0}, {"product_id": "26872", "value": 1.0}, {"product_id": "13879", "value": 1.0}, {"product_id": "21874", "value": 1.0}, {"product_id": "21884", "value": 1.0}, {"product_id": "21883", "value": 1.0}, {"product_id": "21877", "value": 1.0}, {"product_id": "21878", "value": 1.0}, {"product_id": "21015", "value": 1.0}, {"product_id": "21014", "value": 1.0}, {"product_id": "21876", "value": 1.0}, {"product_id": "21881", "value": 1.0}, {"product_id": "13880", "value": 1.0}, {"product_id": "18028", "value": 1.0}, {"product_id": "13882", "value": 1.0}, {"product_id": "21873", "value": 1.0}, {"product_id": "21875", "value": 1.0}, {"product_id": "21880", "value": 1.0}, {"product_id": "21882", "value": 1.0}, {"product_id": "13881", "value": 1.0}, {"product_id": "21879", "value": 1.0}, {"product_id": "21016", "value": 1.0}, {"product_id": "13885", "value": 1.0}, {"product_id": "21025", "value": 1.0}, {"product_id": "21021", "value": 1.0}, {"product_id": "21024", "value": 1.0}, {"product_id": "21028", "value": 1.0}, {"product_id": "21887", "value": 1.0}, {"product_id": "13884", "value": 1.0}, {"product_id": "21026", "value": 1.0}, {"product_id": "21886", "value": 1.0}, {"product_id": "21018", "value": 1.0}, {"product_id": "21885", "value": 1.0}, {"product_id": "13886", "value": 1.0}, {"product_id": "21019", "value": 1.0}, {"product_id": "21020", "value": 1.0}, {"product_id": "21017", "value": 1.0}, {"product_id": "13883", "value": 1.0}, {"product_id": "21027", "value": 1.0}, {"product_id": "21022", "value": 1.0}, {"product_id": "21023", "value": 1.0}, {"product_id": "21888", "value": 1.0}, {"product_id": "13890", "value": 1.0}, {"product_id": "13888", "value": 1.0}, {"product_id": "13891", "value": 1.0}, {"product_id": "21034", "value": 1.0}, {"product_id": "21029", "value": 1.0}, {"product_id": "21035", "value": 1.0}, {"product_id": "13887", "value": 1.0}, {"product_id": "21033", "value": 1.0}, {"product_id": "13889", "value": 1.0}, {"product_id": "21889", "value": 1.0}, {"product_id": "21890", "value": 1.0}, {"product_id": "21037", "value": 1.0}, {"product_id": "21032", "value": 1.0}, {"product_id": "20977", "value": 1.0}, {"product_id": "21841", "value": 1.0}, {"product_id": "21845", "value": 1.0}, {"product_id": "21842", "value": 1.0}, {"product_id": "21843", "value": 1.0}, {"product_id": "20976", "value": 1.0}, {"product_id": "21737", "value": 1.0}, {"product_id": "20978", "value": 1.0}, {"product_id": "21839", "value": 1.0}, {"product_id": "20974", "value": 1.0}, {"product_id": "20973", "value": 1.0}, {"product_id": "21844", "value": 1.0}, {"product_id": "20972", "value": 1.0}, {"product_id": "21840", "value": 1.0}, {"product_id": "21487", "value": 1.0}, {"product_id": "21478", "value": 1.0}, {"product_id": "21497", "value": 1.0}, {"product_id": "21489", "value": 1.0}, {"product_id": "21486", "value": 1.0}, {"product_id": "20979", "value": 1.0}, {"product_id": "21847", "value": 1.0}, {"product_id": "21849", "value": 1.0}, {"product_id": "26057", "value": 1.0}, {"product_id": "19783", "value": 1.0}, {"product_id": "21848", "value": 1.0}, {"product_id": "20988", "value": 1.0}, {"product_id": "20987", "value": 1.0}, {"product_id": "20986", "value": 1.0}, {"product_id": "20869", "value": 1.0}, {"product_id": "20981", "value": 1.0}, {"product_id": "20980", "value": 1.0}, {"product_id": "21732", "value": 1.0}, {"product_id": "21738", "value": 1.0}, {"product_id": "20985", "value": 1.0}, {"product_id": "26058", "value": 1.0}, {"product_id": "20982", "value": 1.0}, {"product_id": "20984", "value": 1.0}, {"product_id": "17020", "value": 1.0}, {"product_id": "21479", "value": 1.0}, {"product_id": "20992", "value": 1.0}, {"product_id": "21852", "value": 1.0}, {"product_id": "20995", "value": 1.0}, {"product_id": "20991", "value": 1.0}, {"product_id": "21855", "value": 1.0}, {"product_id": "21857", "value": 1.0}, {"product_id": "26060", "value": 1.0}, {"product_id": "21856", "value": 1.0}, {"product_id": "21854", "value": 1.0}, {"product_id": "20990", "value": 1.0}, {"product_id": "20993", "value": 1.0}, {"product_id": "22156", "value": 1.0}, {"product_id": "22153", "value": 1.0}, {"product_id": "22151", "value": 1.0}, {"product_id": "22339", "value": 1.0}, {"product_id": "21593", "value": 1.0}, {"product_id": "22152", "value": 1.0}, {"product_id": "22155", "value": 1.0}, {"product_id": "22168", "value": 1.0}, {"product_id": "21591", "value": 1.0}, {"product_id": "21592", "value": 1.0}, {"product_id": "21595", "value": 1.0}, {"product_id": "22161", "value": 1.0}, {"product_id": "21385", "value": 1.0}, {"product_id": "21393", "value": 1.0}, {"product_id": "22169", "value": 1.0}, {"product_id": "22157", "value": 1.0}, {"product_id": "21391", "value": 1.0}, {"product_id": "21388", "value": 1.0}, {"product_id": "21386", "value": 1.0}, {"product_id": "22162", "value": 1.0}, {"product_id": "22160", "value": 1.0}, {"product_id": "21392", "value": 1.0}, {"product_id": "21395", "value": 1.0}, {"product_id": "21598", "value": 1.0}, {"product_id": "21394", "value": 1.0}, {"product_id": "21390", "value": 1.0}, {"product_id": "21387", "value": 1.0}, {"product_id": "21597", "value": 1.0}, {"product_id": "21389", "value": 1.0}, {"product_id": "21397", "value": 1.0}, {"product_id": "19768", "value": 1.0}, {"product_id": "21596", "value": 1.0}, {"product_id": "22165", "value": 1.0}, {"product_id": "19782", "value": 1.0}, {"product_id": "21398", "value": 1.0}, {"product_id": "22135", "value": 1.0}, {"product_id": "25987", "value": 1.0}, {"product_id": "21396", "value": 1.0}, {"product_id": "22137", "value": 1.0}, {"product_id": "22134", "value": 1.0}, {"product_id": "22166", "value": 1.0}, {"product_id": "20971", "value": 1.0}, {"product_id": "22133", "value": 1.0}, {"product_id": "21399", "value": 1.0}, {"product_id": "22163", "value": 1.0}, {"product_id": "22136", "value": 1.0}, {"product_id": "22164", "value": 1.0}, {"product_id": "21838", "value": 1.0}, {"product_id": "13852", "value": 1.0}, {"product_id": "20975", "value": 1.0}, {"product_id": "26999", "value": 1.0}, {"product_id": "21371", "value": 1.0}, {"product_id": "26893", "value": 1.0}, {"product_id": "27001", "value": 1.0}, {"product_id": "26056", "value": 1.0}, {"product_id": "25046", "value": 1.0}, {"product_id": "21370", "value": 1.0}, {"product_id": "26894", "value": 1.0}, {"product_id": "26055", "value": 1.0}, {"product_id": "26891", "value": 1.0}, {"product_id": "26885", "value": 1.0}, {"product_id": "26890", "value": 1.0}, {"product_id": "26884", "value": 1.0}, {"product_id": "22145", "value": 1.0}, {"product_id": "26892", "value": 1.0}, {"product_id": "26998", "value": 1.0}, {"product_id": "26889", "value": 1.0}, {"product_id": "25036", "value": 1.0}, {"product_id": "25047", "value": 1.0}, {"product_id": "21374", "value": 1.0}, {"product_id": "21588", "value": 1.0}, {"product_id": "22148", "value": 1.0}, {"product_id": "26877", "value": 1.0}, {"product_id": "21590", "value": 1.0}, {"product_id": "21373", "value": 1.0}, {"product_id": "26878", "value": 1.0}, {"product_id": "21377", "value": 1.0}, {"product_id": "21375", "value": 1.0}, {"product_id": "22167", "value": 1.0}, {"product_id": "21589", "value": 1.0}, {"product_id": "21372", "value": 1.0}, {"product_id": "25875", "value": 1.0}, {"product_id": "26879", "value": 1.0}, {"product_id": "22333", "value": 1.0}, {"product_id": "21594", "value": 1.0}, {"product_id": "21376", "value": 1.0}, {"product_id": "25876", "value": 1.0}, {"product_id": "22146", "value": 1.0}, {"product_id": "22147", "value": 1.0}, {"product_id": "27886", "value": 1.0}, {"product_id": "21380", "value": 1.0}, {"product_id": "21383", "value": 1.0}, {"product_id": "21378", "value": 1.0}, {"product_id": "24288", "value": 1.0}, {"product_id": "22154", "value": 1.0}, {"product_id": "26888", "value": 1.0}, {"product_id": "21379", "value": 1.0}, {"product_id": "21382", "value": 1.0}, {"product_id": "21381", "value": 1.0}, {"product_id": "21384", "value": 1.0}]}