{"head": {"pricebook": "default", "shop": "storefront-catalog-en", "currency": "USD"}, "items": [{"product_id": "21853", "value": 1.0}, {"product_id": "26059", "value": 1.0}, {"product_id": "21850", "value": 1.0}, {"product_id": "21851", "value": 1.0}, {"product_id": "20994", "value": 1.0}, {"product_id": "20997", "value": 1.0}, {"product_id": "20989", "value": 1.0}, {"product_id": "20996", "value": 1.0}, {"product_id": "20998", "value": 1.0}, {"product_id": "20999", "value": 1.0}, {"product_id": "21860", "value": 1.0}, {"product_id": "18388", "value": 1.0}, {"product_id": "21861", "value": 1.0}, {"product_id": "21869", "value": 1.0}, {"product_id": "21864", "value": 1.0}, {"product_id": "21862", "value": 1.0}, {"product_id": "21863", "value": 1.0}, {"product_id": "21739", "value": 1.0}, {"product_id": "21001", "value": 1.0}, {"product_id": "22337", "value": 1.0}, {"product_id": "21000", "value": 1.0}, {"product_id": "21859", "value": 1.0}, {"product_id": "21866", "value": 1.0}, {"product_id": "21870", "value": 1.0}, {"product_id": "21865", "value": 1.0}, {"product_id": "21868", "value": 1.0}, {"product_id": "16257", "value": 1.0}, {"product_id": "21867", "value": 1.0}, {"product_id": "21858", "value": 1.0}, {"product_id": "21871", "value": 1.0}, {"product_id": "21004", "value": 1.0}, {"product_id": "21008", "value": 1.0}, {"product_id": "26066", "value": 1.0}, {"product_id": "21010", "value": 1.0}, {"product_id": "21005", "value": 1.0}, {"product_id": "21009", "value": 1.0}, {"product_id": "13878", "value": 1.0}, {"product_id": "13877", "value": 1.0}, {"product_id": "21872", "value": 1.0}, {"product_id": "21011", "value": 1.0}, {"product_id": "21006", "value": 1.0}, {"product_id": "21007", "value": 1.0}, {"product_id": "21003", "value": 1.0}, {"product_id": "18029", "value": 1.0}, {"product_id": "21002", "value": 1.0}, {"product_id": "21012", "value": 1.0}, {"product_id": "26872", "value": 1.0}, {"product_id": "13879", "value": 1.0}, {"product_id": "21874", "value": 1.0}, {"product_id": "21884", "value": 1.0}, {"product_id": "21883", "value": 1.0}, {"product_id": "21877", "value": 1.0}, {"product_id": "21878", "value": 1.0}, {"product_id": "21015", "value": 1.0}, {"product_id": "21014", "value": 1.0}, {"product_id": "21876", "value": 1.0}, {"product_id": "21881", "value": 1.0}, {"product_id": "13880", "value": 1.0}, {"product_id": "18028", "value": 1.0}, {"product_id": "13882", "value": 1.0}, {"product_id": "21873", "value": 1.0}, {"product_id": "21875", "value": 1.0}, {"product_id": "21880", "value": 1.0}, {"product_id": "21882", "value": 1.0}, {"product_id": "13881", "value": 1.0}, {"product_id": "21879", "value": 1.0}, {"product_id": "21016", "value": 1.0}, {"product_id": "13885", "value": 1.0}, {"product_id": "21025", "value": 1.0}, {"product_id": "21021", "value": 1.0}, {"product_id": "21024", "value": 1.0}, {"product_id": "21028", "value": 1.0}, {"product_id": "21887", "value": 1.0}, {"product_id": "13884", "value": 1.0}, {"product_id": "21026", "value": 1.0}, {"product_id": "21886", "value": 1.0}, {"product_id": "21018", "value": 1.0}, {"product_id": "21885", "value": 1.0}, {"product_id": "13886", "value": 1.0}, {"product_id": "21019", "value": 1.0}, {"product_id": "21020", "value": 1.0}, {"product_id": "21017", "value": 1.0}, {"product_id": "13883", "value": 1.0}, {"product_id": "21027", "value": 1.0}, {"product_id": "21022", "value": 1.0}, {"product_id": "21023", "value": 1.0}, {"product_id": "21888", "value": 1.0}, {"product_id": "13890", "value": 1.0}, {"product_id": "13888", "value": 1.0}, {"product_id": "13891", "value": 1.0}, {"product_id": "21034", "value": 1.0}, {"product_id": "21029", "value": 1.0}, {"product_id": "21035", "value": 1.0}, {"product_id": "13887", "value": 1.0}, {"product_id": "21033", "value": 1.0}, {"product_id": "13889", "value": 1.0}, {"product_id": "21889", "value": 1.0}, {"product_id": "21890", "value": 1.0}, {"product_id": "21037", "value": 1.0}, {"product_id": "21032", "value": 1.0}, {"product_id": "21894", "value": 1.0}, {"product_id": "22341", "value": 1.0}, {"product_id": "13894", "value": 1.0}, {"product_id": "22342", "value": 1.0}, {"product_id": "13899", "value": 1.0}, {"product_id": "13900", "value": 1.0}, {"product_id": "13895", "value": 1.0}, {"product_id": "13898", "value": 1.0}, {"product_id": "13896", "value": 1.0}, {"product_id": "22234", "value": 1.0}, {"product_id": "13901", "value": 1.0}, {"product_id": "13893", "value": 1.0}, {"product_id": "21895", "value": 1.0}, {"product_id": "21038", "value": 1.0}, {"product_id": "21896", "value": 1.0}, {"product_id": "22233", "value": 1.0}, {"product_id": "13897", "value": 1.0}, {"product_id": "22343", "value": 1.0}, {"product_id": "21039", "value": 1.0}, {"product_id": "13892", "value": 1.0}, {"product_id": "22235", "value": 1.0}, {"product_id": "21040", "value": 1.0}, {"product_id": "21905", "value": 1.0}, {"product_id": "22237", "value": 1.0}, {"product_id": "21906", "value": 1.0}, {"product_id": "21907", "value": 1.0}, {"product_id": "22238", "value": 1.0}, {"product_id": "21904", "value": 1.0}, {"product_id": "21899", "value": 1.0}, {"product_id": "13902", "value": 1.0}, {"product_id": "21903", "value": 1.0}, {"product_id": "21898", "value": 1.0}, {"product_id": "13904", "value": 1.0}, {"product_id": "21909", "value": 1.0}, {"product_id": "21901", "value": 1.0}, {"product_id": "21900", "value": 1.0}, {"product_id": "21897", "value": 1.0}, {"product_id": "21902", "value": 1.0}, {"product_id": "21908", "value": 1.0}, {"product_id": "13903", "value": 1.0}, {"product_id": "22236", "value": 1.0}, {"product_id": "21911", "value": 1.0}, {"product_id": "21918", "value": 1.0}, {"product_id": "21916", "value": 1.0}, {"product_id": "21912", "value": 1.0}, {"product_id": "21924", "value": 1.0}, {"product_id": "21922", "value": 1.0}, {"product_id": "21919", "value": 1.0}, {"product_id": "21917", "value": 1.0}, {"product_id": "13905", "value": 1.0}, {"product_id": "13914", "value": 1.0}, {"product_id": "15089", "value": 1.0}, {"product_id": "21925", "value": 1.0}, {"product_id": "21910", "value": 1.0}, {"product_id": "21914", "value": 1.0}, {"product_id": "21913", "value": 1.0}, {"product_id": "21921", "value": 1.0}, {"product_id": "21915", "value": 1.0}, {"product_id": "21923", "value": 1.0}, {"product_id": "18030", "value": 1.0}, {"product_id": "21920", "value": 1.0}, {"product_id": "21931", "value": 1.0}, {"product_id": "21928", "value": 1.0}, {"product_id": "21046", "value": 1.0}, {"product_id": "21927", "value": 1.0}, {"product_id": "21049", "value": 1.0}, {"product_id": "21042", "value": 1.0}, {"product_id": "21051", "value": 1.0}, {"product_id": "21926", "value": 1.0}, {"product_id": "21043", "value": 1.0}, {"product_id": "13907", "value": 1.0}, {"product_id": "21041", "value": 1.0}, {"product_id": "21048", "value": 1.0}, {"product_id": "21047", "value": 1.0}, {"product_id": "21044", "value": 1.0}, {"product_id": "21930", "value": 1.0}, {"product_id": "21052", "value": 1.0}, {"product_id": "21050", "value": 1.0}, {"product_id": "13906", "value": 1.0}, {"product_id": "21045", "value": 1.0}, {"product_id": "21929", "value": 1.0}, {"product_id": "21054", "value": 1.0}, {"product_id": "21058", "value": 1.0}, {"product_id": "21056", "value": 1.0}, {"product_id": "21932", "value": 1.0}, {"product_id": "13909", "value": 1.0}, {"product_id": "21053", "value": 1.0}, {"product_id": "21060", "value": 1.0}, {"product_id": "21059", "value": 1.0}, {"product_id": "18031", "value": 1.0}, {"product_id": "21934", "value": 1.0}, {"product_id": "25448", "value": 1.0}, {"product_id": "21937", "value": 1.0}, {"product_id": "13908", "value": 1.0}, {"product_id": "21061", "value": 1.0}, {"product_id": "21062", "value": 1.0}, {"product_id": "21933", "value": 1.0}, {"product_id": "21935", "value": 1.0}, {"product_id": "21055", "value": 1.0}, {"product_id": "21936", "value": 1.0}]}