{
    "head": {
        "store mapping": [
            {
                "store_id": "Fifth_Avenue",
                "fulfillment_node_id": "Fifth_Avenue"
            }
        ],
        "mode": "atp"
    },
    "items": [
        {
            "product_id": "7034890354842",
            "quantity": 10,
            "fulfillment_node_id": "Fifth_Avenue"
        },
        {
            "product_id": "7034890387610",
            "quantity": 10,
            "fulfillment_node_id": "Fifth_Avenue"
        },
        {
            "product_id": "7034890420378",
            "quantity": 10,
            "fulfillment_node_id": "Fifth_Avenue"
        },
        {
            "product_id": "7034890453146",
            "quantity": 10,
            "fulfillment_node_id": "Fifth_Avenue"
        },
        {
            "product_id": "7034890485914",
            "quantity": 10,
            "fulfillment_node_id": "Fifth_Avenue"
        },
        {
            "product_id": "7034890518682",
            "quantity": 10,
            "fulfillment_node_id": "Fifth_Avenue"
        },
        {
            "product_id": "7034890551450",
            "quantity": 10,
            "fulfillment_node_id": "Fifth_Avenue"
        },
        {
            "product_id": "7034890584218",
            "quantity": 10,
            "fulfillment_node_id": "Fifth_Avenue"
        },
        {
            "product_id": "7034890616986",
            "quantity": 10,
            "fulfillment_node_id": "Fifth_Avenue"
        },
        {
            "product_id": "7034890649754",
            "quantity": 10,
            "fulfillment_node_id": "Fifth_Avenue"
        },
        {
            "product_id": "7034890682522",
            "quantity": 10,
            "fulfillment_node_id": "Fifth_Avenue"
        },
        {
            "product_id": "7034890715290",
            "quantity": 10,
            "fulfillment_node_id": "Fifth_Avenue"
        },
        {
            "product_id": "7034890748058",
            "quantity": 10,
            "fulfillment_node_id": "Fifth_Avenue"
        },
        {
            "product_id": "7034890780826",
            "quantity": 10,
            "fulfillment_node_id": "Fifth_Avenue"
        },
        {
            "product_id": "7034890813594",
            "quantity": 10,
            "fulfillment_node_id": "Fifth_Avenue"
        },
        {
            "product_id": "7034890846362",
            "quantity": 10,
            "fulfillment_node_id": "Fifth_Avenue"
        },
        {
            "product_id": "7034890879130",
            "quantity": 10,
            "fulfillment_node_id": "Fifth_Avenue"
        },
        {
            "product_id": "7034890911898",
            "quantity": 10,
            "fulfillment_node_id": "Fifth_Avenue"
        },
        {
            "product_id": "7034890944666",
            "quantity": 10,
            "fulfillment_node_id": "Fifth_Avenue"
        },
        {
            "product_id": "7034890977434",
            "quantity": 10,
            "fulfillment_node_id": "Fifth_Avenue"
        },
        {
            "product_id": "7034891010202",
            "quantity": 10,
            "fulfillment_node_id": "Fifth_Avenue"
        },
        {
            "product_id": "7034891042970",
            "quantity": 10,
            "fulfillment_node_id": "Fifth_Avenue"
        },
        {
            "product_id": "7034891075738",
            "quantity": 10,
            "fulfillment_node_id": "Fifth_Avenue"
        },
        {
            "product_id": "7034891108506",
            "quantity": 10,
            "fulfillment_node_id": "Fifth_Avenue"
        },
        {
            "product_id": "7034891141274",
            "quantity": 10,
            "fulfillment_node_id": "Fifth_Avenue"
        },
        {
            "product_id": "7034891174042",
            "quantity": 10,
            "fulfillment_node_id": "Fifth_Avenue"
        },
        {
            "product_id": "7034891239578",
            "quantity": 10,
            "fulfillment_node_id": "Fifth_Avenue"
        },
        {
            "product_id": "7034891272346",
            "quantity": 10,
            "fulfillment_node_id": "Fifth_Avenue"
        },
        {
            "product_id": "7034891305114",
            "quantity": 10,
            "fulfillment_node_id": "Fifth_Avenue"
        },
        {
            "product_id": "7034891337882",
            "quantity": 10,
            "fulfillment_node_id": "Fifth_Avenue"
        },
        {
            "product_id": "7034891370650",
            "quantity": 10,
            "fulfillment_node_id": "Fifth_Avenue"
        },
        {
            "product_id": "7034891403418",
            "quantity": 10,
            "fulfillment_node_id": "Fifth_Avenue"
        },
        {
            "product_id": "7034891436186",
            "quantity": 10,
            "fulfillment_node_id": "Fifth_Avenue"
        },
        {
            "product_id": "7034891468954",
            "quantity": 10,
            "fulfillment_node_id": "Fifth_Avenue"
        },
        {
            "product_id": "7034891501722",
            "quantity": 10,
            "fulfillment_node_id": "Fifth_Avenue"
        },
        {
            "product_id": "7034891534490",
            "quantity": 10,
            "fulfillment_node_id": "Fifth_Avenue"
        },
        {
            "product_id": "7034891567258",
            "quantity": 10,
            "fulfillment_node_id": "Fifth_Avenue"
        },
        {
            "product_id": "7034891600026",
            "quantity": 10,
            "fulfillment_node_id": "Fifth_Avenue"
        },
        {
            "product_id": "7034891632794",
            "quantity": 10,
            "fulfillment_node_id": "Fifth_Avenue"
        },
        {
            "product_id": "7034891665562",
            "quantity": 10,
            "fulfillment_node_id": "Fifth_Avenue"
        },
        {
            "product_id": "7034891698330",
            "quantity": 10,
            "fulfillment_node_id": "Fifth_Avenue"
        },
        {
            "product_id": "7034891763866",
            "quantity": 10,
            "fulfillment_node_id": "Fifth_Avenue"
        },
        {
            "product_id": "7034891796634",
            "quantity": 10,
            "fulfillment_node_id": "Fifth_Avenue"
        },
        {
            "product_id": "7034891829402",
            "quantity": 10,
            "fulfillment_node_id": "Fifth_Avenue"
        },
        {
            "product_id": "7034891862170",
            "quantity": 10,
            "fulfillment_node_id": "Fifth_Avenue"
        },
        {
            "product_id": "7034891894938",
            "quantity": 10,
            "fulfillment_node_id": "Fifth_Avenue"
        },
        {
            "product_id": "7034891927706",
            "quantity": 10,
            "fulfillment_node_id": "Fifth_Avenue"
        },
        {
            "product_id": "7034891960474",
            "quantity": 10,
            "fulfillment_node_id": "Fifth_Avenue"
        },
        {
            "product_id": "7034891993242",
            "quantity": 10,
            "fulfillment_node_id": "Fifth_Avenue"
        }
    ]
}