{"head": {"pricebook": "default", "shop": "storefront-catalog-en", "currency": "USD"}, "items": [{"product_id": "20433", "value": 1.0}, {"product_id": "7991", "value": 1.0}, {"product_id": "7788", "value": 1.0}, {"product_id": "27010", "value": 1.0}, {"product_id": "27009", "value": 1.0}, {"product_id": "20414", "value": 1.0}, {"product_id": "8068", "value": 1.0}, {"product_id": "8671", "value": 1.0}, {"product_id": "10075", "value": 1.0}, {"product_id": "10182", "value": 1.0}, {"product_id": "9118", "value": 1.0}, {"product_id": "9436", "value": 1.0}, {"product_id": "9726", "value": 1.0}, {"product_id": "23197", "value": 1.0}, {"product_id": "16151", "value": 1.0}, {"product_id": "26066", "value": 1.0}, {"product_id": "26872", "value": 1.0}, {"product_id": "9327", "value": 1.0}, {"product_id": "8346", "value": 1.0}, {"product_id": "10652", "value": 1.0}, {"product_id": "26000", "value": 1.0}, {"product_id": "9676", "value": 1.0}, {"product_id": "25999", "value": 1.0}, {"product_id": "20403", "value": 1.0}, {"product_id": "20399", "value": 1.0}, {"product_id": "20039", "value": 1.0}, {"product_id": "16222", "value": 1.0}, {"product_id": "20038", "value": 1.0}, {"product_id": "10213", "value": 1.0}, {"product_id": "9886", "value": 1.0}, {"product_id": "10264", "value": 1.0}, {"product_id": "10797", "value": 1.0}, {"product_id": "8816", "value": 1.0}, {"product_id": "8741", "value": 1.0}, {"product_id": "8928", "value": 1.0}, {"product_id": "9596", "value": 1.0}, {"product_id": "26670", "value": 1.0}, {"product_id": "26570", "value": 1.0}, {"product_id": "19412", "value": 1.0}, {"product_id": "26671", "value": 1.0}, {"product_id": "26672", "value": 1.0}, {"product_id": "26571", "value": 1.0}, {"product_id": "18764", "value": 1.0}, {"product_id": "17123", "value": 1.0}, {"product_id": "18809", "value": 1.0}, {"product_id": "17121", "value": 1.0}, {"product_id": "18756", "value": 1.0}, {"product_id": "18757", "value": 1.0}, {"product_id": "18769", "value": 1.0}, {"product_id": "18758", "value": 1.0}]}