{"head": {"pricebook": "default", "shop": "storefront-catalog-en", "currency": "USD"}, "items": [{"product_id": "24296", "value": 1.0}, {"product_id": "24294", "value": 1.0}, {"product_id": "24292", "value": 1.0}, {"product_id": "24295", "value": 1.0}, {"product_id": "18460", "value": 1.0}, {"product_id": "17459", "value": 1.0}, {"product_id": "17521", "value": 1.0}, {"product_id": "17522", "value": 1.0}, {"product_id": "18311", "value": 1.0}, {"product_id": "18434", "value": 1.0}, {"product_id": "18285", "value": 1.0}, {"product_id": "17558", "value": 1.0}, {"product_id": "17556", "value": 1.0}, {"product_id": "17557", "value": 1.0}, {"product_id": "17470", "value": 1.0}, {"product_id": "17468", "value": 1.0}, {"product_id": "17469", "value": 1.0}, {"product_id": "21718", "value": 1.0}, {"product_id": "21717", "value": 1.0}, {"product_id": "21716", "value": 1.0}, {"product_id": "22334", "value": 1.0}, {"product_id": "20611", "value": 1.0}, {"product_id": "20604", "value": 1.0}, {"product_id": "20605", "value": 1.0}, {"product_id": "18432", "value": 1.0}, {"product_id": "12374", "value": 1.0}, {"product_id": "17528", "value": 1.0}, {"product_id": "17529", "value": 1.0}, {"product_id": "17518", "value": 1.0}, {"product_id": "9256", "value": 1.0}, {"product_id": "10589", "value": 1.0}, {"product_id": "17486", "value": 1.0}, {"product_id": "11852", "value": 1.0}, {"product_id": "11795", "value": 1.0}, {"product_id": "15042", "value": 1.0}, {"product_id": "12740", "value": 1.0}, {"product_id": "12421", "value": 1.0}, {"product_id": "17527", "value": 1.0}, {"product_id": "17536", "value": 1.0}, {"product_id": "10505", "value": 1.0}, {"product_id": "18287", "value": 1.0}, {"product_id": "18289", "value": 1.0}, {"product_id": "18290", "value": 1.0}, {"product_id": "10247", "value": 1.0}, {"product_id": "10720", "value": 1.0}, {"product_id": "12726", "value": 1.0}, {"product_id": "17482", "value": 1.0}, {"product_id": "17481", "value": 1.0}, {"product_id": "17480", "value": 1.0}, {"product_id": "17498", "value": 1.0}, {"product_id": "17497", "value": 1.0}, {"product_id": "20608", "value": 1.0}, {"product_id": "11846", "value": 1.0}, {"product_id": "11768", "value": 1.0}, {"product_id": "12796", "value": 1.0}, {"product_id": "11998", "value": 1.0}, {"product_id": "12244", "value": 1.0}, {"product_id": "12604", "value": 1.0}, {"product_id": "12621", "value": 1.0}, {"product_id": "18441", "value": 1.0}, {"product_id": "18440", "value": 1.0}, {"product_id": "17494", "value": 1.0}, {"product_id": "17495", "value": 1.0}, {"product_id": "17493", "value": 1.0}, {"product_id": "17519", "value": 1.0}, {"product_id": "17524", "value": 1.0}, {"product_id": "15075", "value": 1.0}, {"product_id": "15074", "value": 1.0}, {"product_id": "15073", "value": 1.0}, {"product_id": "15053", "value": 1.0}, {"product_id": "18462", "value": 1.0}, {"product_id": "9512", "value": 1.0}, {"product_id": "12708", "value": 1.0}]}