{
    "head": {
        "store_mapping": [
            {
                "store_id": null,
                "fulfillment_node_id": "303-Main"
            }
        ],
        "mode": "atp"
    },
    "items": [
        {
            "product_id": "706030970183",
            "quantity": 20,
            "fulfillment_node_id": "303-Main"
        },
        {
            "product_id": "703060436498",
            "quantity": 20,
            "fulfillment_node_id": "303-Main"
        },
        {
            "product_id": "706030985927",
            "quantity": 20,
            "fulfillment_node_id": "303-Main"
        }
    ]
}