{
    "head": {
        "pricebook": "default",
        "shop": "storefront-catalog-en",
        "currency": "USD"
    },
    "items": [
        {
            "product_id": "14431",
            "value": 1.0
        },
        {
            "product_id": "14432",
            "value": 1.0
        },
        {
            "product_id": "14436",
            "value": 1.0
        },
        {
            "product_id": "14437",
            "value": 1.0
        },
        {
            "product_id": "14562",
            "value": 1.0
        },
        {
            "product_id": "15581",
            "value": 1.0
        },
        {
            "product_id": "15582",
            "value": 1.0
        },
        {
            "product_id": "15583",
            "value": 1.0
        },
        {
            "product_id": "15584",
            "value": 1.0
        },
        {
            "product_id": "15585",
            "value": 1.0
        },
        {
            "product_id": "15586",
            "value": 1.0
        },
        {
            "product_id": "15587",
            "value": 1.0
        },
        {
            "product_id": "15588",
            "value": 1.0
        },
        {
            "product_id": "16715",
            "value": 1.0
        },
        {
            "product_id": "16716",
            "value": 1.0
        },
        {
            "product_id": "16717",
            "value": 1.0
        },
        {
            "product_id": "16718",
            "value": 1.0
        },
        {
            "product_id": "16719",
            "value": 1.0
        },
        {
            "product_id": "16720",
            "value": 1.0
        },
        {
            "product_id": "16721",
            "value": 1.0
        },
        {
            "product_id": "16722",
            "value": 1.0
        },
        {
            "product_id": "17255",
            "value": 1.0
        },
        {
            "product_id": "17256",
            "value": 1.0
        },
        {
            "product_id": "17257",
            "value": 1.0
        },
        {
            "product_id": "17258",
            "value": 1.0
        },
        {
            "product_id": "17259",
            "value": 1.0
        },
        {
            "product_id": "17260",
            "value": 1.0
        },
        {
            "product_id": "17261",
            "value": 1.0
        },
        {
            "product_id": "17263",
            "value": 1.0
        },
        {
            "product_id": "17264",
            "value": 1.0
        },
        {
            "product_id": "17265",
            "value": 1.0
        },
        {
            "product_id": "17266",
            "value": 1.0
        },
        {
            "product_id": "17267",
            "value": 1.0
        },
        {
            "product_id": "17268",
            "value": 1.0
        },
        {
            "product_id": "17269",
            "value": 1.0
        },
        {
            "product_id": "17274",
            "value": 1.0
        },
        {
            "product_id": "17275",
            "value": 1.0
        },
        {
            "product_id": "17276",
            "value": 1.0
        },
        {
            "product_id": "17277",
            "value": 1.0
        },
        {
            "product_id": "17278",
            "value": 1.0
        },
        {
            "product_id": "17279",
            "value": 1.0
        },
        {
            "product_id": "17280",
            "value": 1.0
        },
        {
            "product_id": "17282",
            "value": 1.0
        },
        {
            "product_id": "17283",
            "value": 1.0
        },
        {
            "product_id": "17284",
            "value": 1.0
        },
        {
            "product_id": "17285",
            "value": 1.0
        },
        {
            "product_id": "17286",
            "value": 1.0
        },
        {
            "product_id": "17287",
            "value": 1.0
        },
        {
            "product_id": "17289",
            "value": 1.0
        },
        {
            "product_id": "17290",
            "value": 1.0
        },
        {
            "product_id": "17291",
            "value": 1.0
        },
        {
            "product_id": "17292",
            "value": 1.0
        },
        {
            "product_id": "17293",
            "value": 1.0
        },
        {
            "product_id": "17294",
            "value": 1.0
        },
        {
            "product_id": "17295",
            "value": 1.0
        },
        {
            "product_id": "17297",
            "value": 1.0
        },
        {
            "product_id": "17298",
            "value": 1.0
        },
        {
            "product_id": "17299",
            "value": 1.0
        },
        {
            "product_id": "17300",
            "value": 1.0
        },
        {
            "product_id": "17301",
            "value": 1.0
        },
        {
            "product_id": "17302",
            "value": 1.0
        },
        {
            "product_id": "17303",
            "value": 1.0
        },
        {
            "product_id": "19455",
            "value": 1.0
        },
        {
            "product_id": "17305",
            "value": 1.0
        },
        {
            "product_id": "17321",
            "value": 1.0
        },
        {
            "product_id": "17308",
            "value": 1.0
        },
        {
            "product_id": "17309",
            "value": 1.0
        },
        {
            "product_id": "17310",
            "value": 1.0
        },
        {
            "product_id": "17311",
            "value": 1.0
        },
        {
            "product_id": "17336",
            "value": 1.0
        },
        {
            "product_id": "17337",
            "value": 1.0
        },
        {
            "product_id": "17338",
            "value": 1.0
        },
        {
            "product_id": "17339",
            "value": 1.0
        },
        {
            "product_id": "17340",
            "value": 1.0
        },
        {
            "product_id": "17342",
            "value": 1.0
        },
        {
            "product_id": "17343",
            "value": 1.0
        },
        {
            "product_id": "17344",
            "value": 1.0
        },
        {
            "product_id": "17345",
            "value": 1.0
        },
        {
            "product_id": "17346",
            "value": 1.0
        },
        {
            "product_id": "17347",
            "value": 1.0
        },
        {
            "product_id": "17348",
            "value": 1.0
        },
        {
            "product_id": "17349",
            "value": 1.0
        },
        {
            "product_id": "17351",
            "value": 1.0
        },
        {
            "product_id": "17352",
            "value": 1.0
        },
        {
            "product_id": "17353",
            "value": 1.0
        },
        {
            "product_id": "17354",
            "value": 1.0
        },
        {
            "product_id": "17355",
            "value": 1.0
        },
        {
            "product_id": "17356",
            "value": 1.0
        },
        {
            "product_id": "17358",
            "value": 1.0
        },
        {
            "product_id": "17359",
            "value": 1.0
        },
        {
            "product_id": "17360",
            "value": 1.0
        },
        {
            "product_id": "17361",
            "value": 1.0
        },
        {
            "product_id": "17362",
            "value": 1.0
        },
        {
            "product_id": "17363",
            "value": 1.0
        },
        {
            "product_id": "17387",
            "value": 1.0
        },
        {
            "product_id": "17388",
            "value": 1.0
        },
        {
            "product_id": "17389",
            "value": 1.0
        },
        {
            "product_id": "17323",
            "value": 1.0
        },
        {
            "product_id": "17324",
            "value": 1.0
        },
        {
            "product_id": "17325",
            "value": 1.0
        },
        {
            "product_id": "17326",
            "value": 1.0
        },
        {
            "product_id": "17327",
            "value": 1.0
        },
        {
            "product_id": "17328",
            "value": 1.0
        },
        {
            "product_id": "17485",
            "value": 1.0
        },
        {
            "product_id": "17484",
            "value": 1.0
        },
        {
            "product_id": "17491",
            "value": 1.0
        },
        {
            "product_id": "17488",
            "value": 1.0
        },
        {
            "product_id": "17489",
            "value": 1.0
        },
        {
            "product_id": "17490",
            "value": 1.0
        },
        {
            "product_id": "17494",
            "value": 1.0
        },
        {
            "product_id": "17495",
            "value": 1.0
        },
        {
            "product_id": "17493",
            "value": 1.0
        },
        {
            "product_id": "17505",
            "value": 1.0
        },
        {
            "product_id": "17507",
            "value": 1.0
        },
        {
            "product_id": "17506",
            "value": 1.0
        },
        {
            "product_id": "17512",
            "value": 1.0
        },
        {
            "product_id": "17513",
            "value": 1.0
        },
        {
            "product_id": "17470",
            "value": 1.0
        },
        {
            "product_id": "17468",
            "value": 1.0
        },
        {
            "product_id": "17469",
            "value": 1.0
        },
        {
            "product_id": "17558",
            "value": 1.0
        },
        {
            "product_id": "17556",
            "value": 1.0
        },
        {
            "product_id": "17557",
            "value": 1.0
        },
        {
            "product_id": "17759",
            "value": 1.0
        },
        {
            "product_id": "17760",
            "value": 1.0
        },
        {
            "product_id": "17761",
            "value": 1.0
        },
        {
            "product_id": "17762",
            "value": 1.0
        },
        {
            "product_id": "17763",
            "value": 1.0
        },
        {
            "product_id": "17764",
            "value": 1.0
        },
        {
            "product_id": "17775",
            "value": 1.0
        },
        {
            "product_id": "17776",
            "value": 1.0
        },
        {
            "product_id": "17777",
            "value": 1.0
        },
        {
            "product_id": "17778",
            "value": 1.0
        },
        {
            "product_id": "17779",
            "value": 1.0
        },
        {
            "product_id": "17780",
            "value": 1.0
        },
        {
            "product_id": "17781",
            "value": 1.0
        },
        {
            "product_id": "17782",
            "value": 1.0
        },
        {
            "product_id": "17784",
            "value": 1.0
        },
        {
            "product_id": "17785",
            "value": 1.0
        },
        {
            "product_id": "17786",
            "value": 1.0
        },
        {
            "product_id": "17787",
            "value": 1.0
        },
        {
            "product_id": "17788",
            "value": 1.0
        },
        {
            "product_id": "17789",
            "value": 1.0
        },
        {
            "product_id": "17790",
            "value": 1.0
        },
        {
            "product_id": "17791",
            "value": 1.0
        },
        {
            "product_id": "17793",
            "value": 1.0
        },
        {
            "product_id": "17794",
            "value": 1.0
        },
        {
            "product_id": "17796",
            "value": 1.0
        },
        {
            "product_id": "17797",
            "value": 1.0
        },
        {
            "product_id": "17798",
            "value": 1.0
        },
        {
            "product_id": "17799",
            "value": 1.0
        },
        {
            "product_id": "17800",
            "value": 1.0
        },
        {
            "product_id": "17802",
            "value": 1.0
        },
        {
            "product_id": "17803",
            "value": 1.0
        },
        {
            "product_id": "17804",
            "value": 1.0
        },
        {
            "product_id": "17805",
            "value": 1.0
        },
        {
            "product_id": "17806",
            "value": 1.0
        },
        {
            "product_id": "17807",
            "value": 1.0
        },
        {
            "product_id": "17808",
            "value": 1.0
        },
        {
            "product_id": "17811",
            "value": 1.0
        },
        {
            "product_id": "17812",
            "value": 1.0
        },
        {
            "product_id": "17813",
            "value": 1.0
        },
        {
            "product_id": "17814",
            "value": 1.0
        },
        {
            "product_id": "17815",
            "value": 1.0
        },
        {
            "product_id": "17816",
            "value": 1.0
        },
        {
            "product_id": "17817",
            "value": 1.0
        },
        {
            "product_id": "17818",
            "value": 1.0
        },
        {
            "product_id": "17820",
            "value": 1.0
        },
        {
            "product_id": "17821",
            "value": 1.0
        },
        {
            "product_id": "17822",
            "value": 1.0
        },
        {
            "product_id": "17823",
            "value": 1.0
        },
        {
            "product_id": "17824",
            "value": 1.0
        },
        {
            "product_id": "17825",
            "value": 1.0
        },
        {
            "product_id": "17835",
            "value": 1.0
        },
        {
            "product_id": "17836",
            "value": 1.0
        },
        {
            "product_id": "17837",
            "value": 1.0
        },
        {
            "product_id": "17838",
            "value": 1.0
        },
        {
            "product_id": "17839",
            "value": 1.0
        },
        {
            "product_id": "17840",
            "value": 1.0
        },
        {
            "product_id": "17841",
            "value": 1.0
        },
        {
            "product_id": "17842",
            "value": 1.0
        },
        {
            "product_id": "18112",
            "value": 1.0
        },
        {
            "product_id": "18113",
            "value": 1.0
        },
        {
            "product_id": "18114",
            "value": 1.0
        },
        {
            "product_id": "18115",
            "value": 1.0
        },
        {
            "product_id": "18116",
            "value": 1.0
        },
        {
            "product_id": "18117",
            "value": 1.0
        },
        {
            "product_id": "18118",
            "value": 1.0
        },
        {
            "product_id": "18120",
            "value": 1.0
        },
        {
            "product_id": "18121",
            "value": 1.0
        },
        {
            "product_id": "18122",
            "value": 1.0
        },
        {
            "product_id": "18123",
            "value": 1.0
        },
        {
            "product_id": "18124",
            "value": 1.0
        },
        {
            "product_id": "18125",
            "value": 1.0
        },
        {
            "product_id": "18126",
            "value": 1.0
        },
        {
            "product_id": "17827",
            "value": 1.0
        },
        {
            "product_id": "17828",
            "value": 1.0
        },
        {
            "product_id": "17829",
            "value": 1.0
        },
        {
            "product_id": "17830",
            "value": 1.0
        },
        {
            "product_id": "17831",
            "value": 1.0
        },
        {
            "product_id": "17832",
            "value": 1.0
        },
        {
            "product_id": "17833",
            "value": 1.0
        },
        {
            "product_id": "18191",
            "value": 1.0
        },
        {
            "product_id": "18192",
            "value": 1.0
        },
        {
            "product_id": "18193",
            "value": 1.0
        },
        {
            "product_id": "18194",
            "value": 1.0
        },
        {
            "product_id": "18195",
            "value": 1.0
        },
        {
            "product_id": "18196",
            "value": 1.0
        },
        {
            "product_id": "18197",
            "value": 1.0
        },
        {
            "product_id": "18198",
            "value": 1.0
        },
        {
            "product_id": "18199",
            "value": 1.0
        },
        {
            "product_id": "18200",
            "value": 1.0
        },
        {
            "product_id": "18201",
            "value": 1.0
        },
        {
            "product_id": "18202",
            "value": 1.0
        },
        {
            "product_id": "18203",
            "value": 1.0
        },
        {
            "product_id": "18204",
            "value": 1.0
        },
        {
            "product_id": "18152",
            "value": 1.0
        },
        {
            "product_id": "18153",
            "value": 1.0
        },
        {
            "product_id": "18154",
            "value": 1.0
        },
        {
            "product_id": "18155",
            "value": 1.0
        },
        {
            "product_id": "18156",
            "value": 1.0
        },
        {
            "product_id": "18174",
            "value": 1.0
        },
        {
            "product_id": "18244",
            "value": 1.0
        },
        {
            "product_id": "18245",
            "value": 1.0
        },
        {
            "product_id": "18246",
            "value": 1.0
        },
        {
            "product_id": "18247",
            "value": 1.0
        },
        {
            "product_id": "18248",
            "value": 1.0
        },
        {
            "product_id": "18249",
            "value": 1.0
        },
        {
            "product_id": "18250",
            "value": 1.0
        },
        {
            "product_id": "18285",
            "value": 1.0
        },
        {
            "product_id": "18297",
            "value": 1.0
        },
        {
            "product_id": "18300",
            "value": 1.0
        },
        {
            "product_id": "18305",
            "value": 1.0
        },
        {
            "product_id": "18304",
            "value": 1.0
        },
        {
            "product_id": "18303",
            "value": 1.0
        },
        {
            "product_id": "18309",
            "value": 1.0
        },
        {
            "product_id": "18310",
            "value": 1.0
        },
        {
            "product_id": "18313",
            "value": 1.0
        },
        {
            "product_id": "18314",
            "value": 1.0
        },
        {
            "product_id": "18317",
            "value": 1.0
        },
        {
            "product_id": "18318",
            "value": 1.0
        },
        {
            "product_id": "18316",
            "value": 1.0
        },
        {
            "product_id": "18412",
            "value": 1.0
        },
        {
            "product_id": "18411",
            "value": 1.0
        },
        {
            "product_id": "18410",
            "value": 1.0
        },
        {
            "product_id": "18423",
            "value": 1.0
        },
        {
            "product_id": "18424",
            "value": 1.0
        },
        {
            "product_id": "18292",
            "value": 1.0
        },
        {
            "product_id": "18294",
            "value": 1.0
        },
        {
            "product_id": "18293",
            "value": 1.0
        },
        {
            "product_id": "18295",
            "value": 1.0
        },
        {
            "product_id": "18429",
            "value": 1.0
        },
        {
            "product_id": "18430",
            "value": 1.0
        }
    ]
}