{
    "head": {
        "shop": "storefront-catalog-en",
        "locale": "en-CA",
        "is_master": false,
        "searchable_attributes": [
            {
                "name": "product_id",
                "path": "$.product_id",
                "weight": 10
            },
            {
                "name": "ax_item_number",
                "path": "$.external_identifiers[?(@.type == 'ax_item_number')].value",
                "weight": 5
            }
        ]
    },
    "items": [
        {
            "is_searchable": true,
            "is_published": true,
            "show_in_listing": true,
            "product_id": "703060857927",
            "variant_group_id": "1846911",
            "external_identifiers": [
                {
                    "type": "sku",
                    "value": "20233076-fco-000000101"
                },
                {
                    "type": "upc",
                    "value": "703060857927"
                },
                {
                    "type": "ax_item_number",
                    "value": "20233076"
                }
            ],
            "title": "Buck Creek Camp Shirt",
            "caption": "Heavyweight 8-wale corduroy with the warmth of a jacket.",
            "description": "Our Buck Creek Camp Shirt fuses the relaxed, easy fit of a classic camp shirt with corduroy, the heavy-duty fabric that earned its reputation for warmth and durability on the backs of medieval farmers and hunters. The chest pocket flaps feature hidden buttons to avoid snagging on ropes or equipment. Dual rear shoulder pleats and side-hem slits provide ease of motion. Unstructured camp collar and straight hem. Buttoning front closure and adjustable cuffs.",
            "shipping_weight_unit": "lb",
            "shipping_weight_value": 0,
            "shipping_dimension_length": 0,
            "shipping_dimension_width": 0,
            "shipping_dimension_height": 0,
            "shipping_dimension_unit": "in",
            "images": [
                {
                    "url": "https:\/\/filson-canto.imgix.net\/cim1os6fuh6rr485puegji036s\/NF7sR2Ax_hOBIW8Ek7vopRx5z3M\/original",
                    "title": "Main image of a Filson Buck Creek Camp Shirt in Black",
                    "is_main": true,
                    "alt_text": "Main image of a Filson Buck Creek Camp Shirt in Black"
                },
                {
                    "url": "https:\/\/filson-canto.imgix.net\/ga3n1782lp4i3d92kgrci13a75\/OlcTgNmmxusgGY9mBIoJwBxIIj0\/original",
                    "title": "Main image of a Filson Buck Creek Camp Shirt in Heartwood",
                    "is_main": false,
                    "alt_text": "Main image of a Filson Buck Creek Camp Shirt in Heartwood"
                },
                {
                    "url": "https:\/\/filson-canto.imgix.net\/p5fiabecpl3n92a3v4ih3tgd4r\/Ui-th6RjtIK_vvzLGdzcGWn2QAI\/original",
                    "title": "Alternate image of a Filson Buck Creek Camp Shirt in Black",
                    "is_main": false,
                    "alt_text": "Alternate image of a Filson Buck Creek Camp Shirt in Black"
                },
                {
                    "url": "https:\/\/filson-canto.imgix.net\/db5vopi14p38rbk6cas7qatl20\/1dwCc9luoDhWgaWlvJgAZHHpuIo\/original",
                    "title": "Alternate image of a Filson Buck Creek Camp Shirt in Heartwood",
                    "is_main": false,
                    "alt_text": "Alternate image of a Filson Buck Creek Camp Shirt in Heartwood"
                },
                {
                    "url": "https:\/\/filson-canto.imgix.net\/1dtejfger11lf9dq3vv4er4h31\/iKyAz3ZQwhgfkvbTP8-X7SO3BmQ\/original",
                    "title": "Alternate image of a Filson Buck Creek Camp Shirt in Black",
                    "is_main": false,
                    "alt_text": "Alternate image of a Filson Buck Creek Camp Shirt in Black"
                },
                {
                    "url": "https:\/\/filson-canto.imgix.net\/kcg6l8ft2p6e3agmrskkgg3143\/RFeSxridPY3esxHpf5P7yaVhDao\/original",
                    "title": "Alternate image of a Filson Buck Creek Camp Shirt in Heartwood",
                    "is_main": false,
                    "alt_text": "Alternate image of a Filson Buck Creek Camp Shirt in Heartwood"
                },
                {
                    "url": "https:\/\/filson-canto.imgix.net\/klsj252ect7tv61rij7dleo97e\/YNpQ72Z1ONG4cbPaCpKhx403zyU\/original",
                    "title": "Alternate image of a Filson Buck Creek Camp Shirt in Black",
                    "is_main": false,
                    "alt_text": "Alternate image of a Filson Buck Creek Camp Shirt in Black"
                },
                {
                    "url": "https:\/\/filson-canto.imgix.net\/sabajm9r0d19ra2ehs165tvt2d\/RUvi-OzngyfRxzRVURz5bcRsFmc\/original",
                    "title": "Alternate image of a Filson Buck Creek Camp Shirt in Heartwood",
                    "is_main": false,
                    "alt_text": "Alternate image of a Filson Buck Creek Camp Shirt in Heartwood"
                },
                {
                    "url": "https:\/\/filson-canto.imgix.net\/h5v51fq74t4al79g9pm5to9b6r\/MPFLU2kuA2ETX_0xVOBAeEwt2fA\/original",
                    "title": "Alternate image of a Filson Buck Creek Camp Shirt in Heartwood",
                    "is_main": false,
                    "alt_text": "Alternate image of a Filson Buck Creek Camp Shirt in Heartwood"
                }
            ],
            "variation_color_value": "Black",
            "variation_size_value": "M",
            "material": "",
            "google_category": "none",
            "categories": [
                {
                    "path": "Filson > Last Chance",
                    "is_main": true
                }
            ],
            "extended_attributes": [
                {
                    "name": "product_created_at",
                    "value": "2022-11-27 08:51:29"
                },
                {
                    "name": "product_updated_at",
                    "value": "2023-08-07"
                },
                {
                    "name": "activity",
                    "value": "Everyday"
                },
                {
                    "name": "amxnotif_hide_alert",
                    "value": "No"
                },
                {
                    "name": "ax_color",
                    "value": "Black"
                },
                {
                    "name": "ax_color_code",
                    "value": "1"
                },
                {
                    "name": "ax_ignore_inventory_update",
                    "value": "No"
                },
                {
                    "name": "ax_item_number",
                    "value": "20233076"
                },
                {
                    "name": "ax_size",
                    "value": "M"
                },
                {
                    "name": "ax_style",
                    "value": "Standard"
                },
                {
                    "name": "ax_upc",
                    "value": "703060857927"
                },
                {
                    "name": "badge",
                    "value": "Out of Stock"
                },
                {
                    "name": "brand",
                    "value": "0"
                },
                {
                    "name": "call_to_action",
                    "value": "None"
                },
                {
                    "name": "care",
                    "value": "Wash warm, tumble dry medium"
                },
                {
                    "name": "cart_item_note",
                    "value": "This item is considered final sale and cannot be returned, exchanged or refunded."
                },
                {
                    "name": "color_group",
                    "value": "Black"
                },
                {
                    "name": "daily_popularity",
                    "value": "0"
                },
                {
                    "name": "daily_revenue",
                    "value": "0.000000"
                },
                {
                    "name": "employee_discount_amount",
                    "value": "55%"
                },
                {
                    "name": "employee_discount_eligible",
                    "value": "Yes"
                },
                {
                    "name": "fabric",
                    "value": "17-oz. 100% cotton corduroy"
                },
                {
                    "name": "final_sale",
                    "value": "Yes"
                },
                {
                    "name": "finance_category",
                    "value": "Men's Apparel"
                },
                {
                    "name": "finance_subcategory",
                    "value": "Men's Apparel => Shirts & Tops"
                },
                {
                    "name": "finance_subsubcategory",
                    "value": "Men's Apparel => Shirts & Tops => Woven Shirts"
                },
                {
                    "name": "fit",
                    "value": "True to size through shoulders, relaxed through torso"
                },
                {
                    "name": "generic_bullet_1",
                    "value": "Heavy 17-oz. cotton corduroy"
                },
                {
                    "name": "generic_bullet_2",
                    "value": "Unstructured camp collar"
                },
                {
                    "name": "generic_bullet_3",
                    "value": "Straight hem"
                },
                {
                    "name": "generic_bullet_4",
                    "value": "Rear shoulder pleats"
                },
                {
                    "name": "generic_bullet_5",
                    "value": "Side-hem slits"
                },
                {
                    "name": "generic_bullet_6",
                    "value": "Button- front and-adjustable cuffs"
                },
                {
                    "name": "gift_wrapping_available",
                    "value": "No"
                },
                {
                    "name": "g_age_group",
                    "value": "adult"
                },
                {
                    "name": "g_exclude_from_feed",
                    "value": "No"
                },
                {
                    "name": "g_gender",
                    "value": "male"
                },
                {
                    "name": "g_gtin",
                    "value": "703060857927"
                },
                {
                    "name": "g_hierarchy",
                    "value": "Shirts > Long Sleeve Shirts"
                },
                {
                    "name": "g_product_category",
                    "value": "Apparel & Accessories > Clothing > Shirts & Tops"
                },
                {
                    "name": "g_size",
                    "value": "M"
                },
                {
                    "name": "has_options",
                    "value": "0"
                },
                {
                    "name": "heritage_of_quality",
                    "value": "Yes"
                },
                {
                    "name": "inventory_initialized",
                    "value": "Yes"
                },
                {
                    "name": "in_html_sitemap",
                    "value": "Yes"
                },
                {
                    "name": "in_xml_sitemap",
                    "value": "Yes"
                },
                {
                    "name": "is_magic_configurable",
                    "value": "No"
                },
                {
                    "name": "is_performance",
                    "value": "No"
                },
                {
                    "name": "is_returnable",
                    "value": "Yes"
                },
                {
                    "name": "lifecycle_state",
                    "value": "Offline"
                },
                {
                    "name": "lifecycle_type",
                    "value": "1"
                },
                {
                    "name": "listing_image",
                    "value": "cim1os6fuh6rr485puegji036s\/NF7sR2Ax_hOBIW8Ek7vopRx5z3M\/original"
                },
                {
                    "name": "master_sort",
                    "value": "11-10000000-1002-buckcreekcampshir000MS"
                },
                {
                    "name": "monitor_stock",
                    "value": "No"
                },
                {
                    "name": "monogramming_eligible",
                    "value": "Free Monogramming Available"
                },
                {
                    "name": "monthly_revenue",
                    "value": "0.000000"
                },
                {
                    "name": "ngf",
                    "value": "No"
                },
                {
                    "name": "ngf_enable_when_restocked",
                    "value": "No"
                },
                {
                    "name": "options_container",
                    "value": "Block after Info Column"
                },
                {
                    "name": "origin",
                    "value": "Imported"
                },
                {
                    "name": "parent_info",
                    "value": "{\"url_key\":\"buck-creek-camp-shirt-2\",\"name\":\"Buck Creek Camp Shirt\"}"
                },
                {
                    "name": "pattern",
                    "value": "Solid"
                },
                {
                    "name": "pdp_care_description",
                    "value": "Wash warm, tumble dry medium"
                },
                {
                    "name": "pdp_features_list",
                    "value": "Heavy 17-oz. cotton corduroy||Unstructured camp collar||Straight hem||Rear shoulder pleats||Side-hem slits||Button- front and-adjustable cuffs||||"
                },
                {
                    "name": "pdp_fit_description",
                    "value": "True to size through shoulders, relaxed through torso"
                },
                {
                    "name": "pdp_material_description",
                    "value": "17-oz. 100% cotton corduroy"
                },
                {
                    "name": "pdp_specifications_manufacturing",
                    "value": "Imported"
                },
                {
                    "name": "pdp_specifications_sku",
                    "value": "20233076-fco-000000101"
                },
                {
                    "name": "popularity",
                    "value": "0"
                },
                {
                    "name": "prosales_discount_eligible",
                    "value": "Yes"
                },
                {
                    "name": "quantity_and_stock_status",
                    "value": "In Stock"
                },
                {
                    "name": "required_options",
                    "value": "0"
                },
                {
                    "name": "resci_recommend",
                    "value": "Yes"
                },
                {
                    "name": "return_label_allowed",
                    "value": "No"
                },
                {
                    "name": "sale_item",
                    "value": "Yes"
                },
                {
                    "name": "shipperhq_shipping_group",
                    "value": "Default"
                },
                {
                    "name": "shoe_size",
                    "value": "504"
                },
                {
                    "name": "status",
                    "value": "0"
                },
                {
                    "name": "turnto_disabled",
                    "value": "0"
                },
                {
                    "name": "turnto_rating",
                    "value": "0.000000"
                },
                {
                    "name": "turnto_review_count",
                    "value": "0"
                },
                {
                    "name": "upc",
                    "value": "703060857927"
                },
                {
                    "name": "usage",
                    "value": "Everyday; Outdoor; Field"
                },
                {
                    "name": "use_in_crosslinking",
                    "value": "Yes"
                },
                {
                    "name": "weekly_popularity",
                    "value": "0"
                },
                {
                    "name": "weekly_revenue",
                    "value": "0.000000"
                }
            ],
            "keywords": [],
            "tax_class_id": "PC040100"
        }
    ]
}