{"head": {"pricebook": "default", "shop": "storefront-catalog-en", "currency": "USD"}, "items": [{"product_id": "23891", "value": 1.0}, {"product_id": "16263", "value": 1.0}, {"product_id": "23894", "value": 1.0}, {"product_id": "23893", "value": 1.0}, {"product_id": "23892", "value": 1.0}, {"product_id": "23895", "value": 1.0}, {"product_id": "16264", "value": 1.0}, {"product_id": "20494", "value": 1.0}, {"product_id": "20493", "value": 1.0}, {"product_id": "20495", "value": 1.0}, {"product_id": "20243", "value": 1.0}, {"product_id": "20236", "value": 1.0}, {"product_id": "20242", "value": 1.0}, {"product_id": "20237", "value": 1.0}, {"product_id": "20234", "value": 1.0}, {"product_id": "17462", "value": 1.0}, {"product_id": "17461", "value": 1.0}, {"product_id": "10691", "value": 1.0}, {"product_id": "10810", "value": 1.0}, {"product_id": "18313", "value": 1.0}, {"product_id": "18314", "value": 1.0}, {"product_id": "18313", "value": 1.0}, {"product_id": "18314", "value": 1.0}, {"product_id": "18309", "value": 1.0}, {"product_id": "18310", "value": 1.0}, {"product_id": "12531", "value": 1.0}, {"product_id": "17505", "value": 1.0}, {"product_id": "17507", "value": 1.0}, {"product_id": "17506", "value": 1.0}, {"product_id": "17502", "value": 1.0}, {"product_id": "17500", "value": 1.0}, {"product_id": "17503", "value": 1.0}, {"product_id": "17501", "value": 1.0}, {"product_id": "12338", "value": 1.0}, {"product_id": "12438", "value": 1.0}, {"product_id": "12273", "value": 1.0}, {"product_id": "18443", "value": 1.0}, {"product_id": "12576", "value": 1.0}, {"product_id": "12466", "value": 1.0}, {"product_id": "12521", "value": 1.0}, {"product_id": "12669", "value": 1.0}, {"product_id": "12321", "value": 1.0}, {"product_id": "12287", "value": 1.0}, {"product_id": "12782", "value": 1.0}, {"product_id": "12712", "value": 1.0}, {"product_id": "11851", "value": 1.0}, {"product_id": "15037", "value": 1.0}, {"product_id": "12479", "value": 1.0}, {"product_id": "10835", "value": 1.0}, {"product_id": "10724", "value": 1.0}, {"product_id": "9968", "value": 1.0}, {"product_id": "9878", "value": 1.0}, {"product_id": "10489", "value": 1.0}, {"product_id": "17520", "value": 1.0}, {"product_id": "11808", "value": 1.0}, {"product_id": "12413", "value": 1.0}, {"product_id": "12083", "value": 1.0}, {"product_id": "12292", "value": 1.0}, {"product_id": "11819", "value": 1.0}, {"product_id": "12457", "value": 1.0}, {"product_id": "12017", "value": 1.0}, {"product_id": "11697", "value": 1.0}, {"product_id": "10388", "value": 1.0}, {"product_id": "12888", "value": 1.0}, {"product_id": "12682", "value": 1.0}, {"product_id": "11719", "value": 1.0}, {"product_id": "12655", "value": 1.0}, {"product_id": "12027", "value": 1.0}, {"product_id": "11991", "value": 1.0}, {"product_id": "12330", "value": 1.0}, {"product_id": "11787", "value": 1.0}, {"product_id": "12141", "value": 1.0}, {"product_id": "12524", "value": 1.0}, {"product_id": "12537", "value": 1.0}, {"product_id": "12542", "value": 1.0}, {"product_id": "11600", "value": 1.0}, {"product_id": "11674", "value": 1.0}, {"product_id": "12178", "value": 1.0}, {"product_id": "12137", "value": 1.0}, {"product_id": "12359", "value": 1.0}, {"product_id": "12894", "value": 1.0}, {"product_id": "10780", "value": 1.0}, {"product_id": "12269", "value": 1.0}, {"product_id": "12467", "value": 1.0}, {"product_id": "11794", "value": 1.0}, {"product_id": "12241", "value": 1.0}, {"product_id": "11906", "value": 1.0}, {"product_id": "12070", "value": 1.0}, {"product_id": "11652", "value": 1.0}]}