{"head": {"pricebook": "default", "shop": "storefront-catalog-en", "currency": "USD"}, "items": [{"product_id": "12597", "value": 1.0}, {"product_id": "11680", "value": 1.0}, {"product_id": "12202", "value": 1.0}, {"product_id": "11657", "value": 1.0}, {"product_id": "11624", "value": 1.0}, {"product_id": "19567", "value": 1.0}, {"product_id": "19566", "value": 1.0}, {"product_id": "19568", "value": 1.0}, {"product_id": "15228", "value": 1.0}, {"product_id": "17151", "value": 1.0}, {"product_id": "17152", "value": 1.0}, {"product_id": "17149", "value": 1.0}, {"product_id": "16143", "value": 1.0}, {"product_id": "7868", "value": 1.0}, {"product_id": "23915", "value": 1.0}, {"product_id": "23914", "value": 1.0}, {"product_id": "23691", "value": 1.0}, {"product_id": "23886", "value": 1.0}, {"product_id": "23985", "value": 1.0}, {"product_id": "23986", "value": 1.0}, {"product_id": "23887", "value": 1.0}, {"product_id": "17184", "value": 1.0}, {"product_id": "17856", "value": 1.0}, {"product_id": "17185", "value": 1.0}, {"product_id": "12094", "value": 1.0}, {"product_id": "12551", "value": 1.0}, {"product_id": "12061", "value": 1.0}, {"product_id": "11623", "value": 1.0}, {"product_id": "11772", "value": 1.0}, {"product_id": "12233", "value": 1.0}, {"product_id": "11859", "value": 1.0}, {"product_id": "12762", "value": 1.0}, {"product_id": "11673", "value": 1.0}, {"product_id": "12661", "value": 1.0}, {"product_id": "12511", "value": 1.0}, {"product_id": "20021", "value": 1.0}, {"product_id": "15850", "value": 1.0}, {"product_id": "15851", "value": 1.0}, {"product_id": "15852", "value": 1.0}, {"product_id": "15853", "value": 1.0}, {"product_id": "15854", "value": 1.0}, {"product_id": "15910", "value": 1.0}, {"product_id": "15911", "value": 1.0}, {"product_id": "15912", "value": 1.0}, {"product_id": "15913", "value": 1.0}, {"product_id": "15914", "value": 1.0}, {"product_id": "15904", "value": 1.0}, {"product_id": "15905", "value": 1.0}, {"product_id": "15906", "value": 1.0}, {"product_id": "15907", "value": 1.0}, {"product_id": "15908", "value": 1.0}, {"product_id": "15874", "value": 1.0}, {"product_id": "15875", "value": 1.0}, {"product_id": "15876", "value": 1.0}, {"product_id": "15877", "value": 1.0}, {"product_id": "15878", "value": 1.0}, {"product_id": "15881", "value": 1.0}, {"product_id": "15882", "value": 1.0}, {"product_id": "15883", "value": 1.0}, {"product_id": "15884", "value": 1.0}, {"product_id": "15885", "value": 1.0}, {"product_id": "12188", "value": 1.0}, {"product_id": "11646", "value": 1.0}, {"product_id": "11959", "value": 1.0}, {"product_id": "11952", "value": 1.0}, {"product_id": "11992", "value": 1.0}, {"product_id": "12584", "value": 1.0}, {"product_id": "12234", "value": 1.0}, {"product_id": "11595", "value": 1.0}, {"product_id": "11839", "value": 1.0}, {"product_id": "11983", "value": 1.0}, {"product_id": "12629", "value": 1.0}, {"product_id": "11810", "value": 1.0}, {"product_id": "11803", "value": 1.0}, {"product_id": "12776", "value": 1.0}, {"product_id": "12587", "value": 1.0}, {"product_id": "12720", "value": 1.0}, {"product_id": "12463", "value": 1.0}, {"product_id": "12122", "value": 1.0}, {"product_id": "12357", "value": 1.0}, {"product_id": "11651", "value": 1.0}, {"product_id": "12451", "value": 1.0}, {"product_id": "12495", "value": 1.0}, {"product_id": "15894", "value": 1.0}, {"product_id": "15895", "value": 1.0}, {"product_id": "15951", "value": 1.0}, {"product_id": "15952", "value": 1.0}, {"product_id": "15953", "value": 1.0}, {"product_id": "15954", "value": 1.0}, {"product_id": "15955", "value": 1.0}, {"product_id": "12786", "value": 1.0}, {"product_id": "12235", "value": 1.0}, {"product_id": "11653", "value": 1.0}, {"product_id": "12088", "value": 1.0}, {"product_id": "11643", "value": 1.0}, {"product_id": "12373", "value": 1.0}, {"product_id": "12718", "value": 1.0}, {"product_id": "12896", "value": 1.0}, {"product_id": "12881", "value": 1.0}, {"product_id": "12360", "value": 1.0}, {"product_id": "12693", "value": 1.0}, {"product_id": "12900", "value": 1.0}, {"product_id": "12218", "value": 1.0}, {"product_id": "12514", "value": 1.0}, {"product_id": "11777", "value": 1.0}, {"product_id": "15869", "value": 1.0}, {"product_id": "15870", "value": 1.0}, {"product_id": "15871", "value": 1.0}, {"product_id": "15872", "value": 1.0}, {"product_id": "12651", "value": 1.0}, {"product_id": "12217", "value": 1.0}, {"product_id": "11791", "value": 1.0}, {"product_id": "12459", "value": 1.0}, {"product_id": "12569", "value": 1.0}, {"product_id": "12161", "value": 1.0}, {"product_id": "12229", "value": 1.0}, {"product_id": "12602", "value": 1.0}, {"product_id": "12132", "value": 1.0}, {"product_id": "12856", "value": 1.0}, {"product_id": "12193", "value": 1.0}, {"product_id": "12816", "value": 1.0}, {"product_id": "11671", "value": 1.0}, {"product_id": "12474", "value": 1.0}, {"product_id": "12768", "value": 1.0}, {"product_id": "11966", "value": 1.0}, {"product_id": "12562", "value": 1.0}, {"product_id": "12153", "value": 1.0}, {"product_id": "12355", "value": 1.0}, {"product_id": "15935", "value": 1.0}, {"product_id": "15936", "value": 1.0}, {"product_id": "15937", "value": 1.0}, {"product_id": "15887", "value": 1.0}, {"product_id": "15888", "value": 1.0}, {"product_id": "15889", "value": 1.0}, {"product_id": "15890", "value": 1.0}, {"product_id": "15891", "value": 1.0}, {"product_id": "11981", "value": 1.0}, {"product_id": "12228", "value": 1.0}, {"product_id": "12873", "value": 1.0}]}