{
    "head": {
        "locale": "en-US",
        "catalog": "storefront-catalog-en",
        "is_master": true
    },
    "items": [
        {
            "is_searchable": true,
            "is_available": true,
            "keywords": [
                "gift-card"
            ],
            "show_in_listing": false,
            "extended_attributes": [
                { 
                    "name": "pricebooks",
                    "value": "pgc-25,pgc-50,pgc-75,pgc-100,pgc-150,pgc-200,pgc-250,pgc-300,pgc-400,pgc-500,pgc-1000"
                },
                {
                    "name": "handle",
                    "value": "newstore-gift-card"
                },
                {
                    "name": "published_scope",
                    "value": "global"
                },
                {
                    "name": "fulfillment_service",
                    "value": "manual"
                },
                {
                    "name": "inventory_policy",
                    "value": "deny"
                },
                {
                    "name": "IsServiceItem",
                    "value": "true"
                }
            ],
            "title": "Physical Gift Card",
            "tax_class_id": "PG050000",
            "categories": [],
            "description": "Physical gift card for store purchases",
            "brand": "",
            "material": "",
            "variation_color_value": "",
            "google_category": "none",
            "manufacturer": null,
            "product_id": "PGC",
            "variant_group_id": "PGC",
            "external_identifiers": [
                {
                    "type": "sku",
                    "value": "PGC"
                }
            ],
            "caption": "PGC"
        }
    ]
}
