{"head": {"store_mapping": [{"store_id": null, "fulfillment_node_id": "virtual_DC"}], "mode": "atp"}, "items": [{"product_id": "22053", "quantity": 1000, "fulfillment_node_id": "virtual_DC"}, {"product_id": "21250", "quantity": 1000, "fulfillment_node_id": "virtual_DC"}, {"product_id": "21245", "quantity": 1000, "fulfillment_node_id": "virtual_DC"}, {"product_id": "21248", "quantity": 1000, "fulfillment_node_id": "virtual_DC"}, {"product_id": "21244", "quantity": 1000, "fulfillment_node_id": "virtual_DC"}, {"product_id": "22052", "quantity": 1000, "fulfillment_node_id": "virtual_DC"}, {"product_id": "21247", "quantity": 1000, "fulfillment_node_id": "virtual_DC"}, {"product_id": "22054", "quantity": 1000, "fulfillment_node_id": "virtual_DC"}, {"product_id": "21246", "quantity": 1000, "fulfillment_node_id": "virtual_DC"}, {"product_id": "21242", "quantity": 1000, "fulfillment_node_id": "virtual_DC"}, {"product_id": "21238", "quantity": 1000, "fulfillment_node_id": "virtual_DC"}, {"product_id": "21485", "quantity": 1000, "fulfillment_node_id": "virtual_DC"}, {"product_id": "21251", "quantity": 1000, "fulfillment_node_id": "virtual_DC"}, {"product_id": "21256", "quantity": 1000, "fulfillment_node_id": "virtual_DC"}, {"product_id": "13819", "quantity": 1000, "fulfillment_node_id": "virtual_DC"}, {"product_id": "21252", "quantity": 1000, "fulfillment_node_id": "virtual_DC"}, {"product_id": "26048", "quantity": 1000, "fulfillment_node_id": "virtual_DC"}, {"product_id": "22055", "quantity": 1000, "fulfillment_node_id": "virtual_DC"}, {"product_id": "21257", "quantity": 1000, "fulfillment_node_id": "virtual_DC"}, {"product_id": "22059", "quantity": 1000, "fulfillment_node_id": "virtual_DC"}, {"product_id": "13875", "quantity": 1000, "fulfillment_node_id": "virtual_DC"}, {"product_id": "22056", "quantity": 1000, "fulfillment_node_id": "virtual_DC"}, {"product_id": "21253", "quantity": 1000, "fulfillment_node_id": "virtual_DC"}, {"product_id": "22060", "quantity": 1000, "fulfillment_node_id": "virtual_DC"}, {"product_id": "26046", "quantity": 1000, "fulfillment_node_id": "virtual_DC"}, {"product_id": "21255", "quantity": 1000, "fulfillment_node_id": "virtual_DC"}, {"product_id": "26043", "quantity": 1000, "fulfillment_node_id": "virtual_DC"}, {"product_id": "21254", "quantity": 1000, "fulfillment_node_id": "virtual_DC"}, {"product_id": "19405", "quantity": 1000, "fulfillment_node_id": "virtual_DC"}, {"product_id": "21484", "quantity": 1000, "fulfillment_node_id": "virtual_DC"}, {"product_id": "24698", "quantity": 1000, "fulfillment_node_id": "virtual_DC"}, {"product_id": "22066", "quantity": 1000, "fulfillment_node_id": "virtual_DC"}, {"product_id": "21259", "quantity": 1000, "fulfillment_node_id": "virtual_DC"}, {"product_id": "22173", "quantity": 1000, "fulfillment_node_id": "virtual_DC"}, {"product_id": "22171", "quantity": 1000, "fulfillment_node_id": "virtual_DC"}, {"product_id": "26045", "quantity": 1000, "fulfillment_node_id": "virtual_DC"}, {"product_id": "21258", "quantity": 1000, "fulfillment_node_id": "virtual_DC"}, {"product_id": "22061", "quantity": 1000, "fulfillment_node_id": "virtual_DC"}, {"product_id": "22062", "quantity": 1000, "fulfillment_node_id": "virtual_DC"}, {"product_id": "21260", "quantity": 1000, "fulfillment_node_id": "virtual_DC"}, {"product_id": "22065", "quantity": 1000, "fulfillment_node_id": "virtual_DC"}, {"product_id": "22170", "quantity": 1000, "fulfillment_node_id": "virtual_DC"}, {"product_id": "22172", "quantity": 1000, "fulfillment_node_id": "virtual_DC"}, {"product_id": "21261", "quantity": 1000, "fulfillment_node_id": "virtual_DC"}, {"product_id": "26044", "quantity": 1000, "fulfillment_node_id": "virtual_DC"}, {"product_id": "26047", "quantity": 1000, "fulfillment_node_id": "virtual_DC"}, {"product_id": "22064", "quantity": 1000, "fulfillment_node_id": "virtual_DC"}, {"product_id": "22063", "quantity": 1000, "fulfillment_node_id": "virtual_DC"}, {"product_id": "26042", "quantity": 1000, "fulfillment_node_id": "virtual_DC"}, {"product_id": "22069", "quantity": 1000, "fulfillment_node_id": "virtual_DC"}, {"product_id": "26065", "quantity": 1000, "fulfillment_node_id": "virtual_DC"}, {"product_id": "26063", "quantity": 1000, "fulfillment_node_id": "virtual_DC"}, {"product_id": "22336", "quantity": 1000, "fulfillment_node_id": "virtual_DC"}, {"product_id": "21836", "quantity": 1000, "fulfillment_node_id": "virtual_DC"}, {"product_id": "22018", "quantity": 1000, "fulfillment_node_id": "virtual_DC"}, {"product_id": "21891", "quantity": 1000, "fulfillment_node_id": "virtual_DC"}, {"product_id": "19407", "quantity": 1000, "fulfillment_node_id": "virtual_DC"}, {"product_id": "22010", "quantity": 1000, "fulfillment_node_id": "virtual_DC"}, {"product_id": "21893", "quantity": 1000, "fulfillment_node_id": "virtual_DC"}, {"product_id": "22008", "quantity": 1000, "fulfillment_node_id": "virtual_DC"}, {"product_id": "22007", "quantity": 1000, "fulfillment_node_id": "virtual_DC"}, {"product_id": "21892", "quantity": 1000, "fulfillment_node_id": "virtual_DC"}, {"product_id": "18023", "quantity": 1000, "fulfillment_node_id": "virtual_DC"}, {"product_id": "22016", "quantity": 1000, "fulfillment_node_id": "virtual_DC"}, {"product_id": "21074", "quantity": 1000, "fulfillment_node_id": "virtual_DC"}, {"product_id": "21030", "quantity": 1000, "fulfillment_node_id": "virtual_DC"}, {"product_id": "22011", "quantity": 1000, "fulfillment_node_id": "virtual_DC"}, {"product_id": "21031", "quantity": 1000, "fulfillment_node_id": "virtual_DC"}, {"product_id": "18225", "quantity": 1000, "fulfillment_node_id": "virtual_DC"}, {"product_id": "19406", "quantity": 1000, "fulfillment_node_id": "virtual_DC"}, {"product_id": "21013", "quantity": 1000, "fulfillment_node_id": "virtual_DC"}, {"product_id": "21036", "quantity": 1000, "fulfillment_node_id": "virtual_DC"}, {"product_id": "22017", "quantity": 1000, "fulfillment_node_id": "virtual_DC"}, {"product_id": "21259", "quantity": 1000, "fulfillment_node_id": "virtual_DC"}, {"product_id": "21835", "quantity": 1000, "fulfillment_node_id": "virtual_DC"}, {"product_id": "21834", "quantity": 1000, "fulfillment_node_id": "virtual_DC"}, {"product_id": "11356", "quantity": 1000, "fulfillment_node_id": "virtual_DC"}, {"product_id": "11357", "quantity": 1000, "fulfillment_node_id": "virtual_DC"}, {"product_id": "11510", "quantity": 1000, "fulfillment_node_id": "virtual_DC"}, {"product_id": "11591", "quantity": 1000, "fulfillment_node_id": "virtual_DC"}, {"product_id": "12298", "quantity": 1000, "fulfillment_node_id": "virtual_DC"}, {"product_id": "12841", "quantity": 1000, "fulfillment_node_id": "virtual_DC"}, {"product_id": "11502", "quantity": 1000, "fulfillment_node_id": "virtual_DC"}, {"product_id": "11531", "quantity": 1000, "fulfillment_node_id": "virtual_DC"}, {"product_id": "11396", "quantity": 1000, "fulfillment_node_id": "virtual_DC"}, {"product_id": "11528", "quantity": 1000, "fulfillment_node_id": "virtual_DC"}, {"product_id": "11403", "quantity": 1000, "fulfillment_node_id": "virtual_DC"}, {"product_id": "11358", "quantity": 1000, "fulfillment_node_id": "virtual_DC"}, {"product_id": "11517", "quantity": 1000, "fulfillment_node_id": "virtual_DC"}, {"product_id": "11457", "quantity": 1000, "fulfillment_node_id": "virtual_DC"}, {"product_id": "11389", "quantity": 1000, "fulfillment_node_id": "virtual_DC"}, {"product_id": "11520", "quantity": 1000, "fulfillment_node_id": "virtual_DC"}, {"product_id": "11522", "quantity": 1000, "fulfillment_node_id": "virtual_DC"}, {"product_id": "11424", "quantity": 1000, "fulfillment_node_id": "virtual_DC"}, {"product_id": "11370", "quantity": 1000, "fulfillment_node_id": "virtual_DC"}, {"product_id": "16179", "quantity": 1000, "fulfillment_node_id": "virtual_DC"}, {"product_id": "16225", "quantity": 1000, "fulfillment_node_id": "virtual_DC"}, {"product_id": "11487", "quantity": 1000, "fulfillment_node_id": "virtual_DC"}, {"product_id": "11416", "quantity": 1000, "fulfillment_node_id": "virtual_DC"}, {"product_id": "11441", "quantity": 1000, "fulfillment_node_id": "virtual_DC"}, {"product_id": "11418", "quantity": 1000, "fulfillment_node_id": "virtual_DC"}, {"product_id": "11423", "quantity": 1000, "fulfillment_node_id": "virtual_DC"}, {"product_id": "14031", "quantity": 1000, "fulfillment_node_id": "virtual_DC"}, {"product_id": "14034", "quantity": 1000, "fulfillment_node_id": "virtual_DC"}, {"product_id": "14036", "quantity": 1000, "fulfillment_node_id": "virtual_DC"}, {"product_id": "14038", "quantity": 1000, "fulfillment_node_id": "virtual_DC"}, {"product_id": "14042", "quantity": 1000, "fulfillment_node_id": "virtual_DC"}, {"product_id": "11516", "quantity": 1000, "fulfillment_node_id": "virtual_DC"}, {"product_id": "11488", "quantity": 1000, "fulfillment_node_id": "virtual_DC"}, {"product_id": "11490", "quantity": 1000, "fulfillment_node_id": "virtual_DC"}, {"product_id": "11486", "quantity": 1000, "fulfillment_node_id": "virtual_DC"}, {"product_id": "11476", "quantity": 1000, "fulfillment_node_id": "virtual_DC"}, {"product_id": "11445", "quantity": 1000, "fulfillment_node_id": "virtual_DC"}, {"product_id": "14028", "quantity": 1000, "fulfillment_node_id": "virtual_DC"}, {"product_id": "14030", "quantity": 1000, "fulfillment_node_id": "virtual_DC"}, {"product_id": "14032", "quantity": 1000, "fulfillment_node_id": "virtual_DC"}, {"product_id": "14033", "quantity": 1000, "fulfillment_node_id": "virtual_DC"}, {"product_id": "14035", "quantity": 1000, "fulfillment_node_id": "virtual_DC"}, {"product_id": "14037", "quantity": 1000, "fulfillment_node_id": "virtual_DC"}, {"product_id": "14039", "quantity": 1000, "fulfillment_node_id": "virtual_DC"}, {"product_id": "14041", "quantity": 1000, "fulfillment_node_id": "virtual_DC"}, {"product_id": "14221", "quantity": 1000, "fulfillment_node_id": "virtual_DC"}, {"product_id": "14222", "quantity": 1000, "fulfillment_node_id": "virtual_DC"}, {"product_id": "14223", "quantity": 1000, "fulfillment_node_id": "virtual_DC"}, {"product_id": "14224", "quantity": 1000, "fulfillment_node_id": "virtual_DC"}, {"product_id": "14225", "quantity": 1000, "fulfillment_node_id": "virtual_DC"}, {"product_id": "14226", "quantity": 1000, "fulfillment_node_id": "virtual_DC"}, {"product_id": "14227", "quantity": 1000, "fulfillment_node_id": "virtual_DC"}, {"product_id": "14228", "quantity": 1000, "fulfillment_node_id": "virtual_DC"}, {"product_id": "11446", "quantity": 1000, "fulfillment_node_id": "virtual_DC"}, {"product_id": "11500", "quantity": 1000, "fulfillment_node_id": "virtual_DC"}, {"product_id": "11400", "quantity": 1000, "fulfillment_node_id": "virtual_DC"}, {"product_id": "11494", "quantity": 1000, "fulfillment_node_id": "virtual_DC"}, {"product_id": "11504", "quantity": 1000, "fulfillment_node_id": "virtual_DC"}, {"product_id": "11392", "quantity": 1000, "fulfillment_node_id": "virtual_DC"}, {"product_id": "11359", "quantity": 1000, "fulfillment_node_id": "virtual_DC"}, {"product_id": "11509", "quantity": 1000, "fulfillment_node_id": "virtual_DC"}, {"product_id": "11511", "quantity": 1000, "fulfillment_node_id": "virtual_DC"}, {"product_id": "11455", "quantity": 1000, "fulfillment_node_id": "virtual_DC"}, {"product_id": "11434", "quantity": 1000, "fulfillment_node_id": "virtual_DC"}, {"product_id": "11452", "quantity": 1000, "fulfillment_node_id": "virtual_DC"}, {"product_id": "11387", "quantity": 1000, "fulfillment_node_id": "virtual_DC"}, {"product_id": "11459", "quantity": 1000, "fulfillment_node_id": "virtual_DC"}, {"product_id": "11425", "quantity": 1000, "fulfillment_node_id": "virtual_DC"}, {"product_id": "11413", "quantity": 1000, "fulfillment_node_id": "virtual_DC"}, {"product_id": "11474", "quantity": 1000, "fulfillment_node_id": "virtual_DC"}, {"product_id": "11505", "quantity": 1000, "fulfillment_node_id": "virtual_DC"}, {"product_id": "11448", "quantity": 1000, "fulfillment_node_id": "virtual_DC"}, {"product_id": "11484", "quantity": 1000, "fulfillment_node_id": "virtual_DC"}, {"product_id": "11415", "quantity": 1000, "fulfillment_node_id": "virtual_DC"}, {"product_id": "11360", "quantity": 1000, "fulfillment_node_id": "virtual_DC"}, {"product_id": "11489", "quantity": 1000, "fulfillment_node_id": "virtual_DC"}, {"product_id": "11421", "quantity": 1000, "fulfillment_node_id": "virtual_DC"}, {"product_id": "11529", "quantity": 1000, "fulfillment_node_id": "virtual_DC"}, {"product_id": "11399", "quantity": 1000, "fulfillment_node_id": "virtual_DC"}, {"product_id": "11436", "quantity": 1000, "fulfillment_node_id": "virtual_DC"}, {"product_id": "11554", "quantity": 1000, "fulfillment_node_id": "virtual_DC"}, {"product_id": "11552", "quantity": 1000, "fulfillment_node_id": "virtual_DC"}, {"product_id": "11366", "quantity": 1000, "fulfillment_node_id": "virtual_DC"}, {"product_id": "11492", "quantity": 1000, "fulfillment_node_id": "virtual_DC"}, {"product_id": "11546", "quantity": 1000, "fulfillment_node_id": "virtual_DC"}, {"product_id": "11410", "quantity": 1000, "fulfillment_node_id": "virtual_DC"}, {"product_id": "11407", "quantity": 1000, "fulfillment_node_id": "virtual_DC"}, {"product_id": "11464", "quantity": 1000, "fulfillment_node_id": "virtual_DC"}, {"product_id": "11499", "quantity": 1000, "fulfillment_node_id": "virtual_DC"}, {"product_id": "11419", "quantity": 1000, "fulfillment_node_id": "virtual_DC"}, {"product_id": "11477", "quantity": 1000, "fulfillment_node_id": "virtual_DC"}, {"product_id": "11408", "quantity": 1000, "fulfillment_node_id": "virtual_DC"}, {"product_id": "11405", "quantity": 1000, "fulfillment_node_id": "virtual_DC"}, {"product_id": "11461", "quantity": 1000, "fulfillment_node_id": "virtual_DC"}, {"product_id": "11385", "quantity": 1000, "fulfillment_node_id": "virtual_DC"}, {"product_id": "11497", "quantity": 1000, "fulfillment_node_id": "virtual_DC"}, {"product_id": "11462", "quantity": 1000, "fulfillment_node_id": "virtual_DC"}, {"product_id": "11526", "quantity": 1000, "fulfillment_node_id": "virtual_DC"}, {"product_id": "11534", "quantity": 1000, "fulfillment_node_id": "virtual_DC"}, {"product_id": "11398", "quantity": 1000, "fulfillment_node_id": "virtual_DC"}, {"product_id": "11393", "quantity": 1000, "fulfillment_node_id": "virtual_DC"}, {"product_id": "11390", "quantity": 1000, "fulfillment_node_id": "virtual_DC"}, {"product_id": "11430", "quantity": 1000, "fulfillment_node_id": "virtual_DC"}, {"product_id": "11449", "quantity": 1000, "fulfillment_node_id": "virtual_DC"}, {"product_id": "11495", "quantity": 1000, "fulfillment_node_id": "virtual_DC"}, {"product_id": "11513", "quantity": 1000, "fulfillment_node_id": "virtual_DC"}, {"product_id": "11458", "quantity": 1000, "fulfillment_node_id": "virtual_DC"}, {"product_id": "11435", "quantity": 1000, "fulfillment_node_id": "virtual_DC"}, {"product_id": "11439", "quantity": 1000, "fulfillment_node_id": "virtual_DC"}, {"product_id": "11401", "quantity": 1000, "fulfillment_node_id": "virtual_DC"}, {"product_id": "11428", "quantity": 1000, "fulfillment_node_id": "virtual_DC"}, {"product_id": "11538", "quantity": 1000, "fulfillment_node_id": "virtual_DC"}, {"product_id": "11547", "quantity": 1000, "fulfillment_node_id": "virtual_DC"}, {"product_id": "17229", "quantity": 1000, "fulfillment_node_id": "virtual_DC"}, {"product_id": "22082", "quantity": 1000, "fulfillment_node_id": "virtual_DC"}, {"product_id": "17227", "quantity": 1000, "fulfillment_node_id": "virtual_DC"}, {"product_id": "17226", "quantity": 1000, "fulfillment_node_id": "virtual_DC"}, {"product_id": "17213", "quantity": 1000, "fulfillment_node_id": "virtual_DC"}, {"product_id": "22083", "quantity": 1000, "fulfillment_node_id": "virtual_DC"}, {"product_id": "17211", "quantity": 1000, "fulfillment_node_id": "virtual_DC"}, {"product_id": "17415", "quantity": 1000, "fulfillment_node_id": "virtual_DC"}, {"product_id": "21275", "quantity": 1000, "fulfillment_node_id": "virtual_DC"}, {"product_id": "22086", "quantity": 1000, "fulfillment_node_id": "virtual_DC"}, {"product_id": "13977", "quantity": 1000, "fulfillment_node_id": "virtual_DC"}, {"product_id": "22088", "quantity": 1000, "fulfillment_node_id": "virtual_DC"}, {"product_id": "20133", "quantity": 1000, "fulfillment_node_id": "virtual_DC"}, {"product_id": "21278", "quantity": 1000, "fulfillment_node_id": "virtual_DC"}, {"product_id": "22087", "quantity": 1000, "fulfillment_node_id": "virtual_DC"}, {"product_id": "21279", "quantity": 1000, "fulfillment_node_id": "virtual_DC"}, {"product_id": "22085", "quantity": 1000, "fulfillment_node_id": "virtual_DC"}, {"product_id": "21280", "quantity": 1000, "fulfillment_node_id": "virtual_DC"}, {"product_id": "21277", "quantity": 1000, "fulfillment_node_id": "virtual_DC"}, {"product_id": "21270", "quantity": 1000, "fulfillment_node_id": "virtual_DC"}, {"product_id": "21273", "quantity": 1000, "fulfillment_node_id": "virtual_DC"}, {"product_id": "22090", "quantity": 1000, "fulfillment_node_id": "virtual_DC"}, {"product_id": "21276", "quantity": 1000, "fulfillment_node_id": "virtual_DC"}, {"product_id": "21272", "quantity": 1000, "fulfillment_node_id": "virtual_DC"}, {"product_id": "21271", "quantity": 1000, "fulfillment_node_id": "virtual_DC"}, {"product_id": "21274", "quantity": 1000, "fulfillment_node_id": "virtual_DC"}, {"product_id": "21281", "quantity": 1000, "fulfillment_node_id": "virtual_DC"}, {"product_id": "22089", "quantity": 1000, "fulfillment_node_id": "virtual_DC"}, {"product_id": "21293", "quantity": 1000, "fulfillment_node_id": "virtual_DC"}, {"product_id": "21287", "quantity": 1000, "fulfillment_node_id": "virtual_DC"}, {"product_id": "21284", "quantity": 1000, "fulfillment_node_id": "virtual_DC"}, {"product_id": "21282", "quantity": 1000, "fulfillment_node_id": "virtual_DC"}, {"product_id": "21285", "quantity": 1000, "fulfillment_node_id": "virtual_DC"}, {"product_id": "21291", "quantity": 1000, "fulfillment_node_id": "virtual_DC"}, {"product_id": "21294", "quantity": 1000, "fulfillment_node_id": "virtual_DC"}, {"product_id": "26062", "quantity": 1000, "fulfillment_node_id": "virtual_DC"}, {"product_id": "22091", "quantity": 1000, "fulfillment_node_id": "virtual_DC"}, {"product_id": "21289", "quantity": 1000, "fulfillment_node_id": "virtual_DC"}, {"product_id": "21297", "quantity": 1000, "fulfillment_node_id": "virtual_DC"}, {"product_id": "21286", "quantity": 1000, "fulfillment_node_id": "virtual_DC"}, {"product_id": "21299", "quantity": 1000, "fulfillment_node_id": "virtual_DC"}, {"product_id": "21295", "quantity": 1000, "fulfillment_node_id": "virtual_DC"}, {"product_id": "21288", "quantity": 1000, "fulfillment_node_id": "virtual_DC"}, {"product_id": "21296", "quantity": 1000, "fulfillment_node_id": "virtual_DC"}, {"product_id": "21298", "quantity": 1000, "fulfillment_node_id": "virtual_DC"}, {"product_id": "21283", "quantity": 1000, "fulfillment_node_id": "virtual_DC"}, {"product_id": "21292", "quantity": 1000, "fulfillment_node_id": "virtual_DC"}, {"product_id": "21290", "quantity": 1000, "fulfillment_node_id": "virtual_DC"}, {"product_id": "21300", "quantity": 1000, "fulfillment_node_id": "virtual_DC"}, {"product_id": "26064", "quantity": 1000, "fulfillment_node_id": "virtual_DC"}, {"product_id": "13876", "quantity": 1000, "fulfillment_node_id": "virtual_DC"}, {"product_id": "22072", "quantity": 1000, "fulfillment_node_id": "virtual_DC"}, {"product_id": "22068", "quantity": 1000, "fulfillment_node_id": "virtual_DC"}, {"product_id": "22075", "quantity": 1000, "fulfillment_node_id": "virtual_DC"}, {"product_id": "22074", "quantity": 1000, "fulfillment_node_id": "virtual_DC"}, {"product_id": "21265", "quantity": 1000, "fulfillment_node_id": "virtual_DC"}, {"product_id": "22077", "quantity": 1000, "fulfillment_node_id": "virtual_DC"}, {"product_id": "22070", "quantity": 1000, "fulfillment_node_id": "virtual_DC"}, {"product_id": "21262", "quantity": 1000, "fulfillment_node_id": "virtual_DC"}, {"product_id": "22078", "quantity": 1000, "fulfillment_node_id": "virtual_DC"}, {"product_id": "21266", "quantity": 1000, "fulfillment_node_id": "virtual_DC"}, {"product_id": "21473", "quantity": 1000, "fulfillment_node_id": "virtual_DC"}, {"product_id": "21263", "quantity": 1000, "fulfillment_node_id": "virtual_DC"}, {"product_id": "21267", "quantity": 1000, "fulfillment_node_id": "virtual_DC"}, {"product_id": "21264", "quantity": 1000, "fulfillment_node_id": "virtual_DC"}, {"product_id": "26061", "quantity": 1000, "fulfillment_node_id": "virtual_DC"}, {"product_id": "22076", "quantity": 1000, "fulfillment_node_id": "virtual_DC"}, {"product_id": "22073", "quantity": 1000, "fulfillment_node_id": "virtual_DC"}, {"product_id": "22067", "quantity": 1000, "fulfillment_node_id": "virtual_DC"}, {"product_id": "17202", "quantity": 1000, "fulfillment_node_id": "virtual_DC"}, {"product_id": "17201", "quantity": 1000, "fulfillment_node_id": "virtual_DC"}, {"product_id": "21269", "quantity": 1000, "fulfillment_node_id": "virtual_DC"}, {"product_id": "22079", "quantity": 1000, "fulfillment_node_id": "virtual_DC"}, {"product_id": "17207", "quantity": 1000, "fulfillment_node_id": "virtual_DC"}, {"product_id": "17209", "quantity": 1000, "fulfillment_node_id": "virtual_DC"}, {"product_id": "17204", "quantity": 1000, "fulfillment_node_id": "virtual_DC"}, {"product_id": "17232", "quantity": 1000, "fulfillment_node_id": "virtual_DC"}, {"product_id": "17205", "quantity": 1000, "fulfillment_node_id": "virtual_DC"}, {"product_id": "17203", "quantity": 1000, "fulfillment_node_id": "virtual_DC"}, {"product_id": "21268", "quantity": 1000, "fulfillment_node_id": "virtual_DC"}, {"product_id": "22080", "quantity": 1000, "fulfillment_node_id": "virtual_DC"}, {"product_id": "22081", "quantity": 1000, "fulfillment_node_id": "virtual_DC"}, {"product_id": "17234", "quantity": 1000, "fulfillment_node_id": "virtual_DC"}, {"product_id": "17210", "quantity": 1000, "fulfillment_node_id": "virtual_DC"}, {"product_id": "17208", "quantity": 1000, "fulfillment_node_id": "virtual_DC"}, {"product_id": "17216", "quantity": 1000, "fulfillment_node_id": "virtual_DC"}, {"product_id": "17200", "quantity": 1000, "fulfillment_node_id": "virtual_DC"}, {"product_id": "17233", "quantity": 1000, "fulfillment_node_id": "virtual_DC"}, {"product_id": "17206", "quantity": 1000, "fulfillment_node_id": "virtual_DC"}, {"product_id": "17413", "quantity": 1000, "fulfillment_node_id": "virtual_DC"}, {"product_id": "17212", "quantity": 1000, "fulfillment_node_id": "virtual_DC"}, {"product_id": "17416", "quantity": 1000, "fulfillment_node_id": "virtual_DC"}, {"product_id": "22084", "quantity": 1000, "fulfillment_node_id": "virtual_DC"}, {"product_id": "17412", "quantity": 1000, "fulfillment_node_id": "virtual_DC"}, {"product_id": "17214", "quantity": 1000, "fulfillment_node_id": "virtual_DC"}, {"product_id": "17228", "quantity": 1000, "fulfillment_node_id": "virtual_DC"}, {"product_id": "17411", "quantity": 1000, "fulfillment_node_id": "virtual_DC"}, {"product_id": "17230", "quantity": 1000, "fulfillment_node_id": "virtual_DC"}, {"product_id": "17414", "quantity": 1000, "fulfillment_node_id": "virtual_DC"}, {"product_id": "17225", "quantity": 1000, "fulfillment_node_id": "virtual_DC"}]}