{"head": {"pricebook": "default", "shop": "storefront-catalog-en", "currency": "USD"}, "items": [{"product_id": "22053", "value": 1.0}, {"product_id": "21250", "value": 1.0}, {"product_id": "21245", "value": 1.0}, {"product_id": "21248", "value": 1.0}, {"product_id": "21244", "value": 1.0}, {"product_id": "22052", "value": 1.0}, {"product_id": "21247", "value": 1.0}, {"product_id": "22054", "value": 1.0}, {"product_id": "21246", "value": 1.0}, {"product_id": "21242", "value": 1.0}, {"product_id": "21238", "value": 1.0}, {"product_id": "21485", "value": 1.0}, {"product_id": "21251", "value": 1.0}, {"product_id": "21256", "value": 1.0}, {"product_id": "13819", "value": 1.0}, {"product_id": "21252", "value": 1.0}, {"product_id": "26048", "value": 1.0}, {"product_id": "22055", "value": 1.0}, {"product_id": "21257", "value": 1.0}, {"product_id": "22059", "value": 1.0}, {"product_id": "13875", "value": 1.0}, {"product_id": "22056", "value": 1.0}, {"product_id": "21253", "value": 1.0}, {"product_id": "22060", "value": 1.0}, {"product_id": "26046", "value": 1.0}, {"product_id": "21255", "value": 1.0}, {"product_id": "26043", "value": 1.0}, {"product_id": "21254", "value": 1.0}, {"product_id": "19405", "value": 1.0}, {"product_id": "21484", "value": 1.0}, {"product_id": "24698", "value": 1.0}, {"product_id": "22066", "value": 1.0}, {"product_id": "21259", "value": 1.0}, {"product_id": "22173", "value": 1.0}, {"product_id": "22171", "value": 1.0}, {"product_id": "26045", "value": 1.0}, {"product_id": "21258", "value": 1.0}, {"product_id": "22061", "value": 1.0}, {"product_id": "22062", "value": 1.0}, {"product_id": "21260", "value": 1.0}, {"product_id": "22065", "value": 1.0}, {"product_id": "22170", "value": 1.0}, {"product_id": "22172", "value": 1.0}, {"product_id": "21261", "value": 1.0}, {"product_id": "26044", "value": 1.0}, {"product_id": "26047", "value": 1.0}, {"product_id": "22064", "value": 1.0}, {"product_id": "22063", "value": 1.0}, {"product_id": "26042", "value": 1.0}, {"product_id": "22069", "value": 1.0}, {"product_id": "26065", "value": 1.0}, {"product_id": "26063", "value": 1.0}, {"product_id": "22336", "value": 1.0}, {"product_id": "21836", "value": 1.0}, {"product_id": "22018", "value": 1.0}, {"product_id": "21891", "value": 1.0}, {"product_id": "19407", "value": 1.0}, {"product_id": "22010", "value": 1.0}, {"product_id": "21893", "value": 1.0}, {"product_id": "22008", "value": 1.0}, {"product_id": "22007", "value": 1.0}, {"product_id": "21892", "value": 1.0}, {"product_id": "18023", "value": 1.0}, {"product_id": "22016", "value": 1.0}, {"product_id": "21074", "value": 1.0}, {"product_id": "21030", "value": 1.0}, {"product_id": "22011", "value": 1.0}, {"product_id": "21031", "value": 1.0}, {"product_id": "18225", "value": 1.0}, {"product_id": "19406", "value": 1.0}, {"product_id": "21013", "value": 1.0}, {"product_id": "21036", "value": 1.0}, {"product_id": "22017", "value": 1.0}, {"product_id": "21259", "value": 1.0}, {"product_id": "21835", "value": 1.0}, {"product_id": "21834", "value": 1.0}, {"product_id": "11356", "value": 1.0}, {"product_id": "11357", "value": 1.0}, {"product_id": "11510", "value": 1.0}, {"product_id": "11591", "value": 1.0}, {"product_id": "12298", "value": 1.0}, {"product_id": "12841", "value": 1.0}, {"product_id": "11502", "value": 1.0}, {"product_id": "11531", "value": 1.0}, {"product_id": "11396", "value": 1.0}, {"product_id": "11528", "value": 1.0}, {"product_id": "11403", "value": 1.0}, {"product_id": "11358", "value": 1.0}, {"product_id": "11517", "value": 1.0}, {"product_id": "11457", "value": 1.0}, {"product_id": "11389", "value": 1.0}, {"product_id": "11520", "value": 1.0}, {"product_id": "11522", "value": 1.0}, {"product_id": "11424", "value": 1.0}, {"product_id": "11370", "value": 1.0}, {"product_id": "16179", "value": 1.0}, {"product_id": "16225", "value": 1.0}, {"product_id": "11487", "value": 1.0}, {"product_id": "11416", "value": 1.0}, {"product_id": "11441", "value": 1.0}, {"product_id": "11418", "value": 1.0}, {"product_id": "11423", "value": 1.0}, {"product_id": "14031", "value": 1.0}, {"product_id": "14034", "value": 1.0}, {"product_id": "14036", "value": 1.0}, {"product_id": "14038", "value": 1.0}, {"product_id": "14042", "value": 1.0}, {"product_id": "11516", "value": 1.0}, {"product_id": "11488", "value": 1.0}, {"product_id": "11490", "value": 1.0}, {"product_id": "11486", "value": 1.0}, {"product_id": "11476", "value": 1.0}, {"product_id": "11445", "value": 1.0}, {"product_id": "14028", "value": 1.0}, {"product_id": "14030", "value": 1.0}, {"product_id": "14032", "value": 1.0}, {"product_id": "14033", "value": 1.0}, {"product_id": "14035", "value": 1.0}, {"product_id": "14037", "value": 1.0}, {"product_id": "14039", "value": 1.0}, {"product_id": "14041", "value": 1.0}, {"product_id": "14221", "value": 1.0}, {"product_id": "14222", "value": 1.0}, {"product_id": "14223", "value": 1.0}, {"product_id": "14224", "value": 1.0}, {"product_id": "14225", "value": 1.0}, {"product_id": "14226", "value": 1.0}, {"product_id": "14227", "value": 1.0}, {"product_id": "14228", "value": 1.0}, {"product_id": "11446", "value": 1.0}, {"product_id": "11500", "value": 1.0}, {"product_id": "11400", "value": 1.0}, {"product_id": "11494", "value": 1.0}, {"product_id": "11504", "value": 1.0}, {"product_id": "11392", "value": 1.0}, {"product_id": "11359", "value": 1.0}, {"product_id": "11509", "value": 1.0}, {"product_id": "11511", "value": 1.0}, {"product_id": "11455", "value": 1.0}, {"product_id": "11434", "value": 1.0}, {"product_id": "11452", "value": 1.0}, {"product_id": "11387", "value": 1.0}, {"product_id": "11459", "value": 1.0}, {"product_id": "11425", "value": 1.0}, {"product_id": "11413", "value": 1.0}, {"product_id": "11474", "value": 1.0}, {"product_id": "11505", "value": 1.0}, {"product_id": "11448", "value": 1.0}, {"product_id": "11484", "value": 1.0}, {"product_id": "11415", "value": 1.0}, {"product_id": "11360", "value": 1.0}, {"product_id": "11489", "value": 1.0}, {"product_id": "11421", "value": 1.0}, {"product_id": "11529", "value": 1.0}, {"product_id": "11399", "value": 1.0}, {"product_id": "11436", "value": 1.0}, {"product_id": "11554", "value": 1.0}, {"product_id": "11552", "value": 1.0}, {"product_id": "11366", "value": 1.0}, {"product_id": "11492", "value": 1.0}, {"product_id": "11546", "value": 1.0}, {"product_id": "11410", "value": 1.0}, {"product_id": "11407", "value": 1.0}, {"product_id": "11464", "value": 1.0}, {"product_id": "11499", "value": 1.0}, {"product_id": "11419", "value": 1.0}, {"product_id": "11477", "value": 1.0}, {"product_id": "11408", "value": 1.0}, {"product_id": "11405", "value": 1.0}, {"product_id": "11461", "value": 1.0}, {"product_id": "11385", "value": 1.0}, {"product_id": "11497", "value": 1.0}, {"product_id": "11462", "value": 1.0}, {"product_id": "11526", "value": 1.0}, {"product_id": "11534", "value": 1.0}, {"product_id": "11398", "value": 1.0}, {"product_id": "11393", "value": 1.0}, {"product_id": "11390", "value": 1.0}, {"product_id": "11430", "value": 1.0}, {"product_id": "11449", "value": 1.0}, {"product_id": "11495", "value": 1.0}, {"product_id": "11513", "value": 1.0}, {"product_id": "11458", "value": 1.0}, {"product_id": "11435", "value": 1.0}, {"product_id": "11439", "value": 1.0}, {"product_id": "11401", "value": 1.0}, {"product_id": "11428", "value": 1.0}, {"product_id": "11538", "value": 1.0}, {"product_id": "11547", "value": 1.0}, {"product_id": "17229", "value": 1.0}, {"product_id": "22082", "value": 1.0}, {"product_id": "17227", "value": 1.0}, {"product_id": "17226", "value": 1.0}, {"product_id": "17213", "value": 1.0}, {"product_id": "22083", "value": 1.0}, {"product_id": "17211", "value": 1.0}, {"product_id": "17415", "value": 1.0}, {"product_id": "21275", "value": 1.0}, {"product_id": "22086", "value": 1.0}, {"product_id": "13977", "value": 1.0}, {"product_id": "22088", "value": 1.0}, {"product_id": "20133", "value": 1.0}, {"product_id": "21278", "value": 1.0}, {"product_id": "22087", "value": 1.0}, {"product_id": "21279", "value": 1.0}, {"product_id": "22085", "value": 1.0}, {"product_id": "21280", "value": 1.0}, {"product_id": "21277", "value": 1.0}, {"product_id": "21270", "value": 1.0}, {"product_id": "21273", "value": 1.0}, {"product_id": "22090", "value": 1.0}, {"product_id": "21276", "value": 1.0}, {"product_id": "21272", "value": 1.0}, {"product_id": "21271", "value": 1.0}, {"product_id": "21274", "value": 1.0}, {"product_id": "21281", "value": 1.0}, {"product_id": "22089", "value": 1.0}, {"product_id": "21293", "value": 1.0}, {"product_id": "21287", "value": 1.0}, {"product_id": "21284", "value": 1.0}, {"product_id": "21282", "value": 1.0}, {"product_id": "21285", "value": 1.0}, {"product_id": "21291", "value": 1.0}, {"product_id": "21294", "value": 1.0}, {"product_id": "26062", "value": 1.0}, {"product_id": "22091", "value": 1.0}, {"product_id": "21289", "value": 1.0}, {"product_id": "21297", "value": 1.0}, {"product_id": "21286", "value": 1.0}, {"product_id": "21299", "value": 1.0}, {"product_id": "21295", "value": 1.0}, {"product_id": "21288", "value": 1.0}, {"product_id": "21296", "value": 1.0}, {"product_id": "21298", "value": 1.0}, {"product_id": "21283", "value": 1.0}, {"product_id": "21292", "value": 1.0}, {"product_id": "21290", "value": 1.0}, {"product_id": "21300", "value": 1.0}, {"product_id": "26064", "value": 1.0}, {"product_id": "13876", "value": 1.0}, {"product_id": "22072", "value": 1.0}, {"product_id": "22068", "value": 1.0}, {"product_id": "22075", "value": 1.0}, {"product_id": "22074", "value": 1.0}, {"product_id": "21265", "value": 1.0}, {"product_id": "22077", "value": 1.0}, {"product_id": "22070", "value": 1.0}, {"product_id": "21262", "value": 1.0}, {"product_id": "22078", "value": 1.0}, {"product_id": "21266", "value": 1.0}, {"product_id": "21473", "value": 1.0}, {"product_id": "21263", "value": 1.0}, {"product_id": "21267", "value": 1.0}, {"product_id": "21264", "value": 1.0}, {"product_id": "26061", "value": 1.0}, {"product_id": "22076", "value": 1.0}, {"product_id": "22073", "value": 1.0}, {"product_id": "22067", "value": 1.0}, {"product_id": "17202", "value": 1.0}, {"product_id": "17201", "value": 1.0}, {"product_id": "21269", "value": 1.0}, {"product_id": "22079", "value": 1.0}, {"product_id": "17207", "value": 1.0}, {"product_id": "17209", "value": 1.0}, {"product_id": "17204", "value": 1.0}, {"product_id": "17232", "value": 1.0}, {"product_id": "17205", "value": 1.0}, {"product_id": "17203", "value": 1.0}, {"product_id": "21268", "value": 1.0}, {"product_id": "22080", "value": 1.0}, {"product_id": "22081", "value": 1.0}, {"product_id": "17234", "value": 1.0}, {"product_id": "17210", "value": 1.0}, {"product_id": "17208", "value": 1.0}, {"product_id": "17216", "value": 1.0}, {"product_id": "17200", "value": 1.0}, {"product_id": "17233", "value": 1.0}, {"product_id": "17206", "value": 1.0}, {"product_id": "17413", "value": 1.0}, {"product_id": "17212", "value": 1.0}, {"product_id": "17416", "value": 1.0}, {"product_id": "22084", "value": 1.0}, {"product_id": "17412", "value": 1.0}, {"product_id": "17214", "value": 1.0}, {"product_id": "17228", "value": 1.0}, {"product_id": "17411", "value": 1.0}, {"product_id": "17230", "value": 1.0}, {"product_id": "17414", "value": 1.0}, {"product_id": "17225", "value": 1.0}]}