{
    "head": {
        "pricebook": "default",
        "shop": "storefront-catalog-en",
        "currency": "USD"
    },
    "items": [
        {
            "product_id": "15968",
            "value": 1.0
        },
        {
            "product_id": "15962",
            "value": 1.0
        },
        {
            "product_id": "15963",
            "value": 1.0
        },
        {
            "product_id": "15964",
            "value": 1.0
        },
        {
            "product_id": "15965",
            "value": 1.0
        },
        {
            "product_id": "15966",
            "value": 1.0
        },
        {
            "product_id": "15967",
            "value": 1.0
        },
        {
            "product_id": "16036",
            "value": 1.0
        },
        {
            "product_id": "16037",
            "value": 1.0
        },
        {
            "product_id": "16038",
            "value": 1.0
        },
        {
            "product_id": "16039",
            "value": 1.0
        },
        {
            "product_id": "16040",
            "value": 1.0
        },
        {
            "product_id": "16048",
            "value": 1.0
        },
        {
            "product_id": "16049",
            "value": 1.0
        },
        {
            "product_id": "16050",
            "value": 1.0
        },
        {
            "product_id": "16051",
            "value": 1.0
        }
    ]
}