{
    "head": {
        "store mapping": [
            {
                "store_id": null,
                "fulfillment_node_id": "virtual_DC"
            }
        ],
        "mode": "atp"
    },
    "items": [
        {
            "product_id": "7717",
            "quantity": 1000,
            "fulfillment_node_id": "virtual_DC"
        },
        {
            "product_id": "8115",
            "quantity": 1000,
            "fulfillment_node_id": "virtual_DC"
        },
        {
            "product_id": "8678",
            "quantity": 1000,
            "fulfillment_node_id": "virtual_DC"
        },
        {
            "product_id": "9253",
            "quantity": 1000,
            "fulfillment_node_id": "virtual_DC"
        },
        {
            "product_id": "9297",
            "quantity": 1000,
            "fulfillment_node_id": "virtual_DC"
        },
        {
            "product_id": "9335",
            "quantity": 1000,
            "fulfillment_node_id": "virtual_DC"
        },
        {
            "product_id": "9883",
            "quantity": 1000,
            "fulfillment_node_id": "virtual_DC"
        },
        {
            "product_id": "10829",
            "quantity": 1000,
            "fulfillment_node_id": "virtual_DC"
        },
        {
            "product_id": "10980",
            "quantity": 1000,
            "fulfillment_node_id": "virtual_DC"
        },
        {
            "product_id": "14104",
            "quantity": 1000,
            "fulfillment_node_id": "virtual_DC"
        },
        {
            "product_id": "14842",
            "quantity": 1000,
            "fulfillment_node_id": "virtual_DC"
        },
        {
            "product_id": "16293",
            "quantity": 1000,
            "fulfillment_node_id": "virtual_DC"
        },
        {
            "product_id": "16301",
            "quantity": 1000,
            "fulfillment_node_id": "virtual_DC"
        },
        {
            "product_id": "18674",
            "quantity": 1000,
            "fulfillment_node_id": "virtual_DC"
        },
        {
            "product_id": "19846",
            "quantity": 1000,
            "fulfillment_node_id": "virtual_DC"
        },
        {
            "product_id": "20043",
            "quantity": 1000,
            "fulfillment_node_id": "virtual_DC"
        },
        {
            "product_id": "20046",
            "quantity": 1000,
            "fulfillment_node_id": "virtual_DC"
        },
        {
            "product_id": "20047",
            "quantity": 1000,
            "fulfillment_node_id": "virtual_DC"
        },
        {
            "product_id": "20048",
            "quantity": 1000,
            "fulfillment_node_id": "virtual_DC"
        },
        {
            "product_id": "21575",
            "quantity": 1000,
            "fulfillment_node_id": "virtual_DC"
        },
        {
            "product_id": "23784",
            "quantity": 1000,
            "fulfillment_node_id": "virtual_DC"
        },
        {
            "product_id": "23788",
            "quantity": 1000,
            "fulfillment_node_id": "virtual_DC"
        },
        {
            "product_id": "23793",
            "quantity": 1000,
            "fulfillment_node_id": "virtual_DC"
        },
        {
            "product_id": "23987",
            "quantity": 1000,
            "fulfillment_node_id": "virtual_DC"
        },
        {
            "product_id": "23991",
            "quantity": 1000,
            "fulfillment_node_id": "virtual_DC"
        },
        {
            "product_id": "26017",
            "quantity": 1000,
            "fulfillment_node_id": "virtual_DC"
        },
        {
            "product_id": "26569",
            "quantity": 1000,
            "fulfillment_node_id": "virtual_DC"
        },
        {
            "product_id": "26570",
            "quantity": 1000,
            "fulfillment_node_id": "virtual_DC"
        },
        {
            "product_id": "26571",
            "quantity": 1000,
            "fulfillment_node_id": "virtual_DC"
        },
        {
            "product_id": "26572",
            "quantity": 1000,
            "fulfillment_node_id": "virtual_DC"
        },
        {
            "product_id": "26573",
            "quantity": 1000,
            "fulfillment_node_id": "virtual_DC"
        },
        {
            "product_id": "26574",
            "quantity": 1000,
            "fulfillment_node_id": "virtual_DC"
        },
        {
            "product_id": "26575",
            "quantity": 1000,
            "fulfillment_node_id": "virtual_DC"
        },
        {
            "product_id": "26576",
            "quantity": 1000,
            "fulfillment_node_id": "virtual_DC"
        },
        {
            "product_id": "26577",
            "quantity": 1000,
            "fulfillment_node_id": "virtual_DC"
        },
        {
            "product_id": "26578",
            "quantity": 1000,
            "fulfillment_node_id": "virtual_DC"
        },
        {
            "product_id": "26579",
            "quantity": 1000,
            "fulfillment_node_id": "virtual_DC"
        },
        {
            "product_id": "26580",
            "quantity": 1000,
            "fulfillment_node_id": "virtual_DC"
        },
        {
            "product_id": "26581",
            "quantity": 1000,
            "fulfillment_node_id": "virtual_DC"
        },
        {
            "product_id": "26582",
            "quantity": 1000,
            "fulfillment_node_id": "virtual_DC"
        },
        {
            "product_id": "26670",
            "quantity": 1000,
            "fulfillment_node_id": "virtual_DC"
        },
        {
            "product_id": "26671",
            "quantity": 1000,
            "fulfillment_node_id": "virtual_DC"
        },
        {
            "product_id": "26672",
            "quantity": 1000,
            "fulfillment_node_id": "virtual_DC"
        },
        {
            "product_id": "26771",
            "quantity": 1000,
            "fulfillment_node_id": "virtual_DC"
        },
        {
            "product_id": "26772",
            "quantity": 1000,
            "fulfillment_node_id": "virtual_DC"
        },
        {
            "product_id": "26773",
            "quantity": 1000,
            "fulfillment_node_id": "virtual_DC"
        },
        {
            "product_id": "26774",
            "quantity": 1000,
            "fulfillment_node_id": "virtual_DC"
        },
        {
            "product_id": "26776",
            "quantity": 1000,
            "fulfillment_node_id": "virtual_DC"
        },
        {
            "product_id": "26777",
            "quantity": 1000,
            "fulfillment_node_id": "virtual_DC"
        },
        {
            "product_id": "26874",
            "quantity": 1000,
            "fulfillment_node_id": "virtual_DC"
        }
    ]
}