{"head": {"shop": "storefront-catalog-en", "pricebook": "default-us", "currency": "USD"}, "items": [{"product_id": "A0E2000000021S1955", "value": 105.0}, {"product_id": "A0E2000000021S1956", "value": 105.0}, {"product_id": "A0E2000000021S13713", "value": 39.0}, {"product_id": "A0E2000000021S13714", "value": 39.0}, {"product_id": "A0E2000000021S13715", "value": 39.0}, {"product_id": "A0E2000000021S2", "value": 79.0}, {"product_id": "A0E2000000021S3091", "value": 52.0}, {"product_id": "A0E2000000021S2220", "value": 59.0}, {"product_id": "A0E2000000021S54", "value": 32.0}, {"product_id": "A0E2000000021S649", "value": 25.0}, {"product_id": "A0E2000000021S2005", "value": 79.0}, {"product_id": "A0E2000000021S2006", "value": 79.0}, {"product_id": "A0E2000000021S1932", "value": 32.0}, {"product_id": "A0E2000000021S13204", "value": 59.0}, {"product_id": "A0E2000000021S2385", "value": 65.0}, {"product_id": "A0E2000000021S15138", "value": 0.65}, {"product_id": "A0E2000000021S15139", "value": 0.65}, {"product_id": "A0E2000000021S605", "value": 92.0}, {"product_id": "A0E2000000021S2476", "value": 79.0}, {"product_id": "A0E2000000021S2477", "value": 79.0}, {"product_id": "A0E2000000021S1892", "value": 65.0}, {"product_id": "A0E2000000021S13760", "value": 12.0}, {"product_id": "A0E2000000021S2036", "value": 92.0}, {"product_id": "A0E2000000021S2404", "value": 59.0}, {"product_id": "A0E2000000021S13301", "value": 59.0}, {"product_id": "A0E2000000021S1957", "value": 25.0}, {"product_id": "A0E2000000021S1958", "value": 25.0}, {"product_id": "A0E2000000021S13284", "value": 65.0}, {"product_id": "A0E2000000021S1933", "value": 79.0}, {"product_id": "A0E2000000021S2318", "value": 25.0}, {"product_id": "A0E2000000021S13237", "value": 65.0}, {"product_id": "A0E2000000021S1897", "value": 79.0}, {"product_id": "A0E2000000021S1898", "value": 52.0}, {"product_id": "A0E2000000021S13601", "value": 59.0}, {"product_id": "A0E2000000021S13602", "value": 59.0}, {"product_id": "A0E2000000021S13235", "value": 25.0}, {"product_id": "A0E2000000021S13598", "value": 52.0}, {"product_id": "A0E2000000021S13599", "value": 52.0}, {"product_id": "A0E2000000021S13600", "value": 52.0}, {"product_id": "A0E2000000021S40", "value": 79.0}, {"product_id": "A0E2000000021S26029", "value": 0.65}, {"product_id": "A0E2000000021S26030", "value": 0.65}, {"product_id": "A0E2000000021S1296", "value": 39.0}, {"product_id": "A0E2000000021S14639", "value": 65.0}, {"product_id": "A0E2000000021S1934", "value": 65.0}, {"product_id": "A0E2000000021S2317", "value": 79.0}, {"product_id": "A0E2000000021S2459", "value": 65.0}, {"product_id": "A0E2000000021S12888", "value": 32.0}, {"product_id": "A0E2000000021S15332", "value": 65.0}, {"product_id": "A0E2000000021S15333", "value": 65.0}, {"product_id": "A0E2000000021S53", "value": 32.0}, {"product_id": "A0E2000000021S14485", "value": 52.0}, {"product_id": "A0E2000000021S14486", "value": 52.0}, {"product_id": "A0E2000000021S14487", "value": 52.0}, {"product_id": "A0E2000000021S14488", "value": 52.0}, {"product_id": "A0E2000000021S12935", "value": 144.0}, {"product_id": "A0E2000000021S163", "value": 65.0}, {"product_id": "A0E2000000021S39", "value": 79.0}, {"product_id": "A0E2000000021S12739", "value": 79.0}, {"product_id": "A0E2000000021S1935", "value": 52.0}, {"product_id": "A0E2000000021S1936", "value": 52.0}, {"product_id": "A0E2000000021S1937", "value": 52.0}, {"product_id": "A0E2000000021S1938", "value": 52.0}, {"product_id": "A0E2000000021S3161", "value": 65.0}, {"product_id": "A0E2000000021S3162", "value": 65.0}, {"product_id": "A0E2000000021S1900", "value": 25.0}, {"product_id": "A0E2000000021S1959", "value": 59.0}, {"product_id": "A0E2000000021S1960", "value": 59.0}, {"product_id": "A0E2000000021S1862", "value": 65.0}, {"product_id": "A0E2000000021S13103", "value": 92.0}, {"product_id": "A0E2000000021S362", "value": 92.0}, {"product_id": "A0E2000000021S1877", "value": 105.0}, {"product_id": "A0E2000000021S13240", "value": 79.0}, {"product_id": "A0E2000000021S120", "value": 39.0}, {"product_id": "A0E2000000021S14634", "value": 65.0}, {"product_id": "A0E2000000021S26095", "value": 119.0}, {"product_id": "A0E2000000021S26096", "value": 119.0}, {"product_id": "A0E2000000021S26097", "value": 119.0}, {"product_id": "A0E2000000021S26098", "value": 119.0}, {"product_id": "A0E2000000021S1908", "value": 65.0}, {"product_id": "A0E2000000021S13638", "value": 65.0}, {"product_id": "A0E2000000021S13639", "value": 65.0}, {"product_id": "A0E2000000021S13640", "value": 65.0}, {"product_id": "A0E2000000021S13641", "value": 65.0}, {"product_id": "A0E2000000021S13642", "value": 65.0}, {"product_id": "A0E2000000021S13643", "value": 65.0}, {"product_id": "A0E2000000021S13644", "value": 65.0}, {"product_id": "A0E2000000021S13645", "value": 65.0}, {"product_id": "A0E2000000021S13646", "value": 65.0}, {"product_id": "A0E2000000021S13647", "value": 65.0}, {"product_id": "A0E2000000021S13648", "value": 65.0}, {"product_id": "A0E2000000021S13649", "value": 65.0}, {"product_id": "A0E2000000021S13831", "value": 39.0}, {"product_id": "A0E2000000021S13832", "value": 39.0}, {"product_id": "A0E2000000021S13833", "value": 39.0}, {"product_id": "A0E2000000021S13141", "value": 65.0}, {"product_id": "A0E2000000021S13142", "value": 65.0}, {"product_id": "A0E2000000021S2009", "value": 19.0}, {"product_id": "A0E2000000021S2011", "value": 184.0}, {"product_id": "A0E2000000021S2012", "value": 184.0}, {"product_id": "A0E2000000021S2013", "value": 184.0}, {"product_id": "A0E2000000021S2014", "value": 184.0}, {"product_id": "A0E2000000021S2015", "value": 184.0}, {"product_id": "A0E2000000021S2016", "value": 184.0}, {"product_id": "A0E2000000021S2017", "value": 184.0}, {"product_id": "A0E2000000021S2018", "value": 184.0}, {"product_id": "A0E2000000021S2019", "value": 184.0}, {"product_id": "A0E2000000021S2020", "value": 184.0}, {"product_id": "A0E2000000021S648", "value": 79.0}, {"product_id": "A0E2000000021S1907", "value": 45.0}, {"product_id": "A0E2000000021S549", "value": 59.0}, {"product_id": "A0E2000000021S3", "value": 130.0}, {"product_id": "A0E2000000021S13243", "value": 65.0}, {"product_id": "A0E2000000021S1899", "value": 130.0}, {"product_id": "A0E2000000021S14372", "value": 25.0}, {"product_id": "A0E2000000021S1443", "value": 65.0}, {"product_id": "A0E2000000021S1990", "value": 119.0}, {"product_id": "A0E2000000021S1991", "value": 119.0}, {"product_id": "A0E2000000021S15455", "value": 65.0}, {"product_id": "A0E2000000021S1", "value": 65.0}, {"product_id": "A0E2000000021S13356", "value": 65.0}, {"product_id": "A0E2000000021S12666", "value": 119.0}, {"product_id": "A0E2000000021S12667", "value": 119.0}, {"product_id": "A0E2000000021S12668", "value": 119.0}, {"product_id": "A0E2000000021S12669", "value": 119.0}, {"product_id": "A0E2000000021S3283", "value": 65.0}, {"product_id": "A0E2000000021S1891", "value": 130.0}, {"product_id": "A0E2000000021S1863", "value": 79.0}, {"product_id": "A0E2000000021S13420", "value": 92.0}, {"product_id": "A0E2000000021S2004", "value": 119.0}, {"product_id": "A0E2000000021S1876", "value": 144.0}, {"product_id": "A0E2000000021S1321", "value": 65.0}, {"product_id": "A0E2000000021S1322", "value": 65.0}, {"product_id": "A0E2000000021S1975", "value": 119.0}, {"product_id": "A0E2000000021S13862", "value": 15.0}, {"product_id": "A0E2000000021S13863", "value": 15.0}, {"product_id": "A0E2000000021S2968", "value": 0.65}, {"product_id": "A0E2000000021S2969", "value": 0.65}, {"product_id": "A0E2000000021S2240", "value": 65.0}, {"product_id": "A0E2000000021S2241", "value": 65.0}, {"product_id": "A0E2000000021S66", "value": 130.0}, {"product_id": "A0E2000000021S1905", "value": 32.0}, {"product_id": "A0E2000000021S13239", "value": 105.0}, {"product_id": "A0E2000000021S14318", "value": 19.0}, {"product_id": "A0E2000000021S1949", "value": 25.0}, {"product_id": "A0E2000000021S1950", "value": 25.0}, {"product_id": "A0E2000000021S119", "value": 65.0}, {"product_id": "A0E2000000021S2008", "value": 79.0}, {"product_id": "A0E2000000021S13864", "value": 45.0}, {"product_id": "A0E2000000021S13238", "value": 65.0}, {"product_id": "A0E2000000021S2580", "value": 65.0}, {"product_id": "A0E2000000021S2581", "value": 65.0}, {"product_id": "A0E2000000021S12600", "value": 0.65}, {"product_id": "A0E2000000021S12601", "value": 0.65}, {"product_id": "A0E2000000021S1878", "value": 65.0}, {"product_id": "A0E2000000021S13801", "value": 25.0}, {"product_id": "A0E2000000021S13802", "value": 25.0}, {"product_id": "A0E2000000021S13803", "value": 25.0}, {"product_id": "A0E2000000021S570", "value": 65.0}, {"product_id": "A0E2000000021S571", "value": 65.0}, {"product_id": "A0E2000000021S1861", "value": 130.0}, {"product_id": "A0E2000000021S13242", "value": 65.0}, {"product_id": "A0E2000000021S1922", "value": 65.0}, {"product_id": "A0E2000000021S1923", "value": 65.0}, {"product_id": "A0E2000000021S1924", "value": 65.0}, {"product_id": "A0E2000000021S1925", "value": 65.0}, {"product_id": "A0E2000000021S1926", "value": 65.0}, {"product_id": "A0E2000000021S1927", "value": 65.0}, {"product_id": "A0E2000000021S1928", "value": 65.0}, {"product_id": "A0E2000000021S1929", "value": 65.0}, {"product_id": "A0E2000000021S3138", "value": 39.0}, {"product_id": "A0E2000000021S13236", "value": 65.0}, {"product_id": "A0E2000000021S1930", "value": 65.0}, {"product_id": "A0E2000000021S1931", "value": 65.0}, {"product_id": "A0E2000000021S14402", "value": 65.0}, {"product_id": "A0E2000000021S347", "value": 79.0}, {"product_id": "A0E2000000021S1906", "value": 79.0}, {"product_id": "A0E2000000021S15309", "value": 39.0}, {"product_id": "A0E2000000021S13241", "value": 65.0}, {"product_id": "A0E2000000021S13244", "value": 65.0}, {"product_id": "A0E2000000021S14358", "value": 65.0}, {"product_id": "A0E2000000021S2319", "value": 65.0}, {"product_id": "A0E2000000021S13088", "value": 79.0}, {"product_id": "A0E2000000021S1973", "value": 52.0}, {"product_id": "A0E2000000021S1974", "value": 52.0}, {"product_id": "A0E2000000021S1249", "value": 52.0}, {"product_id": "A0E2000000021S2523", "value": 92.0}, {"product_id": "A0E2000000021S1909", "value": 39.0}, {"product_id": "A0E2000000021S650", "value": 65.0}, {"product_id": "A0E2000000021S1988", "value": 65.0}, {"product_id": "A0E2000000021S1989", "value": 65.0}, {"product_id": "A0E2000000021S13477", "value": 65.0}, {"product_id": "A0E2000000021S13478", "value": 65.0}, {"product_id": "A0E2000000021S1947", "value": 65.0}, {"product_id": "A0E2000000021S1948", "value": 65.0}, {"product_id": "A0E2000000021S14931", "value": 65.0}, {"product_id": "A0E2000000021S1126", "value": 0.65}, {"product_id": "A0E2000000021S1127", "value": 0.65}, {"product_id": "A0E2000000021S14373", "value": 79.0}, {"product_id": "A0E2000000021S2007", "value": 19.0}, {"product_id": "A0E2000000021S30", "value": 65.0}, {"product_id": "A0E2000000021S26168", "value": 79.0}, {"product_id": "A0E2000000021S26315", "value": 32.0}, {"product_id": "A0E2000000021S2021", "value": 79.0}, {"product_id": "A0E2000000021S15262", "value": 52.0}, {"product_id": "A0E2000000021S13245", "value": 92.0}, {"product_id": "A0E2000000021S14715", "value": 65.0}, {"product_id": "A0E2000000021S1939", "value": 92.0}, {"product_id": "A0E2000000021S1940", "value": 92.0}, {"product_id": "A0E2000000021S1941", "value": 92.0}, {"product_id": "A0E2000000021S1942", "value": 92.0}, {"product_id": "A0E2000000021S1943", "value": 92.0}, {"product_id": "A0E2000000021S1944", "value": 92.0}, {"product_id": "A0E2000000021S1945", "value": 92.0}, {"product_id": "A0E2000000021S1946", "value": 92.0}, {"product_id": "A0E2000000021S28", "value": 0.65}, {"product_id": "A0E2000000021S29", "value": 0.65}, {"product_id": "A0E2000000021S1951", "value": 119.0}, {"product_id": "A0E2000000021S1952", "value": 119.0}, {"product_id": "A0E2000000021S1953", "value": 119.0}, {"product_id": "A0E2000000021S1954", "value": 119.0}, {"product_id": "A0E2000000021S13374", "value": 79.0}, {"product_id": "A0E2000000021S13375", "value": 79.0}, {"product_id": "A0E2000000021S2320", "value": 65.0}]}