{"head": {"pricebook": "default", "shop": "storefront-catalog-en", "currency": "USD"}, "items": [{"product_id": "20247", "value": 1.0}, {"product_id": "20240", "value": 1.0}, {"product_id": "20233", "value": 1.0}, {"product_id": "20239", "value": 1.0}, {"product_id": "26081", "value": 1.0}, {"product_id": "26073", "value": 1.0}, {"product_id": "26072", "value": 1.0}, {"product_id": "26088", "value": 1.0}, {"product_id": "26087", "value": 1.0}, {"product_id": "26071", "value": 1.0}, {"product_id": "26070", "value": 1.0}, {"product_id": "26096", "value": 1.0}, {"product_id": "26089", "value": 1.0}, {"product_id": "26099", "value": 1.0}, {"product_id": "26082", "value": 1.0}, {"product_id": "26075", "value": 1.0}, {"product_id": "26074", "value": 1.0}, {"product_id": "26068", "value": 1.0}, {"product_id": "26067", "value": 1.0}, {"product_id": "26069", "value": 1.0}, {"product_id": "26085", "value": 1.0}, {"product_id": "26097", "value": 1.0}, {"product_id": "26095", "value": 1.0}, {"product_id": "26079", "value": 1.0}, {"product_id": "26078", "value": 1.0}, {"product_id": "26080", "value": 1.0}, {"product_id": "26084", "value": 1.0}, {"product_id": "26077", "value": 1.0}, {"product_id": "26093", "value": 1.0}, {"product_id": "26091", "value": 1.0}, {"product_id": "26092", "value": 1.0}, {"product_id": "26076", "value": 1.0}, {"product_id": "26098", "value": 1.0}, {"product_id": "26083", "value": 1.0}, {"product_id": "26094", "value": 1.0}, {"product_id": "26086", "value": 1.0}, {"product_id": "26090", "value": 1.0}, {"product_id": "20235", "value": 1.0}, {"product_id": "20238", "value": 1.0}, {"product_id": "20246", "value": 1.0}, {"product_id": "20244", "value": 1.0}, {"product_id": "20245", "value": 1.0}, {"product_id": "14747", "value": 1.0}, {"product_id": "17863", "value": 1.0}, {"product_id": "17090", "value": 1.0}, {"product_id": "17118", "value": 1.0}, {"product_id": "17089", "value": 1.0}, {"product_id": "17095", "value": 1.0}, {"product_id": "17093", "value": 1.0}, {"product_id": "17098", "value": 1.0}]}