{
    "head": {
        "locale": "en-US",
        "shop": "storefront-catalog-en",
        "is_master": true
    },
    "items": [
        {
            "brand": "CAMP Stores",
            "is_searchable": true,
            "is_published": true,
            "show_in_listing": true,
            "product_id": "27911",
            "variant_group_id": "27911",
            "external_identifiers": [
                {
                    "type": "sku",
                    "value": "27911"
                }
            ],
            "title": "Mad Mattr Teal 10Oz Polybag",
            "caption": "Mad Mattr Teal 10Oz Polybag",
            "description": null,
            "shipping_weight_unit": "g",
            "shipping_weight_value": 294.8350405,
            "shipping_dimension_length": 0.0,
            "shipping_dimension_width": 0.0,
            "shipping_dimension_height": 0.0,
            "shipping_dimension_unit": "cm",
            "material": "",
            "google_category": "none",
            "categories": [
                {
                    "path": "ALL",
                    "is_main": true
                }
            ],
            "extended_attributes": [
                {
                    "name": "product_handle",
                    "value": "mad-mattr-teal-10oz-polybag"
                },
                {
                    "name": "fulfillment_service",
                    "value": "manual"
                },
                {
                    "name": "shipping_required",
                    "value": "True"
                },
                {
                    "name": "inventory_management",
                    "value": "shopify"
                },
                {
                    "name": "is_shippable",
                    "value": "True"
                },
                {
                    "name": "is_inventory",
                    "value": "True"
                }
            ],
            "keywords": [
                ""
            ],
            "tax_class_id": "PH405370",
            "manufacturer": ""
        }
    ]
}