{"head": {"pricebook": "default", "shop": "storefront-catalog-en", "currency": "USD"}, "items": [{"product_id": "20078", "value": 1.0}, {"product_id": "20054", "value": 1.0}, {"product_id": "20057", "value": 1.0}, {"product_id": "20083", "value": 1.0}, {"product_id": "20079", "value": 1.0}, {"product_id": "20053", "value": 1.0}, {"product_id": "20081", "value": 1.0}, {"product_id": "20086", "value": 1.0}, {"product_id": "20088", "value": 1.0}, {"product_id": "20087", "value": 1.0}, {"product_id": "20076", "value": 1.0}, {"product_id": "20059", "value": 1.0}, {"product_id": "20063", "value": 1.0}, {"product_id": "20082", "value": 1.0}, {"product_id": "20058", "value": 1.0}, {"product_id": "20073", "value": 1.0}, {"product_id": "20089", "value": 1.0}, {"product_id": "20074", "value": 1.0}, {"product_id": "20067", "value": 1.0}, {"product_id": "20068", "value": 1.0}, {"product_id": "20052", "value": 1.0}, {"product_id": "20064", "value": 1.0}, {"product_id": "20080", "value": 1.0}, {"product_id": "20056", "value": 1.0}, {"product_id": "20055", "value": 1.0}, {"product_id": "20044", "value": 1.0}, {"product_id": "20077", "value": 1.0}, {"product_id": "16090", "value": 1.0}, {"product_id": "25673", "value": 1.0}, {"product_id": "20005", "value": 1.0}, {"product_id": "16094", "value": 1.0}, {"product_id": "20047", "value": 1.0}, {"product_id": "20046", "value": 1.0}, {"product_id": "20043", "value": 1.0}, {"product_id": "16089", "value": 1.0}, {"product_id": "18482", "value": 1.0}, {"product_id": "17669", "value": 1.0}, {"product_id": "18483", "value": 1.0}, {"product_id": "17670", "value": 1.0}, {"product_id": "18598", "value": 1.0}, {"product_id": "17667", "value": 1.0}, {"product_id": "18599", "value": 1.0}, {"product_id": "17668", "value": 1.0}, {"product_id": "16088", "value": 1.0}, {"product_id": "17751", "value": 1.0}, {"product_id": "17752", "value": 1.0}, {"product_id": "18485", "value": 1.0}, {"product_id": "17750", "value": 1.0}, {"product_id": "18486", "value": 1.0}, {"product_id": "17749", "value": 1.0}]}