{
    "head": {
        "pricebook": "default",
        "shop": "storefront-catalog-en",
        "currency": "USD"
    },
    "items": [
        {
            "product_id": "26031",
            "value": 1.0
        },
        {
            "product_id": "27043",
            "value": 1.0
        },
        {
            "product_id": "26022",
            "value": 1.0
        },
        {
            "product_id": "22019",
            "value": 1.0
        },
        {
            "product_id": "22036",
            "value": 1.0
        },
        {
            "product_id": "21477",
            "value": 1.0
        },
        {
            "product_id": "22046",
            "value": 1.0
        },
        {
            "product_id": "22047",
            "value": 1.0
        },
        {
            "product_id": "22048",
            "value": 1.0
        },
        {
            "product_id": "22045",
            "value": 1.0
        },
        {
            "product_id": "22049",
            "value": 1.0
        },
        {
            "product_id": "22052",
            "value": 1.0
        },
        {
            "product_id": "26048",
            "value": 1.0
        },
        {
            "product_id": "26046",
            "value": 1.0
        },
        {
            "product_id": "26043",
            "value": 1.0
        },
        {
            "product_id": "24698",
            "value": 1.0
        },
        {
            "product_id": "21259",
            "value": 1.0
        },
        {
            "product_id": "22173",
            "value": 1.0
        },
        {
            "product_id": "26045",
            "value": 1.0
        },
        {
            "product_id": "26044",
            "value": 1.0
        },
        {
            "product_id": "26047",
            "value": 1.0
        },
        {
            "product_id": "26042",
            "value": 1.0
        },
        {
            "product_id": "22072",
            "value": 1.0
        },
        {
            "product_id": "21473",
            "value": 1.0
        },
        {
            "product_id": "26061",
            "value": 1.0
        },
        {
            "product_id": "22087",
            "value": 1.0
        },
        {
            "product_id": "26062",
            "value": 1.0
        },
        {
            "product_id": "26064",
            "value": 1.0
        },
        {
            "product_id": "26065",
            "value": 1.0
        },
        {
            "product_id": "26063",
            "value": 1.0
        },
        {
            "product_id": "21259",
            "value": 1.0
        },
        {
            "product_id": "11370",
            "value": 1.0
        },
        {
            "product_id": "16179",
            "value": 1.0
        },
        {
            "product_id": "16225",
            "value": 1.0
        },
        {
            "product_id": "11487",
            "value": 1.0
        },
        {
            "product_id": "11416",
            "value": 1.0
        },
        {
            "product_id": "11441",
            "value": 1.0
        },
        {
            "product_id": "11418",
            "value": 1.0
        },
        {
            "product_id": "11423",
            "value": 1.0
        },
        {
            "product_id": "14031",
            "value": 1.0
        },
        {
            "product_id": "14034",
            "value": 1.0
        },
        {
            "product_id": "14036",
            "value": 1.0
        },
        {
            "product_id": "14038",
            "value": 1.0
        },
        {
            "product_id": "14042",
            "value": 1.0
        },
        {
            "product_id": "11516",
            "value": 1.0
        },
        {
            "product_id": "11488",
            "value": 1.0
        },
        {
            "product_id": "11490",
            "value": 1.0
        },
        {
            "product_id": "11486",
            "value": 1.0
        },
        {
            "product_id": "11476",
            "value": 1.0
        },
        {
            "product_id": "11445",
            "value": 1.0
        },
        {
            "product_id": "14028",
            "value": 1.0
        },
        {
            "product_id": "14030",
            "value": 1.0
        },
        {
            "product_id": "14032",
            "value": 1.0
        },
        {
            "product_id": "14033",
            "value": 1.0
        },
        {
            "product_id": "14035",
            "value": 1.0
        },
        {
            "product_id": "14037",
            "value": 1.0
        },
        {
            "product_id": "14039",
            "value": 1.0
        },
        {
            "product_id": "14041",
            "value": 1.0
        },
        {
            "product_id": "14221",
            "value": 1.0
        },
        {
            "product_id": "14222",
            "value": 1.0
        },
        {
            "product_id": "14223",
            "value": 1.0
        },
        {
            "product_id": "14224",
            "value": 1.0
        },
        {
            "product_id": "14225",
            "value": 1.0
        },
        {
            "product_id": "14226",
            "value": 1.0
        },
        {
            "product_id": "14227",
            "value": 1.0
        },
        {
            "product_id": "14228",
            "value": 1.0
        },
        {
            "product_id": "11446",
            "value": 1.0
        },
        {
            "product_id": "11500",
            "value": 1.0
        },
        {
            "product_id": "11400",
            "value": 1.0
        },
        {
            "product_id": "11494",
            "value": 1.0
        },
        {
            "product_id": "11504",
            "value": 1.0
        },
        {
            "product_id": "11392",
            "value": 1.0
        },
        {
            "product_id": "11359",
            "value": 1.0
        },
        {
            "product_id": "11509",
            "value": 1.0
        },
        {
            "product_id": "11511",
            "value": 1.0
        },
        {
            "product_id": "11455",
            "value": 1.0
        },
        {
            "product_id": "11434",
            "value": 1.0
        },
        {
            "product_id": "11452",
            "value": 1.0
        },
        {
            "product_id": "11387",
            "value": 1.0
        },
        {
            "product_id": "11459",
            "value": 1.0
        },
        {
            "product_id": "11425",
            "value": 1.0
        },
        {
            "product_id": "11413",
            "value": 1.0
        },
        {
            "product_id": "11474",
            "value": 1.0
        },
        {
            "product_id": "11505",
            "value": 1.0
        },
        {
            "product_id": "11448",
            "value": 1.0
        },
        {
            "product_id": "11484",
            "value": 1.0
        },
        {
            "product_id": "11415",
            "value": 1.0
        },
        {
            "product_id": "11360",
            "value": 1.0
        },
        {
            "product_id": "11489",
            "value": 1.0
        },
        {
            "product_id": "11421",
            "value": 1.0
        },
        {
            "product_id": "11529",
            "value": 1.0
        },
        {
            "product_id": "11399",
            "value": 1.0
        },
        {
            "product_id": "11436",
            "value": 1.0
        },
        {
            "product_id": "11554",
            "value": 1.0
        },
        {
            "product_id": "11552",
            "value": 1.0
        },
        {
            "product_id": "11366",
            "value": 1.0
        },
        {
            "product_id": "11492",
            "value": 1.0
        },
        {
            "product_id": "11546",
            "value": 1.0
        },
        {
            "product_id": "11410",
            "value": 1.0
        },
        {
            "product_id": "11407",
            "value": 1.0
        },
        {
            "product_id": "11464",
            "value": 1.0
        },
        {
            "product_id": "11499",
            "value": 1.0
        },
        {
            "product_id": "11419",
            "value": 1.0
        },
        {
            "product_id": "11477",
            "value": 1.0
        },
        {
            "product_id": "11408",
            "value": 1.0
        },
        {
            "product_id": "11405",
            "value": 1.0
        },
        {
            "product_id": "11461",
            "value": 1.0
        },
        {
            "product_id": "11385",
            "value": 1.0
        },
        {
            "product_id": "11497",
            "value": 1.0
        },
        {
            "product_id": "11462",
            "value": 1.0
        },
        {
            "product_id": "11526",
            "value": 1.0
        },
        {
            "product_id": "11534",
            "value": 1.0
        },
        {
            "product_id": "11398",
            "value": 1.0
        },
        {
            "product_id": "11393",
            "value": 1.0
        },
        {
            "product_id": "11390",
            "value": 1.0
        },
        {
            "product_id": "11430",
            "value": 1.0
        },
        {
            "product_id": "11449",
            "value": 1.0
        },
        {
            "product_id": "11495",
            "value": 1.0
        },
        {
            "product_id": "11513",
            "value": 1.0
        },
        {
            "product_id": "11458",
            "value": 1.0
        },
        {
            "product_id": "11435",
            "value": 1.0
        },
        {
            "product_id": "11439",
            "value": 1.0
        },
        {
            "product_id": "11401",
            "value": 1.0
        },
        {
            "product_id": "11428",
            "value": 1.0
        },
        {
            "product_id": "11538",
            "value": 1.0
        },
        {
            "product_id": "11547",
            "value": 1.0
        },
        {
            "product_id": "11562",
            "value": 1.0
        },
        {
            "product_id": "11543",
            "value": 1.0
        },
        {
            "product_id": "11567",
            "value": 1.0
        },
        {
            "product_id": "11583",
            "value": 1.0
        },
        {
            "product_id": "11569",
            "value": 1.0
        },
        {
            "product_id": "16224",
            "value": 1.0
        },
        {
            "product_id": "11544",
            "value": 1.0
        },
        {
            "product_id": "11574",
            "value": 1.0
        },
        {
            "product_id": "11551",
            "value": 1.0
        },
        {
            "product_id": "11570",
            "value": 1.0
        },
        {
            "product_id": "11541",
            "value": 1.0
        },
        {
            "product_id": "11582",
            "value": 1.0
        },
        {
            "product_id": "11578",
            "value": 1.0
        },
        {
            "product_id": "11550",
            "value": 1.0
        },
        {
            "product_id": "11540",
            "value": 1.0
        },
        {
            "product_id": "11555",
            "value": 1.0
        },
        {
            "product_id": "11568",
            "value": 1.0
        },
        {
            "product_id": "11613",
            "value": 1.0
        },
        {
            "product_id": "11618",
            "value": 1.0
        },
        {
            "product_id": "12327",
            "value": 1.0
        },
        {
            "product_id": "11739",
            "value": 1.0
        },
        {
            "product_id": "12146",
            "value": 1.0
        },
        {
            "product_id": "12582",
            "value": 1.0
        },
        {
            "product_id": "11628",
            "value": 1.0
        },
        {
            "product_id": "11626",
            "value": 1.0
        },
        {
            "product_id": "12803",
            "value": 1.0
        },
        {
            "product_id": "11720",
            "value": 1.0
        },
        {
            "product_id": "12211",
            "value": 1.0
        },
        {
            "product_id": "11668",
            "value": 1.0
        },
        {
            "product_id": "12755",
            "value": 1.0
        },
        {
            "product_id": "11845",
            "value": 1.0
        },
        {
            "product_id": "12282",
            "value": 1.0
        },
        {
            "product_id": "12656",
            "value": 1.0
        },
        {
            "product_id": "11861",
            "value": 1.0
        },
        {
            "product_id": "12001",
            "value": 1.0
        },
        {
            "product_id": "11860",
            "value": 1.0
        },
        {
            "product_id": "12154",
            "value": 1.0
        },
        {
            "product_id": "11692",
            "value": 1.0
        },
        {
            "product_id": "11700",
            "value": 1.0
        },
        {
            "product_id": "12164",
            "value": 1.0
        },
        {
            "product_id": "12393",
            "value": 1.0
        },
        {
            "product_id": "12143",
            "value": 1.0
        },
        {
            "product_id": "12051",
            "value": 1.0
        },
        {
            "product_id": "11925",
            "value": 1.0
        },
        {
            "product_id": "12250",
            "value": 1.0
        },
        {
            "product_id": "11711",
            "value": 1.0
        },
        {
            "product_id": "12667",
            "value": 1.0
        },
        {
            "product_id": "12583",
            "value": 1.0
        },
        {
            "product_id": "12790",
            "value": 1.0
        },
        {
            "product_id": "11727",
            "value": 1.0
        },
        {
            "product_id": "12182",
            "value": 1.0
        },
        {
            "product_id": "11963",
            "value": 1.0
        },
        {
            "product_id": "12731",
            "value": 1.0
        },
        {
            "product_id": "11783",
            "value": 1.0
        },
        {
            "product_id": "11748",
            "value": 1.0
        },
        {
            "product_id": "11997",
            "value": 1.0
        },
        {
            "product_id": "12390",
            "value": 1.0
        },
        {
            "product_id": "12574",
            "value": 1.0
        },
        {
            "product_id": "11891",
            "value": 1.0
        },
        {
            "product_id": "11976",
            "value": 1.0
        },
        {
            "product_id": "12612",
            "value": 1.0
        },
        {
            "product_id": "12318",
            "value": 1.0
        },
        {
            "product_id": "11915",
            "value": 1.0
        },
        {
            "product_id": "12660",
            "value": 1.0
        },
        {
            "product_id": "12419",
            "value": 1.0
        },
        {
            "product_id": "18436",
            "value": 1.0
        },
        {
            "product_id": "18438",
            "value": 1.0
        },
        {
            "product_id": "18437",
            "value": 1.0
        },
        {
            "product_id": "18564",
            "value": 1.0
        },
        {
            "product_id": "18562",
            "value": 1.0
        },
        {
            "product_id": "18561",
            "value": 1.0
        },
        {
            "product_id": "18565",
            "value": 1.0
        },
        {
            "product_id": "18563",
            "value": 1.0
        },
        {
            "product_id": "18648",
            "value": 1.0
        },
        {
            "product_id": "18649",
            "value": 1.0
        },
        {
            "product_id": "18650",
            "value": 1.0
        },
        {
            "product_id": "18651",
            "value": 1.0
        },
        {
            "product_id": "18652",
            "value": 1.0
        },
        {
            "product_id": "18653",
            "value": 1.0
        },
        {
            "product_id": "18775",
            "value": 1.0
        },
        {
            "product_id": "18778",
            "value": 1.0
        },
        {
            "product_id": "18777",
            "value": 1.0
        },
        {
            "product_id": "18776",
            "value": 1.0
        },
        {
            "product_id": "19456",
            "value": 1.0
        },
        {
            "product_id": "19457",
            "value": 1.0
        },
        {
            "product_id": "18780",
            "value": 1.0
        },
        {
            "product_id": "18781",
            "value": 1.0
        },
        {
            "product_id": "18782",
            "value": 1.0
        },
        {
            "product_id": "18783",
            "value": 1.0
        },
        {
            "product_id": "18784",
            "value": 1.0
        },
        {
            "product_id": "18785",
            "value": 1.0
        },
        {
            "product_id": "19760",
            "value": 1.0
        },
        {
            "product_id": "19761",
            "value": 1.0
        },
        {
            "product_id": "19424",
            "value": 1.0
        },
        {
            "product_id": "19425",
            "value": 1.0
        },
        {
            "product_id": "19426",
            "value": 1.0
        },
        {
            "product_id": "19428",
            "value": 1.0
        },
        {
            "product_id": "19429",
            "value": 1.0
        },
        {
            "product_id": "19430",
            "value": 1.0
        },
        {
            "product_id": "19431",
            "value": 1.0
        },
        {
            "product_id": "19432",
            "value": 1.0
        },
        {
            "product_id": "19433",
            "value": 1.0
        },
        {
            "product_id": "19435",
            "value": 1.0
        },
        {
            "product_id": "19436",
            "value": 1.0
        },
        {
            "product_id": "19437",
            "value": 1.0
        },
        {
            "product_id": "19438",
            "value": 1.0
        },
        {
            "product_id": "19439",
            "value": 1.0
        },
        {
            "product_id": "19441",
            "value": 1.0
        },
        {
            "product_id": "19442",
            "value": 1.0
        },
        {
            "product_id": "19444",
            "value": 1.0
        },
        {
            "product_id": "19445",
            "value": 1.0
        },
        {
            "product_id": "19446",
            "value": 1.0
        },
        {
            "product_id": "19447",
            "value": 1.0
        },
        {
            "product_id": "19448",
            "value": 1.0
        },
        {
            "product_id": "19449",
            "value": 1.0
        },
        {
            "product_id": "19450",
            "value": 1.0
        },
        {
            "product_id": "19452",
            "value": 1.0
        },
        {
            "product_id": "19453",
            "value": 1.0
        },
        {
            "product_id": "19454",
            "value": 1.0
        },
        {
            "product_id": "19484",
            "value": 1.0
        },
        {
            "product_id": "19589",
            "value": 1.0
        },
        {
            "product_id": "19590",
            "value": 1.0
        },
        {
            "product_id": "19475",
            "value": 1.0
        },
        {
            "product_id": "19476",
            "value": 1.0
        },
        {
            "product_id": "19477",
            "value": 1.0
        },
        {
            "product_id": "19479",
            "value": 1.0
        },
        {
            "product_id": "19480",
            "value": 1.0
        },
        {
            "product_id": "19481",
            "value": 1.0
        },
        {
            "product_id": "19482",
            "value": 1.0
        },
        {
            "product_id": "19485",
            "value": 1.0
        },
        {
            "product_id": "19483",
            "value": 1.0
        },
        {
            "product_id": "19490",
            "value": 1.0
        },
        {
            "product_id": "19489",
            "value": 1.0
        },
        {
            "product_id": "19488",
            "value": 1.0
        },
        {
            "product_id": "19497",
            "value": 1.0
        },
        {
            "product_id": "19498",
            "value": 1.0
        },
        {
            "product_id": "19499",
            "value": 1.0
        },
        {
            "product_id": "19500",
            "value": 1.0
        },
        {
            "product_id": "19501",
            "value": 1.0
        },
        {
            "product_id": "19502",
            "value": 1.0
        },
        {
            "product_id": "19504",
            "value": 1.0
        },
        {
            "product_id": "19505",
            "value": 1.0
        },
        {
            "product_id": "19506",
            "value": 1.0
        },
        {
            "product_id": "19507",
            "value": 1.0
        },
        {
            "product_id": "19508",
            "value": 1.0
        },
        {
            "product_id": "19510",
            "value": 1.0
        },
        {
            "product_id": "19511",
            "value": 1.0
        },
        {
            "product_id": "19512",
            "value": 1.0
        },
        {
            "product_id": "19513",
            "value": 1.0
        },
        {
            "product_id": "19520",
            "value": 1.0
        },
        {
            "product_id": "19514",
            "value": 1.0
        },
        {
            "product_id": "19705",
            "value": 1.0
        },
        {
            "product_id": "19703",
            "value": 1.0
        },
        {
            "product_id": "19704",
            "value": 1.0
        },
        {
            "product_id": "19938",
            "value": 1.0
        },
        {
            "product_id": "19939",
            "value": 1.0
        },
        {
            "product_id": "19941",
            "value": 1.0
        },
        {
            "product_id": "19942",
            "value": 1.0
        },
        {
            "product_id": "19950",
            "value": 1.0
        },
        {
            "product_id": "19951",
            "value": 1.0
        },
        {
            "product_id": "19953",
            "value": 1.0
        },
        {
            "product_id": "19954",
            "value": 1.0
        },
        {
            "product_id": "19932",
            "value": 1.0
        },
        {
            "product_id": "19933",
            "value": 1.0
        },
        {
            "product_id": "19935",
            "value": 1.0
        },
        {
            "product_id": "19936",
            "value": 1.0
        },
        {
            "product_id": "19944",
            "value": 1.0
        },
        {
            "product_id": "19945",
            "value": 1.0
        },
        {
            "product_id": "19947",
            "value": 1.0
        },
        {
            "product_id": "19948",
            "value": 1.0
        },
        {
            "product_id": "19956",
            "value": 1.0
        },
        {
            "product_id": "19957",
            "value": 1.0
        },
        {
            "product_id": "19959",
            "value": 1.0
        },
        {
            "product_id": "19960",
            "value": 1.0
        },
        {
            "product_id": "20330",
            "value": 1.0
        },
        {
            "product_id": "20331",
            "value": 1.0
        },
        {
            "product_id": "20332",
            "value": 1.0
        },
        {
            "product_id": "20333",
            "value": 1.0
        },
        {
            "product_id": "20626",
            "value": 1.0
        },
        {
            "product_id": "22347",
            "value": 1.0
        },
        {
            "product_id": "22348",
            "value": 1.0
        },
        {
            "product_id": "22349",
            "value": 1.0
        },
        {
            "product_id": "22350",
            "value": 1.0
        },
        {
            "product_id": "22351",
            "value": 1.0
        },
        {
            "product_id": "22564",
            "value": 1.0
        },
        {
            "product_id": "22565",
            "value": 1.0
        },
        {
            "product_id": "22561",
            "value": 1.0
        },
        {
            "product_id": "22562",
            "value": 1.0
        },
        {
            "product_id": "22563",
            "value": 1.0
        },
        {
            "product_id": "22662",
            "value": 1.0
        },
        {
            "product_id": "22663",
            "value": 1.0
        },
        {
            "product_id": "22664",
            "value": 1.0
        },
        {
            "product_id": "22665",
            "value": 1.0
        },
        {
            "product_id": "22666",
            "value": 1.0
        },
        {
            "product_id": "22668",
            "value": 1.0
        },
        {
            "product_id": "22669",
            "value": 1.0
        },
        {
            "product_id": "22670",
            "value": 1.0
        },
        {
            "product_id": "22671",
            "value": 1.0
        },
        {
            "product_id": "22672",
            "value": 1.0
        },
        {
            "product_id": "22675",
            "value": 1.0
        },
        {
            "product_id": "22676",
            "value": 1.0
        },
        {
            "product_id": "22677",
            "value": 1.0
        },
        {
            "product_id": "22678",
            "value": 1.0
        },
        {
            "product_id": "22679",
            "value": 1.0
        },
        {
            "product_id": "26370",
            "value": 1.0
        },
        {
            "product_id": "26371",
            "value": 1.0
        },
        {
            "product_id": "26367",
            "value": 1.0
        },
        {
            "product_id": "26368",
            "value": 1.0
        },
        {
            "product_id": "26369",
            "value": 1.0
        },
        {
            "product_id": "26375",
            "value": 1.0
        },
        {
            "product_id": "26376",
            "value": 1.0
        },
        {
            "product_id": "26372",
            "value": 1.0
        },
        {
            "product_id": "26373",
            "value": 1.0
        },
        {
            "product_id": "26374",
            "value": 1.0
        },
        {
            "product_id": "25556",
            "value": 1.0
        },
        {
            "product_id": "25555",
            "value": 1.0
        },
        {
            "product_id": "25554",
            "value": 1.0
        },
        {
            "product_id": "25557",
            "value": 1.0
        },
        {
            "product_id": "25558",
            "value": 1.0
        },
        {
            "product_id": "25461",
            "value": 1.0
        },
        {
            "product_id": "25460",
            "value": 1.0
        },
        {
            "product_id": "25459",
            "value": 1.0
        },
        {
            "product_id": "25462",
            "value": 1.0
        },
        {
            "product_id": "25463",
            "value": 1.0
        },
        {
            "product_id": "25451",
            "value": 1.0
        },
        {
            "product_id": "25450",
            "value": 1.0
        },
        {
            "product_id": "25449",
            "value": 1.0
        },
        {
            "product_id": "25452",
            "value": 1.0
        },
        {
            "product_id": "25453",
            "value": 1.0
        },
        {
            "product_id": "25456",
            "value": 1.0
        },
        {
            "product_id": "25455",
            "value": 1.0
        },
        {
            "product_id": "25454",
            "value": 1.0
        },
        {
            "product_id": "25457",
            "value": 1.0
        },
        {
            "product_id": "25458",
            "value": 1.0
        },
        {
            "product_id": "25466",
            "value": 1.0
        },
        {
            "product_id": "25465",
            "value": 1.0
        },
        {
            "product_id": "25464",
            "value": 1.0
        },
        {
            "product_id": "25467",
            "value": 1.0
        },
        {
            "product_id": "25468",
            "value": 1.0
        },
        {
            "product_id": "25551",
            "value": 1.0
        },
        {
            "product_id": "25550",
            "value": 1.0
        },
        {
            "product_id": "25549",
            "value": 1.0
        },
        {
            "product_id": "25552",
            "value": 1.0
        },
        {
            "product_id": "25553",
            "value": 1.0
        },
        {
            "product_id": "26380",
            "value": 1.0
        },
        {
            "product_id": "26381",
            "value": 1.0
        },
        {
            "product_id": "26377",
            "value": 1.0
        },
        {
            "product_id": "26378",
            "value": 1.0
        },
        {
            "product_id": "26379",
            "value": 1.0
        },
        {
            "product_id": "26385",
            "value": 1.0
        },
        {
            "product_id": "26386",
            "value": 1.0
        },
        {
            "product_id": "26382",
            "value": 1.0
        },
        {
            "product_id": "26383",
            "value": 1.0
        },
        {
            "product_id": "26384",
            "value": 1.0
        },
        {
            "product_id": "26470",
            "value": 1.0
        },
        {
            "product_id": "26471",
            "value": 1.0
        },
        {
            "product_id": "26467",
            "value": 1.0
        },
        {
            "product_id": "26468",
            "value": 1.0
        },
        {
            "product_id": "26469",
            "value": 1.0
        },
        {
            "product_id": "26475",
            "value": 1.0
        },
        {
            "product_id": "26476",
            "value": 1.0
        },
        {
            "product_id": "26472",
            "value": 1.0
        },
        {
            "product_id": "26473",
            "value": 1.0
        },
        {
            "product_id": "26474",
            "value": 1.0
        },
        {
            "product_id": "26480",
            "value": 1.0
        },
        {
            "product_id": "26481",
            "value": 1.0
        },
        {
            "product_id": "26477",
            "value": 1.0
        },
        {
            "product_id": "26478",
            "value": 1.0
        },
        {
            "product_id": "26479",
            "value": 1.0
        },
        {
            "product_id": "26482",
            "value": 1.0
        },
        {
            "product_id": "26483",
            "value": 1.0
        },
        {
            "product_id": "26484",
            "value": 1.0
        },
        {
            "product_id": "26485",
            "value": 1.0
        },
        {
            "product_id": "26486",
            "value": 1.0
        },
        {
            "product_id": "26487",
            "value": 1.0
        },
        {
            "product_id": "26488",
            "value": 1.0
        },
        {
            "product_id": "26489",
            "value": 1.0
        },
        {
            "product_id": "26490",
            "value": 1.0
        },
        {
            "product_id": "26491",
            "value": 1.0
        },
        {
            "product_id": "14646",
            "value": 1.0
        },
        {
            "product_id": "14648",
            "value": 1.0
        },
        {
            "product_id": "15312",
            "value": 1.0
        },
        {
            "product_id": "15313",
            "value": 1.0
        },
        {
            "product_id": "15314",
            "value": 1.0
        },
        {
            "product_id": "15315",
            "value": 1.0
        },
        {
            "product_id": "15316",
            "value": 1.0
        },
        {
            "product_id": "15317",
            "value": 1.0
        },
        {
            "product_id": "15968",
            "value": 1.0
        },
        {
            "product_id": "15962",
            "value": 1.0
        },
        {
            "product_id": "15963",
            "value": 1.0
        },
        {
            "product_id": "15964",
            "value": 1.0
        },
        {
            "product_id": "15965",
            "value": 1.0
        },
        {
            "product_id": "15966",
            "value": 1.0
        },
        {
            "product_id": "15967",
            "value": 1.0
        },
        {
            "product_id": "16036",
            "value": 1.0
        },
        {
            "product_id": "16037",
            "value": 1.0
        },
        {
            "product_id": "16038",
            "value": 1.0
        },
        {
            "product_id": "16039",
            "value": 1.0
        },
        {
            "product_id": "16040",
            "value": 1.0
        },
        {
            "product_id": "16048",
            "value": 1.0
        },
        {
            "product_id": "16049",
            "value": 1.0
        },
        {
            "product_id": "16050",
            "value": 1.0
        },
        {
            "product_id": "16051",
            "value": 1.0
        },
        {
            "product_id": "7456",
            "value": 1.0
        },
        {
            "product_id": "11356",
            "value": 1.0
        },
        {
            "product_id": "11357",
            "value": 1.0
        },
        {
            "product_id": "11355",
            "value": 1.0
        },
        {
            "product_id": "11502",
            "value": 1.0
        },
        {
            "product_id": "11531",
            "value": 1.0
        },
        {
            "product_id": "11396",
            "value": 1.0
        },
        {
            "product_id": "11528",
            "value": 1.0
        },
        {
            "product_id": "11403",
            "value": 1.0
        },
        {
            "product_id": "11358",
            "value": 1.0
        },
        {
            "product_id": "11517",
            "value": 1.0
        },
        {
            "product_id": "11457",
            "value": 1.0
        },
        {
            "product_id": "11389",
            "value": 1.0
        },
        {
            "product_id": "11520",
            "value": 1.0
        },
        {
            "product_id": "11522",
            "value": 1.0
        },
        {
            "product_id": "11424",
            "value": 1.0
        },
        {
            "product_id": "11349",
            "value": 1.0
        },
        {
            "product_id": "11344",
            "value": 1.0
        },
        {
            "product_id": "12109",
            "value": 1.0
        },
        {
            "product_id": "12253",
            "value": 1.0
        },
        {
            "product_id": "12263",
            "value": 1.0
        },
        {
            "product_id": "12283",
            "value": 1.0
        },
        {
            "product_id": "12541",
            "value": 1.0
        },
        {
            "product_id": "12350",
            "value": 1.0
        },
        {
            "product_id": "12695",
            "value": 1.0
        },
        {
            "product_id": "12813",
            "value": 1.0
        },
        {
            "product_id": "12664",
            "value": 1.0
        },
        {
            "product_id": "12546",
            "value": 1.0
        },
        {
            "product_id": "12618",
            "value": 1.0
        },
        {
            "product_id": "12681",
            "value": 1.0
        },
        {
            "product_id": "12840",
            "value": 1.0
        },
        {
            "product_id": "12739",
            "value": 1.0
        },
        {
            "product_id": "12804",
            "value": 1.0
        },
        {
            "product_id": "12810",
            "value": 1.0
        },
        {
            "product_id": "12830",
            "value": 1.0
        },
        {
            "product_id": "14047",
            "value": 1.0
        },
        {
            "product_id": "14048",
            "value": 1.0
        },
        {
            "product_id": "14053",
            "value": 1.0
        },
        {
            "product_id": "14054",
            "value": 1.0
        },
        {
            "product_id": "14244",
            "value": 1.0
        },
        {
            "product_id": "14245",
            "value": 1.0
        },
        {
            "product_id": "14246",
            "value": 1.0
        },
        {
            "product_id": "14247",
            "value": 1.0
        },
        {
            "product_id": "14248",
            "value": 1.0
        },
        {
            "product_id": "14249",
            "value": 1.0
        },
        {
            "product_id": "14250",
            "value": 1.0
        },
        {
            "product_id": "14351",
            "value": 1.0
        },
        {
            "product_id": "14352",
            "value": 1.0
        },
        {
            "product_id": "14353",
            "value": 1.0
        },
        {
            "product_id": "14354",
            "value": 1.0
        },
        {
            "product_id": "14355",
            "value": 1.0
        },
        {
            "product_id": "14356",
            "value": 1.0
        },
        {
            "product_id": "14357",
            "value": 1.0
        },
        {
            "product_id": "11931",
            "value": 1.0
        },
        {
            "product_id": "12671",
            "value": 1.0
        },
        {
            "product_id": "11944",
            "value": 1.0
        },
        {
            "product_id": "12684",
            "value": 1.0
        },
        {
            "product_id": "12766",
            "value": 1.0
        },
        {
            "product_id": "12113",
            "value": 1.0
        },
        {
            "product_id": "11974",
            "value": 1.0
        },
        {
            "product_id": "11706",
            "value": 1.0
        },
        {
            "product_id": "12724",
            "value": 1.0
        },
        {
            "product_id": "11993",
            "value": 1.0
        },
        {
            "product_id": "11781",
            "value": 1.0
        },
        {
            "product_id": "11596",
            "value": 1.0
        },
        {
            "product_id": "12571",
            "value": 1.0
        },
        {
            "product_id": "12819",
            "value": 1.0
        },
        {
            "product_id": "11979",
            "value": 1.0
        },
        {
            "product_id": "11930",
            "value": 1.0
        },
        {
            "product_id": "12034",
            "value": 1.0
        },
        {
            "product_id": "12635",
            "value": 1.0
        },
        {
            "product_id": "11597",
            "value": 1.0
        },
        {
            "product_id": "11801",
            "value": 1.0
        },
        {
            "product_id": "11641",
            "value": 1.0
        },
        {
            "product_id": "12437",
            "value": 1.0
        },
        {
            "product_id": "12131",
            "value": 1.0
        },
        {
            "product_id": "12497",
            "value": 1.0
        },
        {
            "product_id": "11622",
            "value": 1.0
        },
        {
            "product_id": "12744",
            "value": 1.0
        },
        {
            "product_id": "12429",
            "value": 1.0
        },
        {
            "product_id": "11755",
            "value": 1.0
        },
        {
            "product_id": "17552",
            "value": 1.0
        },
        {
            "product_id": "17551",
            "value": 1.0
        },
        {
            "product_id": "12073",
            "value": 1.0
        },
        {
            "product_id": "12340",
            "value": 1.0
        },
        {
            "product_id": "15084",
            "value": 1.0
        },
        {
            "product_id": "11645",
            "value": 1.0
        },
        {
            "product_id": "11887",
            "value": 1.0
        },
        {
            "product_id": "18457",
            "value": 1.0
        },
        {
            "product_id": "17456",
            "value": 1.0
        },
        {
            "product_id": "18442",
            "value": 1.0
        },
        {
            "product_id": "18282",
            "value": 1.0
        },
        {
            "product_id": "12286",
            "value": 1.0
        },
        {
            "product_id": "12204",
            "value": 1.0
        },
        {
            "product_id": "12502",
            "value": 1.0
        },
        {
            "product_id": "12007",
            "value": 1.0
        },
        {
            "product_id": "12248",
            "value": 1.0
        },
        {
            "product_id": "11951",
            "value": 1.0
        },
        {
            "product_id": "12240",
            "value": 1.0
        },
        {
            "product_id": "11862",
            "value": 1.0
        },
        {
            "product_id": "11656",
            "value": 1.0
        },
        {
            "product_id": "12600",
            "value": 1.0
        },
        {
            "product_id": "12029",
            "value": 1.0
        },
        {
            "product_id": "12169",
            "value": 1.0
        },
        {
            "product_id": "12056",
            "value": 1.0
        },
        {
            "product_id": "11939",
            "value": 1.0
        },
        {
            "product_id": "12668",
            "value": 1.0
        },
        {
            "product_id": "11667",
            "value": 1.0
        },
        {
            "product_id": "12323",
            "value": 1.0
        },
        {
            "product_id": "11990",
            "value": 1.0
        },
        {
            "product_id": "12504",
            "value": 1.0
        },
        {
            "product_id": "12138",
            "value": 1.0
        },
        {
            "product_id": "12236",
            "value": 1.0
        },
        {
            "product_id": "11837",
            "value": 1.0
        },
        {
            "product_id": "12798",
            "value": 1.0
        },
        {
            "product_id": "12069",
            "value": 1.0
        },
        {
            "product_id": "11672",
            "value": 1.0
        },
        {
            "product_id": "12764",
            "value": 1.0
        },
        {
            "product_id": "12828",
            "value": 1.0
        },
        {
            "product_id": "12111",
            "value": 1.0
        },
        {
            "product_id": "12485",
            "value": 1.0
        },
        {
            "product_id": "12842",
            "value": 1.0
        },
        {
            "product_id": "11677",
            "value": 1.0
        },
        {
            "product_id": "12471",
            "value": 1.0
        },
        {
            "product_id": "11750",
            "value": 1.0
        },
        {
            "product_id": "12062",
            "value": 1.0
        },
        {
            "product_id": "11812",
            "value": 1.0
        },
        {
            "product_id": "12513",
            "value": 1.0
        },
        {
            "product_id": "12779",
            "value": 1.0
        },
        {
            "product_id": "11724",
            "value": 1.0
        },
        {
            "product_id": "18450",
            "value": 1.0
        },
        {
            "product_id": "18449",
            "value": 1.0
        },
        {
            "product_id": "18448",
            "value": 1.0
        },
        {
            "product_id": "17554",
            "value": 1.0
        },
        {
            "product_id": "12300",
            "value": 1.0
        },
        {
            "product_id": "11740",
            "value": 1.0
        },
        {
            "product_id": "12379",
            "value": 1.0
        },
        {
            "product_id": "12267",
            "value": 1.0
        },
        {
            "product_id": "11762",
            "value": 1.0
        },
        {
            "product_id": "11870",
            "value": 1.0
        },
        {
            "product_id": "12167",
            "value": 1.0
        },
        {
            "product_id": "11876",
            "value": 1.0
        },
        {
            "product_id": "12342",
            "value": 1.0
        },
        {
            "product_id": "11936",
            "value": 1.0
        },
        {
            "product_id": "11804",
            "value": 1.0
        },
        {
            "product_id": "12763",
            "value": 1.0
        },
        {
            "product_id": "12013",
            "value": 1.0
        },
        {
            "product_id": "12262",
            "value": 1.0
        },
        {
            "product_id": "12243",
            "value": 1.0
        },
        {
            "product_id": "12636",
            "value": 1.0
        },
        {
            "product_id": "12170",
            "value": 1.0
        },
        {
            "product_id": "12472",
            "value": 1.0
        },
        {
            "product_id": "11835",
            "value": 1.0
        },
        {
            "product_id": "12515",
            "value": 1.0
        },
        {
            "product_id": "12811",
            "value": 1.0
        },
        {
            "product_id": "11856",
            "value": 1.0
        },
        {
            "product_id": "12747",
            "value": 1.0
        },
        {
            "product_id": "12205",
            "value": 1.0
        },
        {
            "product_id": "12648",
            "value": 1.0
        },
        {
            "product_id": "12794",
            "value": 1.0
        },
        {
            "product_id": "12407",
            "value": 1.0
        },
        {
            "product_id": "12054",
            "value": 1.0
        },
        {
            "product_id": "12006",
            "value": 1.0
        },
        {
            "product_id": "12251",
            "value": 1.0
        },
        {
            "product_id": "12377",
            "value": 1.0
        },
        {
            "product_id": "12893",
            "value": 1.0
        },
        {
            "product_id": "12060",
            "value": 1.0
        },
        {
            "product_id": "12338",
            "value": 1.0
        },
        {
            "product_id": "12438",
            "value": 1.0
        },
        {
            "product_id": "12273",
            "value": 1.0
        },
        {
            "product_id": "18443",
            "value": 1.0
        },
        {
            "product_id": "12433",
            "value": 1.0
        },
        {
            "product_id": "12894",
            "value": 1.0
        },
        {
            "product_id": "14237",
            "value": 1.0
        },
        {
            "product_id": "14238",
            "value": 1.0
        },
        {
            "product_id": "14239",
            "value": 1.0
        },
        {
            "product_id": "14240",
            "value": 1.0
        },
        {
            "product_id": "14241",
            "value": 1.0
        },
        {
            "product_id": "14242",
            "value": 1.0
        },
        {
            "product_id": "14230",
            "value": 1.0
        },
        {
            "product_id": "14231",
            "value": 1.0
        },
        {
            "product_id": "14232",
            "value": 1.0
        },
        {
            "product_id": "14233",
            "value": 1.0
        },
        {
            "product_id": "14234",
            "value": 1.0
        },
        {
            "product_id": "14235",
            "value": 1.0
        },
        {
            "product_id": "14422",
            "value": 1.0
        },
        {
            "product_id": "14423",
            "value": 1.0
        },
        {
            "product_id": "14424",
            "value": 1.0
        },
        {
            "product_id": "14425",
            "value": 1.0
        },
        {
            "product_id": "14426",
            "value": 1.0
        },
        {
            "product_id": "14428",
            "value": 1.0
        },
        {
            "product_id": "14429",
            "value": 1.0
        },
        {
            "product_id": "14433",
            "value": 1.0
        },
        {
            "product_id": "14434",
            "value": 1.0
        },
        {
            "product_id": "14431",
            "value": 1.0
        },
        {
            "product_id": "14432",
            "value": 1.0
        },
        {
            "product_id": "14436",
            "value": 1.0
        },
        {
            "product_id": "14437",
            "value": 1.0
        },
        {
            "product_id": "14562",
            "value": 1.0
        },
        {
            "product_id": "15581",
            "value": 1.0
        },
        {
            "product_id": "15582",
            "value": 1.0
        },
        {
            "product_id": "15583",
            "value": 1.0
        },
        {
            "product_id": "15584",
            "value": 1.0
        },
        {
            "product_id": "15585",
            "value": 1.0
        },
        {
            "product_id": "15586",
            "value": 1.0
        },
        {
            "product_id": "15587",
            "value": 1.0
        },
        {
            "product_id": "15588",
            "value": 1.0
        },
        {
            "product_id": "16715",
            "value": 1.0
        },
        {
            "product_id": "16716",
            "value": 1.0
        },
        {
            "product_id": "16717",
            "value": 1.0
        },
        {
            "product_id": "16718",
            "value": 1.0
        },
        {
            "product_id": "16719",
            "value": 1.0
        },
        {
            "product_id": "16720",
            "value": 1.0
        },
        {
            "product_id": "16721",
            "value": 1.0
        },
        {
            "product_id": "16722",
            "value": 1.0
        },
        {
            "product_id": "17255",
            "value": 1.0
        },
        {
            "product_id": "17256",
            "value": 1.0
        },
        {
            "product_id": "17257",
            "value": 1.0
        },
        {
            "product_id": "17258",
            "value": 1.0
        },
        {
            "product_id": "17259",
            "value": 1.0
        },
        {
            "product_id": "17260",
            "value": 1.0
        },
        {
            "product_id": "17261",
            "value": 1.0
        },
        {
            "product_id": "17263",
            "value": 1.0
        },
        {
            "product_id": "17264",
            "value": 1.0
        },
        {
            "product_id": "17265",
            "value": 1.0
        },
        {
            "product_id": "17266",
            "value": 1.0
        },
        {
            "product_id": "17267",
            "value": 1.0
        },
        {
            "product_id": "17268",
            "value": 1.0
        },
        {
            "product_id": "17269",
            "value": 1.0
        },
        {
            "product_id": "17274",
            "value": 1.0
        },
        {
            "product_id": "17275",
            "value": 1.0
        },
        {
            "product_id": "17276",
            "value": 1.0
        },
        {
            "product_id": "17277",
            "value": 1.0
        },
        {
            "product_id": "17278",
            "value": 1.0
        },
        {
            "product_id": "17279",
            "value": 1.0
        },
        {
            "product_id": "17280",
            "value": 1.0
        },
        {
            "product_id": "17282",
            "value": 1.0
        },
        {
            "product_id": "17283",
            "value": 1.0
        },
        {
            "product_id": "17284",
            "value": 1.0
        },
        {
            "product_id": "17285",
            "value": 1.0
        },
        {
            "product_id": "17286",
            "value": 1.0
        },
        {
            "product_id": "17287",
            "value": 1.0
        },
        {
            "product_id": "17289",
            "value": 1.0
        },
        {
            "product_id": "17290",
            "value": 1.0
        },
        {
            "product_id": "17291",
            "value": 1.0
        },
        {
            "product_id": "17292",
            "value": 1.0
        },
        {
            "product_id": "17293",
            "value": 1.0
        },
        {
            "product_id": "17294",
            "value": 1.0
        },
        {
            "product_id": "17295",
            "value": 1.0
        },
        {
            "product_id": "17297",
            "value": 1.0
        },
        {
            "product_id": "17298",
            "value": 1.0
        },
        {
            "product_id": "17299",
            "value": 1.0
        },
        {
            "product_id": "17300",
            "value": 1.0
        },
        {
            "product_id": "17301",
            "value": 1.0
        },
        {
            "product_id": "17302",
            "value": 1.0
        },
        {
            "product_id": "17303",
            "value": 1.0
        },
        {
            "product_id": "19455",
            "value": 1.0
        },
        {
            "product_id": "17305",
            "value": 1.0
        },
        {
            "product_id": "17321",
            "value": 1.0
        },
        {
            "product_id": "17308",
            "value": 1.0
        },
        {
            "product_id": "17309",
            "value": 1.0
        },
        {
            "product_id": "17310",
            "value": 1.0
        },
        {
            "product_id": "17311",
            "value": 1.0
        },
        {
            "product_id": "17336",
            "value": 1.0
        },
        {
            "product_id": "17337",
            "value": 1.0
        },
        {
            "product_id": "17338",
            "value": 1.0
        },
        {
            "product_id": "17339",
            "value": 1.0
        },
        {
            "product_id": "17340",
            "value": 1.0
        },
        {
            "product_id": "17342",
            "value": 1.0
        },
        {
            "product_id": "17343",
            "value": 1.0
        },
        {
            "product_id": "17344",
            "value": 1.0
        },
        {
            "product_id": "17345",
            "value": 1.0
        },
        {
            "product_id": "17346",
            "value": 1.0
        },
        {
            "product_id": "17347",
            "value": 1.0
        },
        {
            "product_id": "17348",
            "value": 1.0
        },
        {
            "product_id": "17349",
            "value": 1.0
        },
        {
            "product_id": "17351",
            "value": 1.0
        },
        {
            "product_id": "17352",
            "value": 1.0
        },
        {
            "product_id": "17353",
            "value": 1.0
        },
        {
            "product_id": "17354",
            "value": 1.0
        },
        {
            "product_id": "17355",
            "value": 1.0
        },
        {
            "product_id": "17356",
            "value": 1.0
        },
        {
            "product_id": "17358",
            "value": 1.0
        },
        {
            "product_id": "17359",
            "value": 1.0
        },
        {
            "product_id": "17360",
            "value": 1.0
        },
        {
            "product_id": "17361",
            "value": 1.0
        },
        {
            "product_id": "17362",
            "value": 1.0
        },
        {
            "product_id": "17363",
            "value": 1.0
        },
        {
            "product_id": "17387",
            "value": 1.0
        },
        {
            "product_id": "17388",
            "value": 1.0
        },
        {
            "product_id": "17389",
            "value": 1.0
        },
        {
            "product_id": "17323",
            "value": 1.0
        },
        {
            "product_id": "17324",
            "value": 1.0
        },
        {
            "product_id": "17325",
            "value": 1.0
        },
        {
            "product_id": "17326",
            "value": 1.0
        },
        {
            "product_id": "17327",
            "value": 1.0
        },
        {
            "product_id": "17328",
            "value": 1.0
        },
        {
            "product_id": "17485",
            "value": 1.0
        },
        {
            "product_id": "17484",
            "value": 1.0
        },
        {
            "product_id": "17491",
            "value": 1.0
        },
        {
            "product_id": "17488",
            "value": 1.0
        },
        {
            "product_id": "17489",
            "value": 1.0
        },
        {
            "product_id": "17490",
            "value": 1.0
        },
        {
            "product_id": "17494",
            "value": 1.0
        },
        {
            "product_id": "17495",
            "value": 1.0
        },
        {
            "product_id": "17493",
            "value": 1.0
        },
        {
            "product_id": "17505",
            "value": 1.0
        },
        {
            "product_id": "17507",
            "value": 1.0
        },
        {
            "product_id": "17506",
            "value": 1.0
        },
        {
            "product_id": "17512",
            "value": 1.0
        },
        {
            "product_id": "17513",
            "value": 1.0
        },
        {
            "product_id": "17470",
            "value": 1.0
        },
        {
            "product_id": "17468",
            "value": 1.0
        },
        {
            "product_id": "17469",
            "value": 1.0
        },
        {
            "product_id": "17558",
            "value": 1.0
        },
        {
            "product_id": "17556",
            "value": 1.0
        },
        {
            "product_id": "17557",
            "value": 1.0
        },
        {
            "product_id": "17759",
            "value": 1.0
        },
        {
            "product_id": "17760",
            "value": 1.0
        },
        {
            "product_id": "17761",
            "value": 1.0
        },
        {
            "product_id": "17762",
            "value": 1.0
        },
        {
            "product_id": "17763",
            "value": 1.0
        },
        {
            "product_id": "17764",
            "value": 1.0
        },
        {
            "product_id": "17775",
            "value": 1.0
        },
        {
            "product_id": "17776",
            "value": 1.0
        },
        {
            "product_id": "17777",
            "value": 1.0
        },
        {
            "product_id": "17778",
            "value": 1.0
        },
        {
            "product_id": "17779",
            "value": 1.0
        },
        {
            "product_id": "17780",
            "value": 1.0
        },
        {
            "product_id": "17781",
            "value": 1.0
        },
        {
            "product_id": "17782",
            "value": 1.0
        },
        {
            "product_id": "17784",
            "value": 1.0
        },
        {
            "product_id": "17785",
            "value": 1.0
        },
        {
            "product_id": "17786",
            "value": 1.0
        },
        {
            "product_id": "17787",
            "value": 1.0
        },
        {
            "product_id": "17788",
            "value": 1.0
        },
        {
            "product_id": "17789",
            "value": 1.0
        },
        {
            "product_id": "17790",
            "value": 1.0
        },
        {
            "product_id": "17791",
            "value": 1.0
        },
        {
            "product_id": "17793",
            "value": 1.0
        },
        {
            "product_id": "17794",
            "value": 1.0
        },
        {
            "product_id": "17796",
            "value": 1.0
        },
        {
            "product_id": "17797",
            "value": 1.0
        },
        {
            "product_id": "17798",
            "value": 1.0
        },
        {
            "product_id": "17799",
            "value": 1.0
        },
        {
            "product_id": "17800",
            "value": 1.0
        },
        {
            "product_id": "17802",
            "value": 1.0
        },
        {
            "product_id": "17803",
            "value": 1.0
        },
        {
            "product_id": "17804",
            "value": 1.0
        },
        {
            "product_id": "17805",
            "value": 1.0
        },
        {
            "product_id": "17806",
            "value": 1.0
        },
        {
            "product_id": "17807",
            "value": 1.0
        },
        {
            "product_id": "17808",
            "value": 1.0
        },
        {
            "product_id": "17811",
            "value": 1.0
        },
        {
            "product_id": "17812",
            "value": 1.0
        },
        {
            "product_id": "17813",
            "value": 1.0
        },
        {
            "product_id": "17814",
            "value": 1.0
        },
        {
            "product_id": "17815",
            "value": 1.0
        },
        {
            "product_id": "17816",
            "value": 1.0
        },
        {
            "product_id": "17817",
            "value": 1.0
        },
        {
            "product_id": "17818",
            "value": 1.0
        },
        {
            "product_id": "17820",
            "value": 1.0
        },
        {
            "product_id": "17821",
            "value": 1.0
        },
        {
            "product_id": "17822",
            "value": 1.0
        },
        {
            "product_id": "17823",
            "value": 1.0
        },
        {
            "product_id": "17824",
            "value": 1.0
        },
        {
            "product_id": "17825",
            "value": 1.0
        },
        {
            "product_id": "17835",
            "value": 1.0
        },
        {
            "product_id": "17836",
            "value": 1.0
        },
        {
            "product_id": "17837",
            "value": 1.0
        },
        {
            "product_id": "17838",
            "value": 1.0
        },
        {
            "product_id": "17839",
            "value": 1.0
        },
        {
            "product_id": "17840",
            "value": 1.0
        },
        {
            "product_id": "17841",
            "value": 1.0
        },
        {
            "product_id": "17842",
            "value": 1.0
        },
        {
            "product_id": "18112",
            "value": 1.0
        },
        {
            "product_id": "18113",
            "value": 1.0
        },
        {
            "product_id": "18114",
            "value": 1.0
        },
        {
            "product_id": "18115",
            "value": 1.0
        },
        {
            "product_id": "18116",
            "value": 1.0
        },
        {
            "product_id": "18117",
            "value": 1.0
        },
        {
            "product_id": "18118",
            "value": 1.0
        },
        {
            "product_id": "18120",
            "value": 1.0
        },
        {
            "product_id": "18121",
            "value": 1.0
        },
        {
            "product_id": "18122",
            "value": 1.0
        },
        {
            "product_id": "18123",
            "value": 1.0
        },
        {
            "product_id": "18124",
            "value": 1.0
        },
        {
            "product_id": "18125",
            "value": 1.0
        },
        {
            "product_id": "18126",
            "value": 1.0
        },
        {
            "product_id": "17827",
            "value": 1.0
        },
        {
            "product_id": "17828",
            "value": 1.0
        },
        {
            "product_id": "17829",
            "value": 1.0
        },
        {
            "product_id": "17830",
            "value": 1.0
        },
        {
            "product_id": "17831",
            "value": 1.0
        },
        {
            "product_id": "17832",
            "value": 1.0
        },
        {
            "product_id": "17833",
            "value": 1.0
        },
        {
            "product_id": "18191",
            "value": 1.0
        },
        {
            "product_id": "18192",
            "value": 1.0
        },
        {
            "product_id": "18193",
            "value": 1.0
        },
        {
            "product_id": "18194",
            "value": 1.0
        },
        {
            "product_id": "18195",
            "value": 1.0
        },
        {
            "product_id": "18196",
            "value": 1.0
        },
        {
            "product_id": "18197",
            "value": 1.0
        },
        {
            "product_id": "18198",
            "value": 1.0
        },
        {
            "product_id": "18199",
            "value": 1.0
        },
        {
            "product_id": "18200",
            "value": 1.0
        },
        {
            "product_id": "18201",
            "value": 1.0
        },
        {
            "product_id": "18202",
            "value": 1.0
        },
        {
            "product_id": "18203",
            "value": 1.0
        },
        {
            "product_id": "18204",
            "value": 1.0
        },
        {
            "product_id": "18152",
            "value": 1.0
        },
        {
            "product_id": "18153",
            "value": 1.0
        },
        {
            "product_id": "18154",
            "value": 1.0
        },
        {
            "product_id": "18155",
            "value": 1.0
        },
        {
            "product_id": "18156",
            "value": 1.0
        },
        {
            "product_id": "18174",
            "value": 1.0
        },
        {
            "product_id": "18244",
            "value": 1.0
        },
        {
            "product_id": "18245",
            "value": 1.0
        },
        {
            "product_id": "18246",
            "value": 1.0
        },
        {
            "product_id": "18247",
            "value": 1.0
        },
        {
            "product_id": "18248",
            "value": 1.0
        },
        {
            "product_id": "18249",
            "value": 1.0
        },
        {
            "product_id": "18250",
            "value": 1.0
        },
        {
            "product_id": "18285",
            "value": 1.0
        },
        {
            "product_id": "18297",
            "value": 1.0
        },
        {
            "product_id": "18300",
            "value": 1.0
        },
        {
            "product_id": "18305",
            "value": 1.0
        },
        {
            "product_id": "18304",
            "value": 1.0
        },
        {
            "product_id": "18303",
            "value": 1.0
        },
        {
            "product_id": "18309",
            "value": 1.0
        },
        {
            "product_id": "18310",
            "value": 1.0
        },
        {
            "product_id": "18313",
            "value": 1.0
        },
        {
            "product_id": "18314",
            "value": 1.0
        },
        {
            "product_id": "18317",
            "value": 1.0
        },
        {
            "product_id": "18318",
            "value": 1.0
        },
        {
            "product_id": "18316",
            "value": 1.0
        },
        {
            "product_id": "18412",
            "value": 1.0
        },
        {
            "product_id": "18411",
            "value": 1.0
        },
        {
            "product_id": "18410",
            "value": 1.0
        },
        {
            "product_id": "18423",
            "value": 1.0
        },
        {
            "product_id": "18424",
            "value": 1.0
        },
        {
            "product_id": "18292",
            "value": 1.0
        },
        {
            "product_id": "18294",
            "value": 1.0
        },
        {
            "product_id": "18293",
            "value": 1.0
        },
        {
            "product_id": "18295",
            "value": 1.0
        },
        {
            "product_id": "18429",
            "value": 1.0
        },
        {
            "product_id": "18430",
            "value": 1.0
        }
    ]
}