{"head": {"pricebook": "default", "shop": "storefront-catalog-en", "currency": "USD"}, "items": [{"product_id": "15554", "value": 1.0}, {"product_id": "15555", "value": 1.0}, {"product_id": "15556", "value": 1.0}, {"product_id": "15557", "value": 1.0}, {"product_id": "15558", "value": 1.0}, {"product_id": "15559", "value": 1.0}, {"product_id": "15560", "value": 1.0}, {"product_id": "15561", "value": 1.0}, {"product_id": "10204", "value": 1.0}, {"product_id": "23730", "value": 1.0}, {"product_id": "14460", "value": 1.0}, {"product_id": "14459", "value": 1.0}, {"product_id": "14455", "value": 1.0}, {"product_id": "14461", "value": 1.0}, {"product_id": "14456", "value": 1.0}, {"product_id": "14453", "value": 1.0}, {"product_id": "14458", "value": 1.0}, {"product_id": "14457", "value": 1.0}, {"product_id": "14452", "value": 1.0}, {"product_id": "14454", "value": 1.0}, {"product_id": "10465", "value": 1.0}, {"product_id": "20304", "value": 1.0}, {"product_id": "8562", "value": 1.0}, {"product_id": "18579", "value": 1.0}, {"product_id": "18580", "value": 1.0}, {"product_id": "16972", "value": 1.0}, {"product_id": "16974", "value": 1.0}, {"product_id": "16973", "value": 1.0}, {"product_id": "16970", "value": 1.0}, {"product_id": "16971", "value": 1.0}, {"product_id": "16969", "value": 1.0}, {"product_id": "16968", "value": 1.0}, {"product_id": "18581", "value": 1.0}, {"product_id": "16483", "value": 1.0}, {"product_id": "25037", "value": 1.0}, {"product_id": "8543", "value": 1.0}, {"product_id": "8312", "value": 1.0}, {"product_id": "20210", "value": 1.0}, {"product_id": "8268", "value": 1.0}, {"product_id": "8289", "value": 1.0}, {"product_id": "11012", "value": 1.0}, {"product_id": "20257", "value": 1.0}, {"product_id": "8035", "value": 1.0}, {"product_id": "20258", "value": 1.0}, {"product_id": "8088", "value": 1.0}, {"product_id": "8187", "value": 1.0}, {"product_id": "8151", "value": 1.0}, {"product_id": "8426", "value": 1.0}, {"product_id": "8416", "value": 1.0}, {"product_id": "8299", "value": 1.0}, {"product_id": "8540", "value": 1.0}, {"product_id": "20259", "value": 1.0}, {"product_id": "20435", "value": 1.0}, {"product_id": "20436", "value": 1.0}, {"product_id": "20434", "value": 1.0}, {"product_id": "20437", "value": 1.0}, {"product_id": "20496", "value": 1.0}]}