{"head": {"pricebook": "default", "shop": "storefront-catalog-en", "currency": "USD"}, "items": [{"product_id": "8952", "value": 1.0}, {"product_id": "9833", "value": 1.0}, {"product_id": "8716", "value": 1.0}, {"product_id": "18433", "value": 1.0}, {"product_id": "18283", "value": 1.0}, {"product_id": "17475", "value": 1.0}, {"product_id": "17473", "value": 1.0}, {"product_id": "15080", "value": 1.0}, {"product_id": "15079", "value": 1.0}, {"product_id": "15078", "value": 1.0}, {"product_id": "15077", "value": 1.0}, {"product_id": "11780", "value": 1.0}, {"product_id": "12422", "value": 1.0}, {"product_id": "9940", "value": 1.0}, {"product_id": "8772", "value": 1.0}, {"product_id": "18412", "value": 1.0}, {"product_id": "18411", "value": 1.0}, {"product_id": "18410", "value": 1.0}, {"product_id": "18420", "value": 1.0}, {"product_id": "18418", "value": 1.0}, {"product_id": "18419", "value": 1.0}, {"product_id": "18415", "value": 1.0}, {"product_id": "18416", "value": 1.0}, {"product_id": "18414", "value": 1.0}, {"product_id": "22887", "value": 1.0}, {"product_id": "22888", "value": 1.0}, {"product_id": "23004", "value": 1.0}, {"product_id": "22991", "value": 1.0}, {"product_id": "23003", "value": 1.0}, {"product_id": "23200", "value": 1.0}, {"product_id": "23005", "value": 1.0}, {"product_id": "17534", "value": 1.0}, {"product_id": "17533", "value": 1.0}, {"product_id": "15060", "value": 1.0}, {"product_id": "15062", "value": 1.0}, {"product_id": "15065", "value": 1.0}, {"product_id": "15064", "value": 1.0}, {"product_id": "15063", "value": 1.0}, {"product_id": "15061", "value": 1.0}, {"product_id": "17465", "value": 1.0}, {"product_id": "17463", "value": 1.0}, {"product_id": "17466", "value": 1.0}, {"product_id": "17464", "value": 1.0}, {"product_id": "18299", "value": 1.0}, {"product_id": "18301", "value": 1.0}, {"product_id": "18456", "value": 1.0}, {"product_id": "17525", "value": 1.0}, {"product_id": "20610", "value": 1.0}, {"product_id": "20609", "value": 1.0}, {"product_id": "17510", "value": 1.0}, {"product_id": "17509", "value": 1.0}, {"product_id": "18463", "value": 1.0}, {"product_id": "8985", "value": 1.0}, {"product_id": "9077", "value": 1.0}, {"product_id": "18459", "value": 1.0}, {"product_id": "17485", "value": 1.0}, {"product_id": "17484", "value": 1.0}, {"product_id": "11873", "value": 1.0}, {"product_id": "11817", "value": 1.0}, {"product_id": "11749", "value": 1.0}, {"product_id": "12403", "value": 1.0}, {"product_id": "17460", "value": 1.0}, {"product_id": "17526", "value": 1.0}, {"product_id": "17535", "value": 1.0}, {"product_id": "18426", "value": 1.0}, {"product_id": "18427", "value": 1.0}, {"product_id": "18436", "value": 1.0}, {"product_id": "18438", "value": 1.0}, {"product_id": "18437", "value": 1.0}, {"product_id": "18461", "value": 1.0}, {"product_id": "18447", "value": 1.0}, {"product_id": "18446", "value": 1.0}, {"product_id": "18445", "value": 1.0}, {"product_id": "15036", "value": 1.0}, {"product_id": "18292", "value": 1.0}, {"product_id": "18294", "value": 1.0}, {"product_id": "18293", "value": 1.0}, {"product_id": "18295", "value": 1.0}, {"product_id": "10608", "value": 1.0}, {"product_id": "9552", "value": 1.0}, {"product_id": "12128", "value": 1.0}, {"product_id": "15055", "value": 1.0}, {"product_id": "15058", "value": 1.0}, {"product_id": "15056", "value": 1.0}, {"product_id": "15057", "value": 1.0}, {"product_id": "18453", "value": 1.0}, {"product_id": "18454", "value": 1.0}, {"product_id": "18452", "value": 1.0}, {"product_id": "18455", "value": 1.0}, {"product_id": "15071", "value": 1.0}, {"product_id": "15068", "value": 1.0}, {"product_id": "15070", "value": 1.0}, {"product_id": "15069", "value": 1.0}, {"product_id": "15067", "value": 1.0}]}