{"head": {"pricebook": "default", "shop": "storefront-catalog-en", "currency": "USD"}, "items": [{"product_id": "21598", "value": 1.0}, {"product_id": "21388", "value": 1.0}, {"product_id": "22160", "value": 1.0}, {"product_id": "21389", "value": 1.0}, {"product_id": "21597", "value": 1.0}, {"product_id": "21390", "value": 1.0}, {"product_id": "21391", "value": 1.0}, {"product_id": "21392", "value": 1.0}, {"product_id": "21592", "value": 1.0}, {"product_id": "22161", "value": 1.0}, {"product_id": "21595", "value": 1.0}, {"product_id": "21393", "value": 1.0}, {"product_id": "21394", "value": 1.0}, {"product_id": "22162", "value": 1.0}, {"product_id": "21395", "value": 1.0}, {"product_id": "22169", "value": 1.0}, {"product_id": "22163", "value": 1.0}, {"product_id": "21596", "value": 1.0}, {"product_id": "21396", "value": 1.0}, {"product_id": "22164", "value": 1.0}, {"product_id": "21397", "value": 1.0}, {"product_id": "21398", "value": 1.0}, {"product_id": "25987", "value": 1.0}, {"product_id": "21399", "value": 1.0}, {"product_id": "22166", "value": 1.0}, {"product_id": "9083", "value": 1.0}, {"product_id": "9715", "value": 1.0}, {"product_id": "9484", "value": 1.0}, {"product_id": "9641", "value": 1.0}, {"product_id": "16255", "value": 1.0}, {"product_id": "16254", "value": 1.0}, {"product_id": "8160", "value": 1.0}, {"product_id": "7695", "value": 1.0}, {"product_id": "8190", "value": 1.0}, {"product_id": "8064", "value": 1.0}, {"product_id": "8081", "value": 1.0}, {"product_id": "20100", "value": 1.0}, {"product_id": "23736", "value": 1.0}, {"product_id": "9841", "value": 1.0}, {"product_id": "9761", "value": 1.0}, {"product_id": "9122", "value": 1.0}, {"product_id": "10256", "value": 1.0}, {"product_id": "9551", "value": 1.0}, {"product_id": "10747", "value": 1.0}, {"product_id": "8796", "value": 1.0}, {"product_id": "10357", "value": 1.0}, {"product_id": "9646", "value": 1.0}, {"product_id": "10740", "value": 1.0}, {"product_id": "10263", "value": 1.0}, {"product_id": "9164", "value": 1.0}]}