{
    "head": {
        "shop": "storefront-catalog-en",
        "locale": "en-US",
        "is_master": true
    },
    "items": [
        {
            "is_searchable": true,
            "is_published": true,
            "show_in_listing": true,
            "product_id": "A0E2000000021S25901",
            "variant_group_id": "6e42ab2e-85e8-4a00-a06b-480a6a6fc0e8",
            "external_identifiers": [
                {
                    "type": "sku",
                    "value": "A0E2000000021S25901"
                },
                {
                    "type": "upc",
                    "value": "A0E2000000021S25901"
                },
                {
                    "type": "variant_group_id",
                    "value": "6e42ab2e-85e8-4a00-a06b-480a6a6fc0e8"
                },
                {
                    "type": "variantId",
                    "value": "1"
                }
            ],
            "title": "Metallic Bow Slide version 2.0",
            "caption": "Metallic Bow Slide version 2.0 - #B76E79",
            "description": "Metallic Bow Slide version 2.0 - #B76E79 - 5",
            "shipping_weight_unit": "lb",
            "shipping_weight_value": 0.0,
            "shipping_dimension_length": 0.0,
            "shipping_dimension_width": 0.0,
            "shipping_dimension_height": 0.0,
            "shipping_dimension_unit": "in",
            "images": [
                {
                    "url": "https://anninc.scene7.com/is/image/AN/590075_7028||0x0",
                    "is_main": true,
                    "alt_text": "Metallic Bow Slide version 2.0 - #B76E79"
                },
                {
                    "url": "https://anninc.scene7.com/is/image/AN/590075_7028_ALT1||0x0",
                    "alt_text": "Metallic Bow Slide version 2.0 - #B76E79"
                }
            ],
            "variation_color_value": "#B76E79",
            "variation_size_value": "5",
            "material": "",
            "google_category": "none",
            "categories": [
                {
                    "path": "Shop > Shoes",
                    "is_main": true
                }
            ],
            "extended_attributes": [
                {
                    "name": "product_created_at",
                    "value": "2022-05-11T14:25:25.901Z"
                },
                {
                    "name": "product_updated_at",
                    "value": "2022-07-29T07:51:51.001Z"
                },
                {
                    "name": "commercetools_id",
                    "value": "6e42ab2e-85e8-4a00-a06b-480a6a6fc0e8"
                },
                {
                    "name": "commercetools_variantId",
                    "value": "1"
                }
            ],
            "keywords": [],
            "tax_class_id": "standard",
            "manufacturer": ""
        }
    ]
}