{
    "head": {
        "pricebook": "default",
        "shop": "storefront-catalog-en",
        "currency": "USD"
    },
    "items": [
        {
            "product_id": "26774",
            "value": 1.0
        },
        {
            "product_id": "26776",
            "value": 1.0
        },
        {
            "product_id": "26777",
            "value": 1.0
        },
        {
            "product_id": "26874",
            "value": 1.0
        },
        {
            "product_id": "26875",
            "value": 1.0
        },
        {
            "product_id": "26876",
            "value": 1.0
        },
        {
            "product_id": "26898",
            "value": 1.0
        },
        {
            "product_id": "26899",
            "value": 1.0
        },
        {
            "product_id": "26900",
            "value": 1.0
        },
        {
            "product_id": "26901",
            "value": 1.0
        },
        {
            "product_id": "27272",
            "value": 1.0
        },
        {
            "product_id": "27273",
            "value": 1.0
        },
        {
            "product_id": "27274",
            "value": 1.0
        },
        {
            "product_id": "27275",
            "value": 1.0
        },
        {
            "product_id": "27276",
            "value": 1.0
        },
        {
            "product_id": "27277",
            "value": 1.0
        },
        {
            "product_id": "27887",
            "value": 1.0
        },
        {
            "product_id": "27888",
            "value": 1.0
        },
        {
            "product_id": "27889",
            "value": 1.0
        },
        {
            "product_id": "27890",
            "value": 1.0
        },
        {
            "product_id": "27891",
            "value": 1.0
        },
        {
            "product_id": "27892",
            "value": 1.0
        },
        {
            "product_id": "27893",
            "value": 1.0
        },
        {
            "product_id": "27895",
            "value": 1.0
        },
        {
            "product_id": "27896",
            "value": 1.0
        },
        {
            "product_id": "27897",
            "value": 1.0
        },
        {
            "product_id": "27898",
            "value": 1.0
        },
        {
            "product_id": "27899",
            "value": 1.0
        },
        {
            "product_id": "27900",
            "value": 1.0
        },
        {
            "product_id": "27901",
            "value": 1.0
        },
        {
            "product_id": "27902",
            "value": 1.0
        },
        {
            "product_id": "27903",
            "value": 1.0
        },
        {
            "product_id": "27904",
            "value": 1.0
        },
        {
            "product_id": "27905",
            "value": 1.0
        },
        {
            "product_id": "27906",
            "value": 1.0
        },
        {
            "product_id": "27907",
            "value": 1.0
        },
        {
            "product_id": "27908",
            "value": 1.0
        },
        {
            "product_id": "11450",
            "value": 1.0
        },
        {
            "product_id": "11383",
            "value": 1.0
        },
        {
            "product_id": "11470",
            "value": 1.0
        },
        {
            "product_id": "11510",
            "value": 1.0
        },
        {
            "product_id": "11591",
            "value": 1.0
        },
        {
            "product_id": "12298",
            "value": 1.0
        },
        {
            "product_id": "12841",
            "value": 1.0
        },
        {
            "product_id": "20294",
            "value": 1.0
        },
        {
            "product_id": "20295",
            "value": 1.0
        },
        {
            "product_id": "27000",
            "value": 1.0
        },
        {
            "product_id": "20668",
            "value": 1.0
        },
        {
            "product_id": "20293",
            "value": 1.0
        },
        {
            "product_id": "22144",
            "value": 1.0
        },
        {
            "product_id": "26883",
            "value": 1.0
        },
        {
            "product_id": "26882",
            "value": 1.0
        },
        {
            "product_id": "26999",
            "value": 1.0
        }
    ]
}