{
    "head": {
        "pricebook": "default",
        "shop": "storefront-catalog-en",
        "currency": "USD"
    },
    "items": [
        {
            "product_id": "26066",
            "value": 1.0
        },
        {
            "product_id": "26872",
            "value": 1.0
        },
        {
            "product_id": "21943",
            "value": 1.0
        },
        {
            "product_id": "14577",
            "value": 1.0
        },
        {
            "product_id": "21950",
            "value": 1.0
        },
        {
            "product_id": "21953",
            "value": 1.0
        },
        {
            "product_id": "27914",
            "value": 1.0
        },
        {
            "product_id": "27913",
            "value": 1.0
        },
        {
            "product_id": "22057",
            "value": 1.0
        },
        {
            "product_id": "22058",
            "value": 1.0
        },
        {
            "product_id": "21959",
            "value": 1.0
        },
        {
            "product_id": "27008",
            "value": 1.0
        },
        {
            "product_id": "27916",
            "value": 1.0
        },
        {
            "product_id": "27033",
            "value": 1.0
        },
        {
            "product_id": "21962",
            "value": 1.0
        },
        {
            "product_id": "27007",
            "value": 1.0
        },
        {
            "product_id": "27915",
            "value": 1.0
        },
        {
            "product_id": "21968",
            "value": 1.0
        },
        {
            "product_id": "21976",
            "value": 1.0
        },
        {
            "product_id": "21977",
            "value": 1.0
        },
        {
            "product_id": "22006",
            "value": 1.0
        },
        {
            "product_id": "25044",
            "value": 1.0
        },
        {
            "product_id": "26037",
            "value": 1.0
        },
        {
            "product_id": "26034",
            "value": 1.0
        },
        {
            "product_id": "26039",
            "value": 1.0
        },
        {
            "product_id": "26038",
            "value": 1.0
        },
        {
            "product_id": "26040",
            "value": 1.0
        },
        {
            "product_id": "26027",
            "value": 1.0
        },
        {
            "product_id": "26035",
            "value": 1.0
        },
        {
            "product_id": "26029",
            "value": 1.0
        },
        {
            "product_id": "26041",
            "value": 1.0
        },
        {
            "product_id": "27044",
            "value": 1.0
        },
        {
            "product_id": "27046",
            "value": 1.0
        },
        {
            "product_id": "26026",
            "value": 1.0
        },
        {
            "product_id": "26036",
            "value": 1.0
        },
        {
            "product_id": "27045",
            "value": 1.0
        },
        {
            "product_id": "26024",
            "value": 1.0
        },
        {
            "product_id": "27042",
            "value": 1.0
        },
        {
            "product_id": "26019",
            "value": 1.0
        },
        {
            "product_id": "26030",
            "value": 1.0
        },
        {
            "product_id": "26020",
            "value": 1.0
        },
        {
            "product_id": "22014",
            "value": 1.0
        },
        {
            "product_id": "26028",
            "value": 1.0
        },
        {
            "product_id": "26023",
            "value": 1.0
        },
        {
            "product_id": "26021",
            "value": 1.0
        },
        {
            "product_id": "26018",
            "value": 1.0
        },
        {
            "product_id": "26033",
            "value": 1.0
        },
        {
            "product_id": "27047",
            "value": 1.0
        },
        {
            "product_id": "26025",
            "value": 1.0
        },
        {
            "product_id": "26032",
            "value": 1.0
        }
    ]
}