{"head": {"pricebook": "default", "shop": "storefront-catalog-en", "currency": "USD"}, "items": [{"product_id": "22153", "value": 1.0}, {"product_id": "22151", "value": 1.0}, {"product_id": "22339", "value": 1.0}, {"product_id": "21593", "value": 1.0}, {"product_id": "22152", "value": 1.0}, {"product_id": "22155", "value": 1.0}, {"product_id": "22168", "value": 1.0}, {"product_id": "21591", "value": 1.0}, {"product_id": "21592", "value": 1.0}, {"product_id": "21595", "value": 1.0}, {"product_id": "22161", "value": 1.0}, {"product_id": "21385", "value": 1.0}, {"product_id": "21393", "value": 1.0}, {"product_id": "22169", "value": 1.0}, {"product_id": "22157", "value": 1.0}, {"product_id": "21391", "value": 1.0}, {"product_id": "21388", "value": 1.0}, {"product_id": "21386", "value": 1.0}, {"product_id": "22162", "value": 1.0}, {"product_id": "22160", "value": 1.0}, {"product_id": "21392", "value": 1.0}, {"product_id": "21395", "value": 1.0}, {"product_id": "21598", "value": 1.0}, {"product_id": "21394", "value": 1.0}, {"product_id": "21390", "value": 1.0}, {"product_id": "21387", "value": 1.0}, {"product_id": "21597", "value": 1.0}, {"product_id": "21389", "value": 1.0}, {"product_id": "21397", "value": 1.0}, {"product_id": "21596", "value": 1.0}, {"product_id": "21398", "value": 1.0}, {"product_id": "25987", "value": 1.0}, {"product_id": "21396", "value": 1.0}, {"product_id": "22166", "value": 1.0}, {"product_id": "21399", "value": 1.0}, {"product_id": "22163", "value": 1.0}, {"product_id": "22164", "value": 1.0}, {"product_id": "21497", "value": 1.0}, {"product_id": "21847", "value": 1.0}, {"product_id": "21849", "value": 1.0}, {"product_id": "26057", "value": 1.0}, {"product_id": "21848", "value": 1.0}, {"product_id": "26058", "value": 1.0}, {"product_id": "21852", "value": 1.0}, {"product_id": "21855", "value": 1.0}, {"product_id": "26060", "value": 1.0}, {"product_id": "21856", "value": 1.0}, {"product_id": "26059", "value": 1.0}, {"product_id": "21850", "value": 1.0}, {"product_id": "21851", "value": 1.0}]}