{
    "head": {
        "locale": "en-US",
        "shop": "storefront-catalog-en",
        "is_master": true
    },
    "items": [
        {
            "brand": "Clutch",
            "is_searchable": true,
            "is_published": true,
            "show_in_listing": true,
            "product_id": "",
            "variant_group_id": "",
            "external_identifiers": [
                {
                    "type": "sku",
                    "value": ""
                }
            ],
            "title": "Gift Card",
            "caption": "GIft Card",
            "description": null,
            "shipping_weight_unit": "g",
            "shipping_weight_value": 0,
            "shipping_dimension_length": 0.0,
            "shipping_dimension_width": 0.0,
            "shipping_dimension_height": 0.0,
            "shipping_dimension_unit": "cm",
            "material": "",
            "google_category": "none",
            "categories": [
                {
                    "path": "All",
                    "is_main": true
                }
            ],
            "extended_attributes": [
                {
                    "name": "pricebooks",
                    "value": "gift-card-5,gift-card-10,gift-card-15,gift-card-20,gift-card-25,gift-card-30,gift-card-35,gift-card-40,gift-card-45,gift-card-50,gift-card-55,gift-card-60,gift-card-65,gift-card-70,gift-card-75,gift-card-80,gift-card-85,gift-card-90,gift-card-95,gift-card-100,gift-card-150,gift-card-200,gift-card-250"
                },
                {
                    "name": "product_handle",
                    "value": "gift-card"
                },
                {
                    "name": "fulfillment_service",
                    "value": "manual"
                },
                {
                    "name": "shipping_required",
                    "value": "False"
                },
                {
                    "name": "inventory_management",
                    "value": null
                },
                {
                    "name": "is_shippable",
                    "value": "False"
                },
                {
                    "name": "is_inventory",
                    "value": "False"
                }
            ],
            "keywords": [
                ""
            ],
            "tax_class_id": null,
            "manufacturer": ""
        }
    ]
}