{
    "head": {
        "locale": "en-US",
        "shop": "storefront-catalog-en",
        "is_master": true
    },
    "items": [
        {
            "brand": "Clutch",
            "is_searchable": true,
            "is_published": true,
            "show_in_listing": false,
            "product_id": "36432",
            "variant_group_id": "36432",
            "tax_class_id": "PG050000",
            "external_identifiers": [
                {
                    "type": "sku",
                    "value": "36432"
                }
            ],
            "title": "Gift Card",
            "caption": "Gift Card",
            
            "categories": [
                {
                    "path": "Gift Card",
                    "is_main": true
                }
            ],
            "extended_attributes": [
                {
                    "name": "pricebooks",
                    "value": "gift-card-5,gift-card-10,gift-card-15,gift-card-20,gift-card-25,gift-card-30,gift-card-35,gift-card-40,gift-card-45,gift-card-50,gift-card-55,gift-card-60,gift-card-65,gift-card-70,gift-card-75,gift-card-80,gift-card-85,gift-card-90,gift-card-95,gift-card-100,gift-card-150,gift-card-200,gift-card-250"
                },
                {
                    "name": "final_sale",
                    "value": "true"
                }
            ],
            "images": [
                {
                    "url": "https://assets.newstore.net/camp-staging/gift_card_icon.png",
                    "is_main": true
                }
            ]
        }
    ]
}