{
    "head": {
        "store_mapping": [
            {
                "store_id": "Hudson_Yards",
                "fulfillment_node_id": "Hudson_Yards"
            }
        ],
        "mode": "atp"
    },
    "items": [
        {
            "product_id": "27183",
            "quantity": 70,
            "fulfillment_node_id": "Hudson_Yards"
        },
        {
            "product_id": "26097",
            "quantity": 70,
            "fulfillment_node_id": "Hudson_Yards"
        },
        {
            "product_id": "26096",
            "quantity": 70,
            "fulfillment_node_id": "Hudson_Yards"
        }
    ]
}