{
    "head": {
        "pricebook": "default",
        "shop": "storefront-catalog-en",
        "currency": "USD"
    },
    "items": [
        {
            "product_id": "10852",
            "value": 1.0
        },
        {
            "product_id": "19701",
            "value": 1.0
        },
        {
            "product_id": "19777",
            "value": 1.0
        },
        {
            "product_id": "19775",
            "value": 1.0
        },
        {
            "product_id": "19967",
            "value": 1.0
        },
        {
            "product_id": "20616",
            "value": 1.0
        },
        {
            "product_id": "20617",
            "value": 1.0
        },
        {
            "product_id": "20618",
            "value": 1.0
        },
        {
            "product_id": "21832",
            "value": 1.0
        },
        {
            "product_id": "9534",
            "value": 1.0
        },
        {
            "product_id": "9523",
            "value": 1.0
        },
        {
            "product_id": "9528",
            "value": 1.0
        },
        {
            "product_id": "9504",
            "value": 1.0
        },
        {
            "product_id": "9454",
            "value": 1.0
        },
        {
            "product_id": "9414",
            "value": 1.0
        },
        {
            "product_id": "9449",
            "value": 1.0
        },
        {
            "product_id": "9411",
            "value": 1.0
        },
        {
            "product_id": "9425",
            "value": 1.0
        },
        {
            "product_id": "9346",
            "value": 1.0
        },
        {
            "product_id": "9354",
            "value": 1.0
        },
        {
            "product_id": "9332",
            "value": 1.0
        },
        {
            "product_id": "9317",
            "value": 1.0
        }
    ]
}