{
    "head": {
        "pricebook": "default",
        "shop": "storefront-catalog-en",
        "currency": "USD"
    },
    "items": [
        {
            "product_id": "10852",
            "value": 1.0
        },
        {
            "product_id": "19701",
            "value": 1.0
        },
        {
            "product_id": "19777",
            "value": 1.0
        },
        {
            "product_id": "19775",
            "value": 1.0
        },
        {
            "product_id": "19967",
            "value": 1.0
        },
        {
            "product_id": "20616",
            "value": 1.0
        },
        {
            "product_id": "20617",
            "value": 1.0
        },
        {
            "product_id": "20618",
            "value": 1.0
        },
        {
            "product_id": "21832",
            "value": 1.0
        },
        {
            "product_id": "9534",
            "value": 1.0
        },
        {
            "product_id": "9523",
            "value": 1.0
        },
        {
            "product_id": "9528",
            "value": 1.0
        },
        {
            "product_id": "9504",
            "value": 1.0
        },
        {
            "product_id": "9454",
            "value": 1.0
        },
        {
            "product_id": "9414",
            "value": 1.0
        },
        {
            "product_id": "9449",
            "value": 1.0
        },
        {
            "product_id": "9411",
            "value": 1.0
        },
        {
            "product_id": "9425",
            "value": 1.0
        },
        {
            "product_id": "9346",
            "value": 1.0
        },
        {
            "product_id": "9354",
            "value": 1.0
        },
        {
            "product_id": "9332",
            "value": 1.0
        },
        {
            "product_id": "9317",
            "value": 1.0
        },
        {
            "product_id": "9266",
            "value": 1.0
        },
        {
            "product_id": "9274",
            "value": 1.0
        },
        {
            "product_id": "9273",
            "value": 1.0
        },
        {
            "product_id": "9279",
            "value": 1.0
        },
        {
            "product_id": "9261",
            "value": 1.0
        },
        {
            "product_id": "9239",
            "value": 1.0
        },
        {
            "product_id": "9244",
            "value": 1.0
        },
        {
            "product_id": "9192",
            "value": 1.0
        },
        {
            "product_id": "9211",
            "value": 1.0
        },
        {
            "product_id": "9236",
            "value": 1.0
        },
        {
            "product_id": "9232",
            "value": 1.0
        },
        {
            "product_id": "9201",
            "value": 1.0
        },
        {
            "product_id": "9216",
            "value": 1.0
        },
        {
            "product_id": "9163",
            "value": 1.0
        },
        {
            "product_id": "9170",
            "value": 1.0
        },
        {
            "product_id": "9175",
            "value": 1.0
        },
        {
            "product_id": "9177",
            "value": 1.0
        },
        {
            "product_id": "9159",
            "value": 1.0
        },
        {
            "product_id": "9135",
            "value": 1.0
        },
        {
            "product_id": "9152",
            "value": 1.0
        },
        {
            "product_id": "9114",
            "value": 1.0
        },
        {
            "product_id": "9089",
            "value": 1.0
        },
        {
            "product_id": "9109",
            "value": 1.0
        },
        {
            "product_id": "9090",
            "value": 1.0
        },
        {
            "product_id": "9075",
            "value": 1.0
        },
        {
            "product_id": "9079",
            "value": 1.0
        },
        {
            "product_id": "9049",
            "value": 1.0
        },
        {
            "product_id": "9062",
            "value": 1.0
        }
    ]
}