{"head": {"store_mapping": [{"store_id": "null", "fulfillment_node_id": "virtual_DC"}], "mode": "atp"}, "items": [{"product_id": "26875", "quantity": 1000, "fulfillment_node_id": "virtual_DC"}, {"product_id": "26876", "quantity": 1000, "fulfillment_node_id": "virtual_DC"}, {"product_id": "26898", "quantity": 1000, "fulfillment_node_id": "virtual_DC"}, {"product_id": "26899", "quantity": 1000, "fulfillment_node_id": "virtual_DC"}, {"product_id": "26900", "quantity": 1000, "fulfillment_node_id": "virtual_DC"}, {"product_id": "26901", "quantity": 1000, "fulfillment_node_id": "virtual_DC"}, {"product_id": "27272", "quantity": 1000, "fulfillment_node_id": "virtual_DC"}, {"product_id": "27273", "quantity": 1000, "fulfillment_node_id": "virtual_DC"}, {"product_id": "27274", "quantity": 1000, "fulfillment_node_id": "virtual_DC"}, {"product_id": "27275", "quantity": 1000, "fulfillment_node_id": "virtual_DC"}, {"product_id": "27276", "quantity": 1000, "fulfillment_node_id": "virtual_DC"}, {"product_id": "27277", "quantity": 1000, "fulfillment_node_id": "virtual_DC"}, {"product_id": "27887", "quantity": 1000, "fulfillment_node_id": "virtual_DC"}, {"product_id": "27888", "quantity": 1000, "fulfillment_node_id": "virtual_DC"}, {"product_id": "27889", "quantity": 1000, "fulfillment_node_id": "virtual_DC"}, {"product_id": "27890", "quantity": 1000, "fulfillment_node_id": "virtual_DC"}, {"product_id": "27891", "quantity": 1000, "fulfillment_node_id": "virtual_DC"}, {"product_id": "27892", "quantity": 1000, "fulfillment_node_id": "virtual_DC"}, {"product_id": "27893", "quantity": 1000, "fulfillment_node_id": "virtual_DC"}, {"product_id": "27895", "quantity": 1000, "fulfillment_node_id": "virtual_DC"}, {"product_id": "27896", "quantity": 1000, "fulfillment_node_id": "virtual_DC"}, {"product_id": "27897", "quantity": 1000, "fulfillment_node_id": "virtual_DC"}, {"product_id": "27898", "quantity": 1000, "fulfillment_node_id": "virtual_DC"}, {"product_id": "27899", "quantity": 1000, "fulfillment_node_id": "virtual_DC"}, {"product_id": "27900", "quantity": 1000, "fulfillment_node_id": "virtual_DC"}, {"product_id": "27901", "quantity": 1000, "fulfillment_node_id": "virtual_DC"}, {"product_id": "27902", "quantity": 1000, "fulfillment_node_id": "virtual_DC"}, {"product_id": "27903", "quantity": 1000, "fulfillment_node_id": "virtual_DC"}, {"product_id": "27904", "quantity": 1000, "fulfillment_node_id": "virtual_DC"}, {"product_id": "27905", "quantity": 1000, "fulfillment_node_id": "virtual_DC"}, {"product_id": "27906", "quantity": 1000, "fulfillment_node_id": "virtual_DC"}, {"product_id": "27907", "quantity": 1000, "fulfillment_node_id": "virtual_DC"}, {"product_id": "27908", "quantity": 1000, "fulfillment_node_id": "virtual_DC"}, {"product_id": "21833", "quantity": 1000, "fulfillment_node_id": "virtual_DC"}, {"product_id": "20295", "quantity": 1000, "fulfillment_node_id": "virtual_DC"}, {"product_id": "27000", "quantity": 1000, "fulfillment_node_id": "virtual_DC"}, {"product_id": "14753", "quantity": 1000, "fulfillment_node_id": "virtual_DC"}, {"product_id": "20668", "quantity": 1000, "fulfillment_node_id": "virtual_DC"}, {"product_id": "19845", "quantity": 1000, "fulfillment_node_id": "virtual_DC"}, {"product_id": "20293", "quantity": 1000, "fulfillment_node_id": "virtual_DC"}, {"product_id": "17148", "quantity": 1000, "fulfillment_node_id": "virtual_DC"}, {"product_id": "19928", "quantity": 1000, "fulfillment_node_id": "virtual_DC"}, {"product_id": "22144", "quantity": 1000, "fulfillment_node_id": "virtual_DC"}, {"product_id": "19927", "quantity": 1000, "fulfillment_node_id": "virtual_DC"}, {"product_id": "26883", "quantity": 1000, "fulfillment_node_id": "virtual_DC"}, {"product_id": "21837", "quantity": 1000, "fulfillment_node_id": "virtual_DC"}, {"product_id": "26882", "quantity": 1000, "fulfillment_node_id": "virtual_DC"}, {"product_id": "21894", "quantity": 1000, "fulfillment_node_id": "virtual_DC"}, {"product_id": "22341", "quantity": 1000, "fulfillment_node_id": "virtual_DC"}, {"product_id": "13894", "quantity": 1000, "fulfillment_node_id": "virtual_DC"}, {"product_id": "22342", "quantity": 1000, "fulfillment_node_id": "virtual_DC"}, {"product_id": "13899", "quantity": 1000, "fulfillment_node_id": "virtual_DC"}, {"product_id": "13900", "quantity": 1000, "fulfillment_node_id": "virtual_DC"}, {"product_id": "13895", "quantity": 1000, "fulfillment_node_id": "virtual_DC"}, {"product_id": "13898", "quantity": 1000, "fulfillment_node_id": "virtual_DC"}, {"product_id": "13896", "quantity": 1000, "fulfillment_node_id": "virtual_DC"}, {"product_id": "22234", "quantity": 1000, "fulfillment_node_id": "virtual_DC"}, {"product_id": "13901", "quantity": 1000, "fulfillment_node_id": "virtual_DC"}, {"product_id": "13893", "quantity": 1000, "fulfillment_node_id": "virtual_DC"}, {"product_id": "21895", "quantity": 1000, "fulfillment_node_id": "virtual_DC"}, {"product_id": "21038", "quantity": 1000, "fulfillment_node_id": "virtual_DC"}, {"product_id": "21896", "quantity": 1000, "fulfillment_node_id": "virtual_DC"}, {"product_id": "22233", "quantity": 1000, "fulfillment_node_id": "virtual_DC"}, {"product_id": "13897", "quantity": 1000, "fulfillment_node_id": "virtual_DC"}, {"product_id": "22343", "quantity": 1000, "fulfillment_node_id": "virtual_DC"}, {"product_id": "21039", "quantity": 1000, "fulfillment_node_id": "virtual_DC"}, {"product_id": "13892", "quantity": 1000, "fulfillment_node_id": "virtual_DC"}, {"product_id": "22235", "quantity": 1000, "fulfillment_node_id": "virtual_DC"}, {"product_id": "21040", "quantity": 1000, "fulfillment_node_id": "virtual_DC"}, {"product_id": "21905", "quantity": 1000, "fulfillment_node_id": "virtual_DC"}, {"product_id": "22237", "quantity": 1000, "fulfillment_node_id": "virtual_DC"}, {"product_id": "21906", "quantity": 1000, "fulfillment_node_id": "virtual_DC"}, {"product_id": "21907", "quantity": 1000, "fulfillment_node_id": "virtual_DC"}, {"product_id": "22238", "quantity": 1000, "fulfillment_node_id": "virtual_DC"}, {"product_id": "21904", "quantity": 1000, "fulfillment_node_id": "virtual_DC"}, {"product_id": "21899", "quantity": 1000, "fulfillment_node_id": "virtual_DC"}, {"product_id": "13902", "quantity": 1000, "fulfillment_node_id": "virtual_DC"}, {"product_id": "21903", "quantity": 1000, "fulfillment_node_id": "virtual_DC"}, {"product_id": "21898", "quantity": 1000, "fulfillment_node_id": "virtual_DC"}, {"product_id": "13904", "quantity": 1000, "fulfillment_node_id": "virtual_DC"}, {"product_id": "21909", "quantity": 1000, "fulfillment_node_id": "virtual_DC"}, {"product_id": "21901", "quantity": 1000, "fulfillment_node_id": "virtual_DC"}, {"product_id": "21900", "quantity": 1000, "fulfillment_node_id": "virtual_DC"}, {"product_id": "21897", "quantity": 1000, "fulfillment_node_id": "virtual_DC"}, {"product_id": "21902", "quantity": 1000, "fulfillment_node_id": "virtual_DC"}, {"product_id": "21908", "quantity": 1000, "fulfillment_node_id": "virtual_DC"}, {"product_id": "13903", "quantity": 1000, "fulfillment_node_id": "virtual_DC"}, {"product_id": "22236", "quantity": 1000, "fulfillment_node_id": "virtual_DC"}, {"product_id": "21911", "quantity": 1000, "fulfillment_node_id": "virtual_DC"}, {"product_id": "21918", "quantity": 1000, "fulfillment_node_id": "virtual_DC"}, {"product_id": "21916", "quantity": 1000, "fulfillment_node_id": "virtual_DC"}, {"product_id": "21912", "quantity": 1000, "fulfillment_node_id": "virtual_DC"}, {"product_id": "21924", "quantity": 1000, "fulfillment_node_id": "virtual_DC"}, {"product_id": "21922", "quantity": 1000, "fulfillment_node_id": "virtual_DC"}, {"product_id": "21919", "quantity": 1000, "fulfillment_node_id": "virtual_DC"}, {"product_id": "21917", "quantity": 1000, "fulfillment_node_id": "virtual_DC"}, {"product_id": "13905", "quantity": 1000, "fulfillment_node_id": "virtual_DC"}, {"product_id": "26999", "quantity": 1000, "fulfillment_node_id": "virtual_DC"}, {"product_id": "21371", "quantity": 1000, "fulfillment_node_id": "virtual_DC"}, {"product_id": "26893", "quantity": 1000, "fulfillment_node_id": "virtual_DC"}, {"product_id": "27001", "quantity": 1000, "fulfillment_node_id": "virtual_DC"}, {"product_id": "26056", "quantity": 1000, "fulfillment_node_id": "virtual_DC"}, {"product_id": "25046", "quantity": 1000, "fulfillment_node_id": "virtual_DC"}, {"product_id": "21370", "quantity": 1000, "fulfillment_node_id": "virtual_DC"}, {"product_id": "26894", "quantity": 1000, "fulfillment_node_id": "virtual_DC"}, {"product_id": "26055", "quantity": 1000, "fulfillment_node_id": "virtual_DC"}, {"product_id": "26891", "quantity": 1000, "fulfillment_node_id": "virtual_DC"}, {"product_id": "26885", "quantity": 1000, "fulfillment_node_id": "virtual_DC"}, {"product_id": "26890", "quantity": 1000, "fulfillment_node_id": "virtual_DC"}, {"product_id": "26884", "quantity": 1000, "fulfillment_node_id": "virtual_DC"}, {"product_id": "22145", "quantity": 1000, "fulfillment_node_id": "virtual_DC"}, {"product_id": "26892", "quantity": 1000, "fulfillment_node_id": "virtual_DC"}, {"product_id": "26998", "quantity": 1000, "fulfillment_node_id": "virtual_DC"}, {"product_id": "26889", "quantity": 1000, "fulfillment_node_id": "virtual_DC"}, {"product_id": "25036", "quantity": 1000, "fulfillment_node_id": "virtual_DC"}, {"product_id": "25047", "quantity": 1000, "fulfillment_node_id": "virtual_DC"}, {"product_id": "21374", "quantity": 1000, "fulfillment_node_id": "virtual_DC"}, {"product_id": "21588", "quantity": 1000, "fulfillment_node_id": "virtual_DC"}, {"product_id": "22148", "quantity": 1000, "fulfillment_node_id": "virtual_DC"}, {"product_id": "26877", "quantity": 1000, "fulfillment_node_id": "virtual_DC"}, {"product_id": "21590", "quantity": 1000, "fulfillment_node_id": "virtual_DC"}, {"product_id": "21373", "quantity": 1000, "fulfillment_node_id": "virtual_DC"}, {"product_id": "26878", "quantity": 1000, "fulfillment_node_id": "virtual_DC"}, {"product_id": "21377", "quantity": 1000, "fulfillment_node_id": "virtual_DC"}, {"product_id": "21375", "quantity": 1000, "fulfillment_node_id": "virtual_DC"}, {"product_id": "22167", "quantity": 1000, "fulfillment_node_id": "virtual_DC"}, {"product_id": "21589", "quantity": 1000, "fulfillment_node_id": "virtual_DC"}, {"product_id": "21372", "quantity": 1000, "fulfillment_node_id": "virtual_DC"}, {"product_id": "25875", "quantity": 1000, "fulfillment_node_id": "virtual_DC"}, {"product_id": "26879", "quantity": 1000, "fulfillment_node_id": "virtual_DC"}, {"product_id": "22333", "quantity": 1000, "fulfillment_node_id": "virtual_DC"}, {"product_id": "21594", "quantity": 1000, "fulfillment_node_id": "virtual_DC"}, {"product_id": "21376", "quantity": 1000, "fulfillment_node_id": "virtual_DC"}, {"product_id": "25876", "quantity": 1000, "fulfillment_node_id": "virtual_DC"}, {"product_id": "22146", "quantity": 1000, "fulfillment_node_id": "virtual_DC"}, {"product_id": "22147", "quantity": 1000, "fulfillment_node_id": "virtual_DC"}, {"product_id": "27886", "quantity": 1000, "fulfillment_node_id": "virtual_DC"}, {"product_id": "21380", "quantity": 1000, "fulfillment_node_id": "virtual_DC"}, {"product_id": "21383", "quantity": 1000, "fulfillment_node_id": "virtual_DC"}, {"product_id": "21378", "quantity": 1000, "fulfillment_node_id": "virtual_DC"}, {"product_id": "24288", "quantity": 1000, "fulfillment_node_id": "virtual_DC"}, {"product_id": "22154", "quantity": 1000, "fulfillment_node_id": "virtual_DC"}, {"product_id": "26888", "quantity": 1000, "fulfillment_node_id": "virtual_DC"}, {"product_id": "21379", "quantity": 1000, "fulfillment_node_id": "virtual_DC"}, {"product_id": "21382", "quantity": 1000, "fulfillment_node_id": "virtual_DC"}, {"product_id": "21381", "quantity": 1000, "fulfillment_node_id": "virtual_DC"}, {"product_id": "21384", "quantity": 1000, "fulfillment_node_id": "virtual_DC"}, {"product_id": "21057", "quantity": 1000, "fulfillment_node_id": "virtual_DC"}, {"product_id": "21938", "quantity": 1000, "fulfillment_node_id": "virtual_DC"}, {"product_id": "13911", "quantity": 1000, "fulfillment_node_id": "virtual_DC"}, {"product_id": "21939", "quantity": 1000, "fulfillment_node_id": "virtual_DC"}, {"product_id": "21941", "quantity": 1000, "fulfillment_node_id": "virtual_DC"}, {"product_id": "14581", "quantity": 1000, "fulfillment_node_id": "virtual_DC"}, {"product_id": "13916", "quantity": 1000, "fulfillment_node_id": "virtual_DC"}, {"product_id": "14579", "quantity": 1000, "fulfillment_node_id": "virtual_DC"}, {"product_id": "13917", "quantity": 1000, "fulfillment_node_id": "virtual_DC"}, {"product_id": "21063", "quantity": 1000, "fulfillment_node_id": "virtual_DC"}, {"product_id": "13915", "quantity": 1000, "fulfillment_node_id": "virtual_DC"}, {"product_id": "13912", "quantity": 1000, "fulfillment_node_id": "virtual_DC"}, {"product_id": "18233", "quantity": 1000, "fulfillment_node_id": "virtual_DC"}, {"product_id": "14582", "quantity": 1000, "fulfillment_node_id": "virtual_DC"}, {"product_id": "19593", "quantity": 1000, "fulfillment_node_id": "virtual_DC"}, {"product_id": "21940", "quantity": 1000, "fulfillment_node_id": "virtual_DC"}, {"product_id": "21943", "quantity": 1000, "fulfillment_node_id": "virtual_DC"}, {"product_id": "13910", "quantity": 1000, "fulfillment_node_id": "virtual_DC"}, {"product_id": "14580", "quantity": 1000, "fulfillment_node_id": "virtual_DC"}, {"product_id": "13913", "quantity": 1000, "fulfillment_node_id": "virtual_DC"}, {"product_id": "21942", "quantity": 1000, "fulfillment_node_id": "virtual_DC"}, {"product_id": "14573", "quantity": 1000, "fulfillment_node_id": "virtual_DC"}, {"product_id": "14576", "quantity": 1000, "fulfillment_node_id": "virtual_DC"}, {"product_id": "14578", "quantity": 1000, "fulfillment_node_id": "virtual_DC"}, {"product_id": "14572", "quantity": 1000, "fulfillment_node_id": "virtual_DC"}, {"product_id": "14574", "quantity": 1000, "fulfillment_node_id": "virtual_DC"}, {"product_id": "18398", "quantity": 1000, "fulfillment_node_id": "virtual_DC"}, {"product_id": "21945", "quantity": 1000, "fulfillment_node_id": "virtual_DC"}, {"product_id": "14587", "quantity": 1000, "fulfillment_node_id": "virtual_DC"}, {"product_id": "14575", "quantity": 1000, "fulfillment_node_id": "virtual_DC"}, {"product_id": "14584", "quantity": 1000, "fulfillment_node_id": "virtual_DC"}, {"product_id": "21065", "quantity": 1000, "fulfillment_node_id": "virtual_DC"}, {"product_id": "21066", "quantity": 1000, "fulfillment_node_id": "virtual_DC"}, {"product_id": "21067", "quantity": 1000, "fulfillment_node_id": "virtual_DC"}, {"product_id": "14577", "quantity": 1000, "fulfillment_node_id": "virtual_DC"}, {"product_id": "14583", "quantity": 1000, "fulfillment_node_id": "virtual_DC"}, {"product_id": "21064", "quantity": 1000, "fulfillment_node_id": "virtual_DC"}, {"product_id": "14588", "quantity": 1000, "fulfillment_node_id": "virtual_DC"}, {"product_id": "19709", "quantity": 1000, "fulfillment_node_id": "virtual_DC"}, {"product_id": "21944", "quantity": 1000, "fulfillment_node_id": "virtual_DC"}, {"product_id": "14585", "quantity": 1000, "fulfillment_node_id": "virtual_DC"}, {"product_id": "21068", "quantity": 1000, "fulfillment_node_id": "virtual_DC"}, {"product_id": "21952", "quantity": 1000, "fulfillment_node_id": "virtual_DC"}, {"product_id": "21946", "quantity": 1000, "fulfillment_node_id": "virtual_DC"}, {"product_id": "21949", "quantity": 1000, "fulfillment_node_id": "virtual_DC"}, {"product_id": "21954", "quantity": 1000, "fulfillment_node_id": "virtual_DC"}, {"product_id": "21073", "quantity": 1000, "fulfillment_node_id": "virtual_DC"}, {"product_id": "21950", "quantity": 1000, "fulfillment_node_id": "virtual_DC"}, {"product_id": "21071", "quantity": 1000, "fulfillment_node_id": "virtual_DC"}, {"product_id": "21072", "quantity": 1000, "fulfillment_node_id": "virtual_DC"}]}