{"head": {"store_mapping": [{"store_id": null, "fulfillment_node_id": "virtual_DC"}], "mode": "atp"}, "items": [{"product_id": "20977", "quantity": 1000, "fulfillment_node_id": "virtual_DC"}, {"product_id": "21841", "quantity": 1000, "fulfillment_node_id": "virtual_DC"}, {"product_id": "21845", "quantity": 1000, "fulfillment_node_id": "virtual_DC"}, {"product_id": "21842", "quantity": 1000, "fulfillment_node_id": "virtual_DC"}, {"product_id": "21843", "quantity": 1000, "fulfillment_node_id": "virtual_DC"}, {"product_id": "20976", "quantity": 1000, "fulfillment_node_id": "virtual_DC"}, {"product_id": "21737", "quantity": 1000, "fulfillment_node_id": "virtual_DC"}, {"product_id": "20978", "quantity": 1000, "fulfillment_node_id": "virtual_DC"}, {"product_id": "21839", "quantity": 1000, "fulfillment_node_id": "virtual_DC"}, {"product_id": "20974", "quantity": 1000, "fulfillment_node_id": "virtual_DC"}, {"product_id": "20973", "quantity": 1000, "fulfillment_node_id": "virtual_DC"}, {"product_id": "21844", "quantity": 1000, "fulfillment_node_id": "virtual_DC"}, {"product_id": "20972", "quantity": 1000, "fulfillment_node_id": "virtual_DC"}, {"product_id": "21840", "quantity": 1000, "fulfillment_node_id": "virtual_DC"}, {"product_id": "21487", "quantity": 1000, "fulfillment_node_id": "virtual_DC"}, {"product_id": "21478", "quantity": 1000, "fulfillment_node_id": "virtual_DC"}, {"product_id": "21497", "quantity": 1000, "fulfillment_node_id": "virtual_DC"}, {"product_id": "21489", "quantity": 1000, "fulfillment_node_id": "virtual_DC"}, {"product_id": "21486", "quantity": 1000, "fulfillment_node_id": "virtual_DC"}, {"product_id": "20979", "quantity": 1000, "fulfillment_node_id": "virtual_DC"}, {"product_id": "21847", "quantity": 1000, "fulfillment_node_id": "virtual_DC"}, {"product_id": "21849", "quantity": 1000, "fulfillment_node_id": "virtual_DC"}, {"product_id": "26057", "quantity": 1000, "fulfillment_node_id": "virtual_DC"}, {"product_id": "19783", "quantity": 1000, "fulfillment_node_id": "virtual_DC"}, {"product_id": "21848", "quantity": 1000, "fulfillment_node_id": "virtual_DC"}, {"product_id": "20988", "quantity": 1000, "fulfillment_node_id": "virtual_DC"}, {"product_id": "20987", "quantity": 1000, "fulfillment_node_id": "virtual_DC"}, {"product_id": "20986", "quantity": 1000, "fulfillment_node_id": "virtual_DC"}, {"product_id": "20869", "quantity": 1000, "fulfillment_node_id": "virtual_DC"}, {"product_id": "20981", "quantity": 1000, "fulfillment_node_id": "virtual_DC"}, {"product_id": "20980", "quantity": 1000, "fulfillment_node_id": "virtual_DC"}, {"product_id": "21732", "quantity": 1000, "fulfillment_node_id": "virtual_DC"}, {"product_id": "21738", "quantity": 1000, "fulfillment_node_id": "virtual_DC"}, {"product_id": "20985", "quantity": 1000, "fulfillment_node_id": "virtual_DC"}, {"product_id": "26058", "quantity": 1000, "fulfillment_node_id": "virtual_DC"}, {"product_id": "20982", "quantity": 1000, "fulfillment_node_id": "virtual_DC"}, {"product_id": "20984", "quantity": 1000, "fulfillment_node_id": "virtual_DC"}, {"product_id": "17020", "quantity": 1000, "fulfillment_node_id": "virtual_DC"}, {"product_id": "21479", "quantity": 1000, "fulfillment_node_id": "virtual_DC"}, {"product_id": "20992", "quantity": 1000, "fulfillment_node_id": "virtual_DC"}, {"product_id": "21852", "quantity": 1000, "fulfillment_node_id": "virtual_DC"}, {"product_id": "20995", "quantity": 1000, "fulfillment_node_id": "virtual_DC"}, {"product_id": "20991", "quantity": 1000, "fulfillment_node_id": "virtual_DC"}, {"product_id": "21855", "quantity": 1000, "fulfillment_node_id": "virtual_DC"}, {"product_id": "21857", "quantity": 1000, "fulfillment_node_id": "virtual_DC"}, {"product_id": "26060", "quantity": 1000, "fulfillment_node_id": "virtual_DC"}, {"product_id": "21856", "quantity": 1000, "fulfillment_node_id": "virtual_DC"}, {"product_id": "21854", "quantity": 1000, "fulfillment_node_id": "virtual_DC"}, {"product_id": "20990", "quantity": 1000, "fulfillment_node_id": "virtual_DC"}, {"product_id": "20993", "quantity": 1000, "fulfillment_node_id": "virtual_DC"}, {"product_id": "22156", "quantity": 1000, "fulfillment_node_id": "virtual_DC"}, {"product_id": "22153", "quantity": 1000, "fulfillment_node_id": "virtual_DC"}, {"product_id": "22151", "quantity": 1000, "fulfillment_node_id": "virtual_DC"}, {"product_id": "22339", "quantity": 1000, "fulfillment_node_id": "virtual_DC"}, {"product_id": "21593", "quantity": 1000, "fulfillment_node_id": "virtual_DC"}, {"product_id": "22152", "quantity": 1000, "fulfillment_node_id": "virtual_DC"}, {"product_id": "22155", "quantity": 1000, "fulfillment_node_id": "virtual_DC"}, {"product_id": "22168", "quantity": 1000, "fulfillment_node_id": "virtual_DC"}, {"product_id": "21591", "quantity": 1000, "fulfillment_node_id": "virtual_DC"}, {"product_id": "21592", "quantity": 1000, "fulfillment_node_id": "virtual_DC"}, {"product_id": "21595", "quantity": 1000, "fulfillment_node_id": "virtual_DC"}, {"product_id": "22161", "quantity": 1000, "fulfillment_node_id": "virtual_DC"}, {"product_id": "21385", "quantity": 1000, "fulfillment_node_id": "virtual_DC"}, {"product_id": "21393", "quantity": 1000, "fulfillment_node_id": "virtual_DC"}, {"product_id": "22169", "quantity": 1000, "fulfillment_node_id": "virtual_DC"}, {"product_id": "22157", "quantity": 1000, "fulfillment_node_id": "virtual_DC"}, {"product_id": "21391", "quantity": 1000, "fulfillment_node_id": "virtual_DC"}, {"product_id": "21388", "quantity": 1000, "fulfillment_node_id": "virtual_DC"}, {"product_id": "21386", "quantity": 1000, "fulfillment_node_id": "virtual_DC"}, {"product_id": "22162", "quantity": 1000, "fulfillment_node_id": "virtual_DC"}, {"product_id": "22160", "quantity": 1000, "fulfillment_node_id": "virtual_DC"}, {"product_id": "21392", "quantity": 1000, "fulfillment_node_id": "virtual_DC"}, {"product_id": "21395", "quantity": 1000, "fulfillment_node_id": "virtual_DC"}, {"product_id": "21598", "quantity": 1000, "fulfillment_node_id": "virtual_DC"}, {"product_id": "21394", "quantity": 1000, "fulfillment_node_id": "virtual_DC"}, {"product_id": "21390", "quantity": 1000, "fulfillment_node_id": "virtual_DC"}, {"product_id": "21387", "quantity": 1000, "fulfillment_node_id": "virtual_DC"}, {"product_id": "21597", "quantity": 1000, "fulfillment_node_id": "virtual_DC"}, {"product_id": "21389", "quantity": 1000, "fulfillment_node_id": "virtual_DC"}, {"product_id": "21397", "quantity": 1000, "fulfillment_node_id": "virtual_DC"}, {"product_id": "19768", "quantity": 1000, "fulfillment_node_id": "virtual_DC"}, {"product_id": "21596", "quantity": 1000, "fulfillment_node_id": "virtual_DC"}, {"product_id": "22165", "quantity": 1000, "fulfillment_node_id": "virtual_DC"}, {"product_id": "19782", "quantity": 1000, "fulfillment_node_id": "virtual_DC"}, {"product_id": "21398", "quantity": 1000, "fulfillment_node_id": "virtual_DC"}, {"product_id": "22135", "quantity": 1000, "fulfillment_node_id": "virtual_DC"}, {"product_id": "25987", "quantity": 1000, "fulfillment_node_id": "virtual_DC"}, {"product_id": "21396", "quantity": 1000, "fulfillment_node_id": "virtual_DC"}, {"product_id": "22137", "quantity": 1000, "fulfillment_node_id": "virtual_DC"}, {"product_id": "22134", "quantity": 1000, "fulfillment_node_id": "virtual_DC"}, {"product_id": "22166", "quantity": 1000, "fulfillment_node_id": "virtual_DC"}, {"product_id": "20971", "quantity": 1000, "fulfillment_node_id": "virtual_DC"}, {"product_id": "22133", "quantity": 1000, "fulfillment_node_id": "virtual_DC"}, {"product_id": "21399", "quantity": 1000, "fulfillment_node_id": "virtual_DC"}, {"product_id": "22163", "quantity": 1000, "fulfillment_node_id": "virtual_DC"}, {"product_id": "22136", "quantity": 1000, "fulfillment_node_id": "virtual_DC"}, {"product_id": "22164", "quantity": 1000, "fulfillment_node_id": "virtual_DC"}, {"product_id": "21838", "quantity": 1000, "fulfillment_node_id": "virtual_DC"}, {"product_id": "13852", "quantity": 1000, "fulfillment_node_id": "virtual_DC"}, {"product_id": "20975", "quantity": 1000, "fulfillment_node_id": "virtual_DC"}, {"product_id": "26999", "quantity": 1000, "fulfillment_node_id": "virtual_DC"}, {"product_id": "21371", "quantity": 1000, "fulfillment_node_id": "virtual_DC"}, {"product_id": "26893", "quantity": 1000, "fulfillment_node_id": "virtual_DC"}, {"product_id": "27001", "quantity": 1000, "fulfillment_node_id": "virtual_DC"}, {"product_id": "26056", "quantity": 1000, "fulfillment_node_id": "virtual_DC"}, {"product_id": "25046", "quantity": 1000, "fulfillment_node_id": "virtual_DC"}, {"product_id": "21370", "quantity": 1000, "fulfillment_node_id": "virtual_DC"}, {"product_id": "26894", "quantity": 1000, "fulfillment_node_id": "virtual_DC"}, {"product_id": "26055", "quantity": 1000, "fulfillment_node_id": "virtual_DC"}, {"product_id": "26891", "quantity": 1000, "fulfillment_node_id": "virtual_DC"}, {"product_id": "26885", "quantity": 1000, "fulfillment_node_id": "virtual_DC"}, {"product_id": "26890", "quantity": 1000, "fulfillment_node_id": "virtual_DC"}, {"product_id": "26884", "quantity": 1000, "fulfillment_node_id": "virtual_DC"}, {"product_id": "22145", "quantity": 1000, "fulfillment_node_id": "virtual_DC"}, {"product_id": "26892", "quantity": 1000, "fulfillment_node_id": "virtual_DC"}, {"product_id": "26998", "quantity": 1000, "fulfillment_node_id": "virtual_DC"}, {"product_id": "26889", "quantity": 1000, "fulfillment_node_id": "virtual_DC"}, {"product_id": "25036", "quantity": 1000, "fulfillment_node_id": "virtual_DC"}, {"product_id": "25047", "quantity": 1000, "fulfillment_node_id": "virtual_DC"}, {"product_id": "21374", "quantity": 1000, "fulfillment_node_id": "virtual_DC"}, {"product_id": "21588", "quantity": 1000, "fulfillment_node_id": "virtual_DC"}, {"product_id": "22148", "quantity": 1000, "fulfillment_node_id": "virtual_DC"}, {"product_id": "26877", "quantity": 1000, "fulfillment_node_id": "virtual_DC"}, {"product_id": "21590", "quantity": 1000, "fulfillment_node_id": "virtual_DC"}, {"product_id": "21373", "quantity": 1000, "fulfillment_node_id": "virtual_DC"}, {"product_id": "26878", "quantity": 1000, "fulfillment_node_id": "virtual_DC"}, {"product_id": "21377", "quantity": 1000, "fulfillment_node_id": "virtual_DC"}, {"product_id": "21375", "quantity": 1000, "fulfillment_node_id": "virtual_DC"}, {"product_id": "22167", "quantity": 1000, "fulfillment_node_id": "virtual_DC"}, {"product_id": "21589", "quantity": 1000, "fulfillment_node_id": "virtual_DC"}, {"product_id": "21372", "quantity": 1000, "fulfillment_node_id": "virtual_DC"}, {"product_id": "25875", "quantity": 1000, "fulfillment_node_id": "virtual_DC"}, {"product_id": "26879", "quantity": 1000, "fulfillment_node_id": "virtual_DC"}, {"product_id": "22333", "quantity": 1000, "fulfillment_node_id": "virtual_DC"}, {"product_id": "21594", "quantity": 1000, "fulfillment_node_id": "virtual_DC"}, {"product_id": "21376", "quantity": 1000, "fulfillment_node_id": "virtual_DC"}, {"product_id": "25876", "quantity": 1000, "fulfillment_node_id": "virtual_DC"}, {"product_id": "22146", "quantity": 1000, "fulfillment_node_id": "virtual_DC"}, {"product_id": "22147", "quantity": 1000, "fulfillment_node_id": "virtual_DC"}, {"product_id": "27886", "quantity": 1000, "fulfillment_node_id": "virtual_DC"}, {"product_id": "21380", "quantity": 1000, "fulfillment_node_id": "virtual_DC"}, {"product_id": "21383", "quantity": 1000, "fulfillment_node_id": "virtual_DC"}, {"product_id": "21378", "quantity": 1000, "fulfillment_node_id": "virtual_DC"}, {"product_id": "24288", "quantity": 1000, "fulfillment_node_id": "virtual_DC"}, {"product_id": "22154", "quantity": 1000, "fulfillment_node_id": "virtual_DC"}, {"product_id": "26888", "quantity": 1000, "fulfillment_node_id": "virtual_DC"}, {"product_id": "21379", "quantity": 1000, "fulfillment_node_id": "virtual_DC"}, {"product_id": "21382", "quantity": 1000, "fulfillment_node_id": "virtual_DC"}, {"product_id": "21381", "quantity": 1000, "fulfillment_node_id": "virtual_DC"}, {"product_id": "21384", "quantity": 1000, "fulfillment_node_id": "virtual_DC"}, {"product_id": "21151", "quantity": 1000, "fulfillment_node_id": "virtual_DC"}, {"product_id": "21155", "quantity": 1000, "fulfillment_node_id": "virtual_DC"}, {"product_id": "21153", "quantity": 1000, "fulfillment_node_id": "virtual_DC"}, {"product_id": "21150", "quantity": 1000, "fulfillment_node_id": "virtual_DC"}, {"product_id": "21154", "quantity": 1000, "fulfillment_node_id": "virtual_DC"}, {"product_id": "13873", "quantity": 1000, "fulfillment_node_id": "virtual_DC"}, {"product_id": "16952", "quantity": 1000, "fulfillment_node_id": "virtual_DC"}, {"product_id": "21147", "quantity": 1000, "fulfillment_node_id": "virtual_DC"}, {"product_id": "21152", "quantity": 1000, "fulfillment_node_id": "virtual_DC"}, {"product_id": "21148", "quantity": 1000, "fulfillment_node_id": "virtual_DC"}, {"product_id": "21145", "quantity": 1000, "fulfillment_node_id": "virtual_DC"}, {"product_id": "21149", "quantity": 1000, "fulfillment_node_id": "virtual_DC"}, {"product_id": "21488", "quantity": 1000, "fulfillment_node_id": "virtual_DC"}, {"product_id": "21481", "quantity": 1000, "fulfillment_node_id": "virtual_DC"}, {"product_id": "18256", "quantity": 1000, "fulfillment_node_id": "virtual_DC"}, {"product_id": "21475", "quantity": 1000, "fulfillment_node_id": "virtual_DC"}, {"product_id": "21160", "quantity": 1000, "fulfillment_node_id": "virtual_DC"}, {"product_id": "21162", "quantity": 1000, "fulfillment_node_id": "virtual_DC"}, {"product_id": "21157", "quantity": 1000, "fulfillment_node_id": "virtual_DC"}, {"product_id": "21166", "quantity": 1000, "fulfillment_node_id": "virtual_DC"}, {"product_id": "21170", "quantity": 1000, "fulfillment_node_id": "virtual_DC"}, {"product_id": "21168", "quantity": 1000, "fulfillment_node_id": "virtual_DC"}, {"product_id": "21171", "quantity": 1000, "fulfillment_node_id": "virtual_DC"}, {"product_id": "21169", "quantity": 1000, "fulfillment_node_id": "virtual_DC"}, {"product_id": "21163", "quantity": 1000, "fulfillment_node_id": "virtual_DC"}, {"product_id": "21156", "quantity": 1000, "fulfillment_node_id": "virtual_DC"}, {"product_id": "25044", "quantity": 1000, "fulfillment_node_id": "virtual_DC"}, {"product_id": "21161", "quantity": 1000, "fulfillment_node_id": "virtual_DC"}, {"product_id": "21159", "quantity": 1000, "fulfillment_node_id": "virtual_DC"}, {"product_id": "21158", "quantity": 1000, "fulfillment_node_id": "virtual_DC"}, {"product_id": "21734", "quantity": 1000, "fulfillment_node_id": "virtual_DC"}, {"product_id": "21164", "quantity": 1000, "fulfillment_node_id": "virtual_DC"}, {"product_id": "21733", "quantity": 1000, "fulfillment_node_id": "virtual_DC"}, {"product_id": "21165", "quantity": 1000, "fulfillment_node_id": "virtual_DC"}, {"product_id": "21167", "quantity": 1000, "fulfillment_node_id": "virtual_DC"}, {"product_id": "21480", "quantity": 1000, "fulfillment_node_id": "virtual_DC"}, {"product_id": "26037", "quantity": 1000, "fulfillment_node_id": "virtual_DC"}, {"product_id": "21174", "quantity": 1000, "fulfillment_node_id": "virtual_DC"}, {"product_id": "21173", "quantity": 1000, "fulfillment_node_id": "virtual_DC"}, {"product_id": "26034", "quantity": 1000, "fulfillment_node_id": "virtual_DC"}, {"product_id": "26039", "quantity": 1000, "fulfillment_node_id": "virtual_DC"}, {"product_id": "26038", "quantity": 1000, "fulfillment_node_id": "virtual_DC"}, {"product_id": "21175", "quantity": 1000, "fulfillment_node_id": "virtual_DC"}, {"product_id": "26040", "quantity": 1000, "fulfillment_node_id": "virtual_DC"}, {"product_id": "21172", "quantity": 1000, "fulfillment_node_id": "virtual_DC"}, {"product_id": "26027", "quantity": 1000, "fulfillment_node_id": "virtual_DC"}, {"product_id": "26035", "quantity": 1000, "fulfillment_node_id": "virtual_DC"}, {"product_id": "26029", "quantity": 1000, "fulfillment_node_id": "virtual_DC"}, {"product_id": "26041", "quantity": 1000, "fulfillment_node_id": "virtual_DC"}, {"product_id": "27044", "quantity": 1000, "fulfillment_node_id": "virtual_DC"}]}