{"head": {"pricebook": "default", "shop": "storefront-catalog-en", "currency": "USD"}, "items": [{"product_id": "26875", "value": 1.0}, {"product_id": "26876", "value": 1.0}, {"product_id": "26898", "value": 1.0}, {"product_id": "26899", "value": 1.0}, {"product_id": "26900", "value": 1.0}, {"product_id": "26901", "value": 1.0}, {"product_id": "27272", "value": 1.0}, {"product_id": "27273", "value": 1.0}, {"product_id": "27274", "value": 1.0}, {"product_id": "27275", "value": 1.0}, {"product_id": "27276", "value": 1.0}, {"product_id": "27277", "value": 1.0}, {"product_id": "27887", "value": 1.0}, {"product_id": "27888", "value": 1.0}, {"product_id": "27889", "value": 1.0}, {"product_id": "27890", "value": 1.0}, {"product_id": "27891", "value": 1.0}, {"product_id": "27892", "value": 1.0}, {"product_id": "27893", "value": 1.0}, {"product_id": "27895", "value": 1.0}, {"product_id": "27896", "value": 1.0}, {"product_id": "27897", "value": 1.0}, {"product_id": "27898", "value": 1.0}, {"product_id": "27899", "value": 1.0}, {"product_id": "27900", "value": 1.0}, {"product_id": "27901", "value": 1.0}, {"product_id": "27902", "value": 1.0}, {"product_id": "27903", "value": 1.0}, {"product_id": "27904", "value": 1.0}, {"product_id": "27905", "value": 1.0}, {"product_id": "27906", "value": 1.0}, {"product_id": "27907", "value": 1.0}, {"product_id": "27908", "value": 1.0}, {"product_id": "21833", "value": 1.0}, {"product_id": "20295", "value": 1.0}, {"product_id": "27000", "value": 1.0}, {"product_id": "14753", "value": 1.0}, {"product_id": "20668", "value": 1.0}, {"product_id": "19845", "value": 1.0}, {"product_id": "20293", "value": 1.0}, {"product_id": "17148", "value": 1.0}, {"product_id": "19928", "value": 1.0}, {"product_id": "22144", "value": 1.0}, {"product_id": "19927", "value": 1.0}, {"product_id": "26883", "value": 1.0}, {"product_id": "21837", "value": 1.0}, {"product_id": "26882", "value": 1.0}, {"product_id": "21894", "value": 1.0}, {"product_id": "22341", "value": 1.0}, {"product_id": "13894", "value": 1.0}, {"product_id": "22342", "value": 1.0}, {"product_id": "13899", "value": 1.0}, {"product_id": "13900", "value": 1.0}, {"product_id": "13895", "value": 1.0}, {"product_id": "13898", "value": 1.0}, {"product_id": "13896", "value": 1.0}, {"product_id": "22234", "value": 1.0}, {"product_id": "13901", "value": 1.0}, {"product_id": "13893", "value": 1.0}, {"product_id": "21895", "value": 1.0}, {"product_id": "21038", "value": 1.0}, {"product_id": "21896", "value": 1.0}, {"product_id": "22233", "value": 1.0}, {"product_id": "13897", "value": 1.0}, {"product_id": "22343", "value": 1.0}, {"product_id": "21039", "value": 1.0}, {"product_id": "13892", "value": 1.0}, {"product_id": "22235", "value": 1.0}, {"product_id": "21040", "value": 1.0}, {"product_id": "21905", "value": 1.0}, {"product_id": "22237", "value": 1.0}, {"product_id": "21906", "value": 1.0}, {"product_id": "21907", "value": 1.0}, {"product_id": "22238", "value": 1.0}, {"product_id": "21904", "value": 1.0}, {"product_id": "21899", "value": 1.0}, {"product_id": "13902", "value": 1.0}, {"product_id": "21903", "value": 1.0}, {"product_id": "21898", "value": 1.0}, {"product_id": "13904", "value": 1.0}, {"product_id": "21909", "value": 1.0}, {"product_id": "21901", "value": 1.0}, {"product_id": "21900", "value": 1.0}, {"product_id": "21897", "value": 1.0}, {"product_id": "21902", "value": 1.0}, {"product_id": "21908", "value": 1.0}, {"product_id": "13903", "value": 1.0}, {"product_id": "22236", "value": 1.0}, {"product_id": "21911", "value": 1.0}, {"product_id": "21918", "value": 1.0}, {"product_id": "21916", "value": 1.0}, {"product_id": "21912", "value": 1.0}, {"product_id": "21924", "value": 1.0}, {"product_id": "21922", "value": 1.0}, {"product_id": "21919", "value": 1.0}, {"product_id": "21917", "value": 1.0}, {"product_id": "13905", "value": 1.0}, {"product_id": "26999", "value": 1.0}, {"product_id": "21371", "value": 1.0}, {"product_id": "26893", "value": 1.0}, {"product_id": "27001", "value": 1.0}, {"product_id": "26056", "value": 1.0}, {"product_id": "25046", "value": 1.0}, {"product_id": "21370", "value": 1.0}, {"product_id": "26894", "value": 1.0}, {"product_id": "26055", "value": 1.0}, {"product_id": "26891", "value": 1.0}, {"product_id": "26885", "value": 1.0}, {"product_id": "26890", "value": 1.0}, {"product_id": "26884", "value": 1.0}, {"product_id": "22145", "value": 1.0}, {"product_id": "26892", "value": 1.0}, {"product_id": "26998", "value": 1.0}, {"product_id": "26889", "value": 1.0}, {"product_id": "25036", "value": 1.0}, {"product_id": "25047", "value": 1.0}, {"product_id": "21374", "value": 1.0}, {"product_id": "21588", "value": 1.0}, {"product_id": "22148", "value": 1.0}, {"product_id": "26877", "value": 1.0}, {"product_id": "21590", "value": 1.0}, {"product_id": "21373", "value": 1.0}, {"product_id": "26878", "value": 1.0}, {"product_id": "21377", "value": 1.0}, {"product_id": "21375", "value": 1.0}, {"product_id": "22167", "value": 1.0}, {"product_id": "21589", "value": 1.0}, {"product_id": "21372", "value": 1.0}, {"product_id": "25875", "value": 1.0}, {"product_id": "26879", "value": 1.0}, {"product_id": "22333", "value": 1.0}, {"product_id": "21594", "value": 1.0}, {"product_id": "21376", "value": 1.0}, {"product_id": "25876", "value": 1.0}, {"product_id": "22146", "value": 1.0}, {"product_id": "22147", "value": 1.0}, {"product_id": "27886", "value": 1.0}, {"product_id": "21380", "value": 1.0}, {"product_id": "21383", "value": 1.0}, {"product_id": "21378", "value": 1.0}, {"product_id": "24288", "value": 1.0}, {"product_id": "22154", "value": 1.0}, {"product_id": "26888", "value": 1.0}, {"product_id": "21379", "value": 1.0}, {"product_id": "21382", "value": 1.0}, {"product_id": "21381", "value": 1.0}, {"product_id": "21384", "value": 1.0}, {"product_id": "21057", "value": 1.0}, {"product_id": "21938", "value": 1.0}, {"product_id": "13911", "value": 1.0}, {"product_id": "21939", "value": 1.0}, {"product_id": "21941", "value": 1.0}, {"product_id": "14581", "value": 1.0}, {"product_id": "13916", "value": 1.0}, {"product_id": "14579", "value": 1.0}, {"product_id": "13917", "value": 1.0}, {"product_id": "21063", "value": 1.0}, {"product_id": "13915", "value": 1.0}, {"product_id": "13912", "value": 1.0}, {"product_id": "18233", "value": 1.0}, {"product_id": "14582", "value": 1.0}, {"product_id": "19593", "value": 1.0}, {"product_id": "21940", "value": 1.0}, {"product_id": "21943", "value": 1.0}, {"product_id": "13910", "value": 1.0}, {"product_id": "14580", "value": 1.0}, {"product_id": "13913", "value": 1.0}, {"product_id": "21942", "value": 1.0}, {"product_id": "14573", "value": 1.0}, {"product_id": "14576", "value": 1.0}, {"product_id": "14578", "value": 1.0}, {"product_id": "14572", "value": 1.0}, {"product_id": "14574", "value": 1.0}, {"product_id": "18398", "value": 1.0}, {"product_id": "21945", "value": 1.0}, {"product_id": "14587", "value": 1.0}, {"product_id": "14575", "value": 1.0}, {"product_id": "14584", "value": 1.0}, {"product_id": "21065", "value": 1.0}, {"product_id": "21066", "value": 1.0}, {"product_id": "21067", "value": 1.0}, {"product_id": "14577", "value": 1.0}, {"product_id": "14583", "value": 1.0}, {"product_id": "21064", "value": 1.0}, {"product_id": "14588", "value": 1.0}, {"product_id": "19709", "value": 1.0}, {"product_id": "21944", "value": 1.0}, {"product_id": "14585", "value": 1.0}, {"product_id": "21068", "value": 1.0}, {"product_id": "21952", "value": 1.0}, {"product_id": "21946", "value": 1.0}, {"product_id": "21949", "value": 1.0}, {"product_id": "21954", "value": 1.0}, {"product_id": "21073", "value": 1.0}, {"product_id": "21950", "value": 1.0}, {"product_id": "21071", "value": 1.0}, {"product_id": "21072", "value": 1.0}]}