{"head": {"pricebook": "default", "shop": "storefront-catalog-en", "currency": "USD"}, "items": [{"product_id": "20977", "value": 1.0}, {"product_id": "21841", "value": 1.0}, {"product_id": "21845", "value": 1.0}, {"product_id": "21842", "value": 1.0}, {"product_id": "21843", "value": 1.0}, {"product_id": "20976", "value": 1.0}, {"product_id": "21737", "value": 1.0}, {"product_id": "20978", "value": 1.0}, {"product_id": "21839", "value": 1.0}, {"product_id": "20974", "value": 1.0}, {"product_id": "20973", "value": 1.0}, {"product_id": "21844", "value": 1.0}, {"product_id": "20972", "value": 1.0}, {"product_id": "21840", "value": 1.0}, {"product_id": "21487", "value": 1.0}, {"product_id": "21478", "value": 1.0}, {"product_id": "21497", "value": 1.0}, {"product_id": "21489", "value": 1.0}, {"product_id": "21486", "value": 1.0}, {"product_id": "20979", "value": 1.0}, {"product_id": "21847", "value": 1.0}, {"product_id": "21849", "value": 1.0}, {"product_id": "26057", "value": 1.0}, {"product_id": "19783", "value": 1.0}, {"product_id": "21848", "value": 1.0}, {"product_id": "20988", "value": 1.0}, {"product_id": "20987", "value": 1.0}, {"product_id": "20986", "value": 1.0}, {"product_id": "20869", "value": 1.0}, {"product_id": "20981", "value": 1.0}, {"product_id": "20980", "value": 1.0}, {"product_id": "21732", "value": 1.0}, {"product_id": "21738", "value": 1.0}, {"product_id": "20985", "value": 1.0}, {"product_id": "26058", "value": 1.0}, {"product_id": "20982", "value": 1.0}, {"product_id": "20984", "value": 1.0}, {"product_id": "17020", "value": 1.0}, {"product_id": "21479", "value": 1.0}, {"product_id": "20992", "value": 1.0}, {"product_id": "21852", "value": 1.0}, {"product_id": "20995", "value": 1.0}, {"product_id": "20991", "value": 1.0}, {"product_id": "21855", "value": 1.0}, {"product_id": "21857", "value": 1.0}, {"product_id": "26060", "value": 1.0}, {"product_id": "21856", "value": 1.0}, {"product_id": "21854", "value": 1.0}, {"product_id": "20990", "value": 1.0}, {"product_id": "20993", "value": 1.0}, {"product_id": "22156", "value": 1.0}, {"product_id": "22153", "value": 1.0}, {"product_id": "22151", "value": 1.0}, {"product_id": "22339", "value": 1.0}, {"product_id": "21593", "value": 1.0}, {"product_id": "22152", "value": 1.0}, {"product_id": "22155", "value": 1.0}, {"product_id": "22168", "value": 1.0}, {"product_id": "21591", "value": 1.0}, {"product_id": "21592", "value": 1.0}, {"product_id": "21595", "value": 1.0}, {"product_id": "22161", "value": 1.0}, {"product_id": "21385", "value": 1.0}, {"product_id": "21393", "value": 1.0}, {"product_id": "22169", "value": 1.0}, {"product_id": "22157", "value": 1.0}, {"product_id": "21391", "value": 1.0}, {"product_id": "21388", "value": 1.0}, {"product_id": "21386", "value": 1.0}, {"product_id": "22162", "value": 1.0}, {"product_id": "22160", "value": 1.0}, {"product_id": "21392", "value": 1.0}, {"product_id": "21395", "value": 1.0}, {"product_id": "21598", "value": 1.0}, {"product_id": "21394", "value": 1.0}, {"product_id": "21390", "value": 1.0}, {"product_id": "21387", "value": 1.0}, {"product_id": "21597", "value": 1.0}, {"product_id": "21389", "value": 1.0}, {"product_id": "21397", "value": 1.0}, {"product_id": "19768", "value": 1.0}, {"product_id": "21596", "value": 1.0}, {"product_id": "22165", "value": 1.0}, {"product_id": "19782", "value": 1.0}, {"product_id": "21398", "value": 1.0}, {"product_id": "22135", "value": 1.0}, {"product_id": "25987", "value": 1.0}, {"product_id": "21396", "value": 1.0}, {"product_id": "22137", "value": 1.0}, {"product_id": "22134", "value": 1.0}, {"product_id": "22166", "value": 1.0}, {"product_id": "20971", "value": 1.0}, {"product_id": "22133", "value": 1.0}, {"product_id": "21399", "value": 1.0}, {"product_id": "22163", "value": 1.0}, {"product_id": "22136", "value": 1.0}, {"product_id": "22164", "value": 1.0}, {"product_id": "21838", "value": 1.0}, {"product_id": "13852", "value": 1.0}, {"product_id": "20975", "value": 1.0}, {"product_id": "26999", "value": 1.0}, {"product_id": "21371", "value": 1.0}, {"product_id": "26893", "value": 1.0}, {"product_id": "27001", "value": 1.0}, {"product_id": "26056", "value": 1.0}, {"product_id": "25046", "value": 1.0}, {"product_id": "21370", "value": 1.0}, {"product_id": "26894", "value": 1.0}, {"product_id": "26055", "value": 1.0}, {"product_id": "26891", "value": 1.0}, {"product_id": "26885", "value": 1.0}, {"product_id": "26890", "value": 1.0}, {"product_id": "26884", "value": 1.0}, {"product_id": "22145", "value": 1.0}, {"product_id": "26892", "value": 1.0}, {"product_id": "26998", "value": 1.0}, {"product_id": "26889", "value": 1.0}, {"product_id": "25036", "value": 1.0}, {"product_id": "25047", "value": 1.0}, {"product_id": "21374", "value": 1.0}, {"product_id": "21588", "value": 1.0}, {"product_id": "22148", "value": 1.0}, {"product_id": "26877", "value": 1.0}, {"product_id": "21590", "value": 1.0}, {"product_id": "21373", "value": 1.0}, {"product_id": "26878", "value": 1.0}, {"product_id": "21377", "value": 1.0}, {"product_id": "21375", "value": 1.0}, {"product_id": "22167", "value": 1.0}, {"product_id": "21589", "value": 1.0}, {"product_id": "21372", "value": 1.0}, {"product_id": "25875", "value": 1.0}, {"product_id": "26879", "value": 1.0}, {"product_id": "22333", "value": 1.0}, {"product_id": "21594", "value": 1.0}, {"product_id": "21376", "value": 1.0}, {"product_id": "25876", "value": 1.0}, {"product_id": "22146", "value": 1.0}, {"product_id": "22147", "value": 1.0}, {"product_id": "27886", "value": 1.0}, {"product_id": "21380", "value": 1.0}, {"product_id": "21383", "value": 1.0}, {"product_id": "21378", "value": 1.0}, {"product_id": "24288", "value": 1.0}, {"product_id": "22154", "value": 1.0}, {"product_id": "26888", "value": 1.0}, {"product_id": "21379", "value": 1.0}, {"product_id": "21382", "value": 1.0}, {"product_id": "21381", "value": 1.0}, {"product_id": "21384", "value": 1.0}, {"product_id": "21151", "value": 1.0}, {"product_id": "21155", "value": 1.0}, {"product_id": "21153", "value": 1.0}, {"product_id": "21150", "value": 1.0}, {"product_id": "21154", "value": 1.0}, {"product_id": "13873", "value": 1.0}, {"product_id": "16952", "value": 1.0}, {"product_id": "21147", "value": 1.0}, {"product_id": "21152", "value": 1.0}, {"product_id": "21148", "value": 1.0}, {"product_id": "21145", "value": 1.0}, {"product_id": "21149", "value": 1.0}, {"product_id": "21488", "value": 1.0}, {"product_id": "21481", "value": 1.0}, {"product_id": "18256", "value": 1.0}, {"product_id": "21475", "value": 1.0}, {"product_id": "21160", "value": 1.0}, {"product_id": "21162", "value": 1.0}, {"product_id": "21157", "value": 1.0}, {"product_id": "21166", "value": 1.0}, {"product_id": "21170", "value": 1.0}, {"product_id": "21168", "value": 1.0}, {"product_id": "21171", "value": 1.0}, {"product_id": "21169", "value": 1.0}, {"product_id": "21163", "value": 1.0}, {"product_id": "21156", "value": 1.0}, {"product_id": "25044", "value": 1.0}, {"product_id": "21161", "value": 1.0}, {"product_id": "21159", "value": 1.0}, {"product_id": "21158", "value": 1.0}, {"product_id": "21734", "value": 1.0}, {"product_id": "21164", "value": 1.0}, {"product_id": "21733", "value": 1.0}, {"product_id": "21165", "value": 1.0}, {"product_id": "21167", "value": 1.0}, {"product_id": "21480", "value": 1.0}, {"product_id": "26037", "value": 1.0}, {"product_id": "21174", "value": 1.0}, {"product_id": "21173", "value": 1.0}, {"product_id": "26034", "value": 1.0}, {"product_id": "26039", "value": 1.0}, {"product_id": "26038", "value": 1.0}, {"product_id": "21175", "value": 1.0}, {"product_id": "26040", "value": 1.0}, {"product_id": "21172", "value": 1.0}, {"product_id": "26027", "value": 1.0}, {"product_id": "26035", "value": 1.0}, {"product_id": "26029", "value": 1.0}, {"product_id": "26041", "value": 1.0}, {"product_id": "27044", "value": 1.0}]}