{"head": {"pricebook": "default", "shop": "storefront-catalog-en", "currency": "USD"}, "items": [{"product_id": "9409", "value": 1.0}, {"product_id": "12387", "value": 1.0}, {"product_id": "11897", "value": 1.0}, {"product_id": "11806", "value": 1.0}, {"product_id": "12836", "value": 1.0}, {"product_id": "11816", "value": 1.0}, {"product_id": "12072", "value": 1.0}, {"product_id": "12073", "value": 1.0}, {"product_id": "12340", "value": 1.0}, {"product_id": "15084", "value": 1.0}, {"product_id": "11645", "value": 1.0}, {"product_id": "11887", "value": 1.0}, {"product_id": "18457", "value": 1.0}, {"product_id": "17456", "value": 1.0}, {"product_id": "18442", "value": 1.0}, {"product_id": "18282", "value": 1.0}, {"product_id": "10365", "value": 1.0}, {"product_id": "12662", "value": 1.0}, {"product_id": "11940", "value": 1.0}, {"product_id": "12863", "value": 1.0}, {"product_id": "12663", "value": 1.0}, {"product_id": "17550", "value": 1.0}, {"product_id": "17549", "value": 1.0}, {"product_id": "17515", "value": 1.0}, {"product_id": "10688", "value": 1.0}, {"product_id": "9127", "value": 1.0}, {"product_id": "18317", "value": 1.0}, {"product_id": "18318", "value": 1.0}, {"product_id": "18316", "value": 1.0}, {"product_id": "18464", "value": 1.0}, {"product_id": "17512", "value": 1.0}, {"product_id": "17513", "value": 1.0}, {"product_id": "11835", "value": 1.0}, {"product_id": "12515", "value": 1.0}, {"product_id": "18305", "value": 1.0}, {"product_id": "18304", "value": 1.0}, {"product_id": "18303", "value": 1.0}, {"product_id": "9632", "value": 1.0}, {"product_id": "17523", "value": 1.0}, {"product_id": "12062", "value": 1.0}, {"product_id": "11812", "value": 1.0}, {"product_id": "12513", "value": 1.0}, {"product_id": "12779", "value": 1.0}, {"product_id": "11724", "value": 1.0}, {"product_id": "18450", "value": 1.0}, {"product_id": "18449", "value": 1.0}, {"product_id": "18448", "value": 1.0}, {"product_id": "17554", "value": 1.0}, {"product_id": "10085", "value": 1.0}, {"product_id": "12666", "value": 1.0}, {"product_id": "12100", "value": 1.0}, {"product_id": "11592", "value": 1.0}, {"product_id": "12010", "value": 1.0}, {"product_id": "10055", "value": 1.0}, {"product_id": "10208", "value": 1.0}, {"product_id": "11677", "value": 1.0}, {"product_id": "12471", "value": 1.0}, {"product_id": "11750", "value": 1.0}, {"product_id": "14025", "value": 1.0}, {"product_id": "14026", "value": 1.0}, {"product_id": "12356", "value": 1.0}, {"product_id": "14027", "value": 1.0}, {"product_id": "11634", "value": 1.0}, {"product_id": "11863", "value": 1.0}, {"product_id": "12077", "value": 1.0}, {"product_id": "11814", "value": 1.0}, {"product_id": "12362", "value": 1.0}, {"product_id": "12187", "value": 1.0}, {"product_id": "11598", "value": 1.0}, {"product_id": "14211", "value": 1.0}, {"product_id": "11746", "value": 1.0}, {"product_id": "14213", "value": 1.0}, {"product_id": "14210", "value": 1.0}, {"product_id": "15041", "value": 1.0}, {"product_id": "15040", "value": 1.0}, {"product_id": "12696", "value": 1.0}, {"product_id": "12420", "value": 1.0}, {"product_id": "14212", "value": 1.0}, {"product_id": "8969", "value": 1.0}, {"product_id": "10372", "value": 1.0}, {"product_id": "9830", "value": 1.0}, {"product_id": "10572", "value": 1.0}, {"product_id": "12368", "value": 1.0}, {"product_id": "17491", "value": 1.0}, {"product_id": "17488", "value": 1.0}, {"product_id": "17489", "value": 1.0}, {"product_id": "17490", "value": 1.0}, {"product_id": "12480", "value": 1.0}, {"product_id": "18297", "value": 1.0}, {"product_id": "18300", "value": 1.0}, {"product_id": "15045", "value": 1.0}, {"product_id": "15046", "value": 1.0}, {"product_id": "12433", "value": 1.0}, {"product_id": "15048", "value": 1.0}, {"product_id": "15051", "value": 1.0}, {"product_id": "15050", "value": 1.0}, {"product_id": "15049", "value": 1.0}, {"product_id": "17562", "value": 1.0}, {"product_id": "17561", "value": 1.0}, {"product_id": "17559", "value": 1.0}, {"product_id": "17560", "value": 1.0}, {"product_id": "12450", "value": 1.0}, {"product_id": "12418", "value": 1.0}, {"product_id": "12605", "value": 1.0}, {"product_id": "12609", "value": 1.0}, {"product_id": "15043", "value": 1.0}, {"product_id": "12275", "value": 1.0}, {"product_id": "12369", "value": 1.0}, {"product_id": "12237", "value": 1.0}, {"product_id": "12899", "value": 1.0}, {"product_id": "11770", "value": 1.0}, {"product_id": "11603", "value": 1.0}, {"product_id": "18307", "value": 1.0}, {"product_id": "18421", "value": 1.0}, {"product_id": "18306", "value": 1.0}, {"product_id": "18423", "value": 1.0}, {"product_id": "18424", "value": 1.0}, {"product_id": "11970", "value": 1.0}, {"product_id": "11844", "value": 1.0}, {"product_id": "18429", "value": 1.0}, {"product_id": "18430", "value": 1.0}, {"product_id": "18286", "value": 1.0}, {"product_id": "20603", "value": 1.0}, {"product_id": "20602", "value": 1.0}, {"product_id": "20601", "value": 1.0}, {"product_id": "17532", "value": 1.0}, {"product_id": "17530", "value": 1.0}, {"product_id": "17531", "value": 1.0}, {"product_id": "24297", "value": 1.0}, {"product_id": "24293", "value": 1.0}]}