{"head": {"pricebook": "default", "shop": "storefront-catalog-en", "currency": "USD"}, "items": [{"product_id": "10779", "value": 1.0}, {"product_id": "8851", "value": 1.0}, {"product_id": "9671", "value": 1.0}, {"product_id": "9333", "value": 1.0}, {"product_id": "20622", "value": 1.0}, {"product_id": "20623", "value": 1.0}, {"product_id": "21497", "value": 1.0}, {"product_id": "14407", "value": 1.0}, {"product_id": "14408", "value": 1.0}, {"product_id": "14409", "value": 1.0}, {"product_id": "14428", "value": 1.0}, {"product_id": "14429", "value": 1.0}, {"product_id": "14433", "value": 1.0}, {"product_id": "14434", "value": 1.0}, {"product_id": "14422", "value": 1.0}, {"product_id": "14423", "value": 1.0}, {"product_id": "14424", "value": 1.0}, {"product_id": "14425", "value": 1.0}, {"product_id": "14426", "value": 1.0}, {"product_id": "14436", "value": 1.0}, {"product_id": "14437", "value": 1.0}, {"product_id": "14401", "value": 1.0}, {"product_id": "14402", "value": 1.0}, {"product_id": "14403", "value": 1.0}, {"product_id": "14404", "value": 1.0}, {"product_id": "14405", "value": 1.0}, {"product_id": "14431", "value": 1.0}, {"product_id": "14432", "value": 1.0}, {"product_id": "14411", "value": 1.0}, {"product_id": "14412", "value": 1.0}, {"product_id": "14413", "value": 1.0}, {"product_id": "14414", "value": 1.0}, {"product_id": "14415", "value": 1.0}, {"product_id": "14417", "value": 1.0}, {"product_id": "14418", "value": 1.0}, {"product_id": "14419", "value": 1.0}, {"product_id": "22360", "value": 1.0}, {"product_id": "26057", "value": 1.0}, {"product_id": "26058", "value": 1.0}, {"product_id": "8414", "value": 1.0}, {"product_id": "8397", "value": 1.0}, {"product_id": "8364", "value": 1.0}, {"product_id": "20588", "value": 1.0}, {"product_id": "8052", "value": 1.0}, {"product_id": "8221", "value": 1.0}, {"product_id": "8010", "value": 1.0}, {"product_id": "18608", "value": 1.0}, {"product_id": "8223", "value": 1.0}, {"product_id": "8029", "value": 1.0}, {"product_id": "8016", "value": 1.0}, {"product_id": "18611", "value": 1.0}, {"product_id": "8280", "value": 1.0}, {"product_id": "7801", "value": 1.0}, {"product_id": "8208", "value": 1.0}, {"product_id": "14086", "value": 1.0}, {"product_id": "8279", "value": 1.0}, {"product_id": "18606", "value": 1.0}, {"product_id": "8204", "value": 1.0}, {"product_id": "14087", "value": 1.0}, {"product_id": "18607", "value": 1.0}, {"product_id": "7693", "value": 1.0}, {"product_id": "9494", "value": 1.0}, {"product_id": "9892", "value": 1.0}, {"product_id": "7572", "value": 1.0}, {"product_id": "20491", "value": 1.0}, {"product_id": "20489", "value": 1.0}, {"product_id": "20490", "value": 1.0}, {"product_id": "20492", "value": 1.0}, {"product_id": "14150", "value": 1.0}, {"product_id": "14151", "value": 1.0}, {"product_id": "14152", "value": 1.0}, {"product_id": "14153", "value": 1.0}, {"product_id": "14154", "value": 1.0}, {"product_id": "14155", "value": 1.0}, {"product_id": "14156", "value": 1.0}, {"product_id": "14157", "value": 1.0}, {"product_id": "14119", "value": 1.0}, {"product_id": "14120", "value": 1.0}, {"product_id": "14121", "value": 1.0}, {"product_id": "14122", "value": 1.0}, {"product_id": "14123", "value": 1.0}, {"product_id": "14124", "value": 1.0}, {"product_id": "14125", "value": 1.0}, {"product_id": "14126", "value": 1.0}, {"product_id": "14127", "value": 1.0}, {"product_id": "14129", "value": 1.0}, {"product_id": "14131", "value": 1.0}, {"product_id": "14132", "value": 1.0}, {"product_id": "14133", "value": 1.0}, {"product_id": "14134", "value": 1.0}, {"product_id": "14135", "value": 1.0}, {"product_id": "14136", "value": 1.0}, {"product_id": "14137", "value": 1.0}]}