{
    "head": {
        "locale": "en-US",
        "shop": "storefront-catalog-en",
        "is_master": true
    },
    "items": [
        {
            "brand": "Baby Shark",
            "is_searchable": true,
            "is_published": true,
            "show_in_listing": true,
            "product_id": "27952",
            "variant_group_id": "7113680388250",
            "external_identifiers": [
                {
                    "type": "sku",
                    "value": "27952"
                },
                {
                    "type": "shopify_inventory_item_id",
                    "value": "43264831848602"
                },
                {
                    "type": "upc",
                    "value": "771171613787"
                },
                {
                    "type": "isbn",
                    "value": "771171613787"
                },
                {
                    "type": "ean13",
                    "value": "771171613787"
                },
                {
                    "type": "upc_p1",
                    "value": "771171613787"
                }
            ],
            "title": "Baby Shark's Big Show Bath Squirters",
            "caption": "Baby Shark's Big Show Bath Squirters",
            "description": "Splish and splash with the Baby Shark\u2019s Big Show! Bath Squirts 4-Pack. This swim-sational bath time set features 4 popular characters from the Nickelodeon animated series: Baby Shark, William, Chucks, and Goldie. These colorful bath toys are perfectly sized for small hands and squirt and spray water for tub time fun! Bath squirts keep babies and little ones engaged and eager to take baths while encouraging imagination, sensory skills, and gross and fine motor skills. \nAGE: Ages 6 mo. - 5 years",
            "shipping_weight_unit": "lb",
            "shipping_weight_value": 0.4,
            "shipping_dimension_length": 0.0,
            "shipping_dimension_width": 0.0,
            "shipping_dimension_height": 0.0,
            "shipping_dimension_unit": "cm",
            "images": [
                {
                    "url": "https://cdn.shopify.com/s/files/1/0569/0041/9738/products/71v61uyVKyL._AC_SL1500.jpg?v=1635969603",
                    "is_main": true,
                    "alt_text": ""
                }
            ],
            "material": "",
            "google_category": "none",
            "categories": [
                {
                    "path": "Ages 0-2",
                    "is_main": true
                },
                {
                    "path": "Ages 3-5"
                },
                {
                    "path": "Feeding, Bath, & Potty Training"
                },
                {
                    "path": "All Products No Tickets No Celebrations No Ally Toy Vault"
                }
            ],
            "extended_attributes": [
                {
                    "name": "tags",
                    "value": "Online store"
                },
                {
                    "name": "product_created_at",
                    "value": "2021-10-26T23:31:29-04:00"
                },
                {
                    "name": "variant_created_at",
                    "value": "2021-10-26T23:31:29-04:00"
                },
                {
                    "name": "product_updated_at",
                    "value": "2021-12-20T01:44:03-05:00"
                },
                {
                    "name": "variant_updated_at",
                    "value": "2021-12-20T01:44:03-05:00"
                },
                {
                    "name": "product_handle",
                    "value": "baby-shark-bath-squirters-v2-refresh"
                },
                {
                    "name": "product_published_at",
                    "value": "2021-11-03T16:00:02-04:00"
                },
                {
                    "name": "product_published_scope",
                    "value": "web"
                },
                {
                    "name": "fulfillment_service",
                    "value": "manual"
                },
                {
                    "name": "inventory_item_id",
                    "value": "43264831848602"
                },
                {
                    "name": "inventory_management",
                    "value": "shopify"
                },
                {
                    "name": "inventory_policy",
                    "value": "deny"
                },
                {
                    "name": "shopify_variant_id",
                    "value": "41166788460698"
                },
                {
                    "name": "is_inventory",
                    "value": "True"
                }
            ],
            "keywords": [
                "Online store"
            ],
            "tax_class_id": "PH405370",
            "manufacturer": "",
            "variation_color_value": "",
            "variation_size_value": ""
        }
    ]
}
        