{
    "head": {
        "shop": "storefront-catalog-en",
        "shop_display_name": "Storefront Catalog US",
        "locale": "en-US",
        "is_master": true,
        "filterable_attributes": [
            {
                "name": "final_sale",
                "path": "$.extended_attributes[?(@.name == 'final_sale')].value"
            }
        ],
        "searchable_attributes": [
            {
                "name": "product_id",
                "path": "$.product_id",
                "weight": 10
            },
            {
                "name": "ean13",
                "path": "$.external_identifiers[?(@.type == 'ean13')].value",
                "weight": 5
            },
            {
                "name": "title",
                "path": "$.title",
                "weight": 10
            },
            {
                "name": "description",
                "path": "$.description",
                "weight": 9
            }
        ]
    },
    "items": {
        "brand": "Frank and Oak",
        "caption": "Personal Stylist Appointment",
        "categories": [
            {
                "is_main": false,
                "path": "All",
                "path_separator": " > "
            },
            {
                "is_main": false,
                "path": "All > PSA",
                "path_separator": " > "
            }
        ],
        "description": "Personal Stylist Appointment",
        "extended_attributes": [
            {
                "key": "final_sale",
                "value": "true"
            },
            {
                "key": "fulfillment_service",
                "value": "manual"
            },
            {
                "key": "inventory_item_id",
                "value": "43739640922268"
            },
            {
                "key": "inventory_management",
                "value": "SHOPIFY"
            },
            {
                "key": "inventory_policy",
                "value": "DENY"
            },
            {
                "key": "product_created_at",
                "value": "2022-04-26T21:33:31Z"
            },
            {
                "key": "product_handle",
                "value": "personal_stylist_appointment"
            },
            {
                "key": "product_published_at",
                "value": "2022-04-26T21:33:31Z"
            },
            {
                "key": "product_updated_at",
                "value": "2022-04-26T21:33:31Z"
            },
            {
                "key": "shopify_variant_id",
                "value": "41640366440604"
            },
            {
                "key": "variant_created_at",
                "value": "2022-04-26T21:33:31Z"
            },
            {
                "key": "variant_updated_at",
                "value": "2022-04-26T21:33:31Z"
            }
        ],
        "external_identifiers": [
            {
                "type": "sku",
                "value": "999999-999"
            },
            {
                "type": "shopify_inventory_item_id",
                "value": "43739640922268"
            },
            {
                "type": "upc",
                "value": "999999-999"
            },
            {
                "type": "isbn",
                "value": "999999-999"
            },
            {
                "type": "ean13",
                "value": "999999-999"
            }
        ],
        "images": [
            {
                "alt_text": "Personal Stylist Appointment",
                "url": "https://s3.amazonaws.com/frankandoak-s-0-newstore-dmz/default_1.jpg",
                "is_main": true
            }
        ],
        "product_id": "999999-999",
        "variant_group_id": "999999-999",
        "serialized_inventory": false,
        "show_in_listing": true,
        "shipping_weight": {
            "unit": "kg",
            "value": 0.0
        },
        "short_description": "Personal Stylist Appointment",
        "title": "Personal Stylist Appointment"
    }
}