{
    "head": {
      "shop": "storefront-catalog-en",
      "shop_display_name": "Storefront Catalog US",
      "locale": "en-US",
      "is_master": true,
      "filterable_attributes": [
        {
          "name": "final_sale",
          "path": "$.extended_attributes[?(@.name == 'final_sale')].value"
        }
      ],
      "searchable_attributes": [
        {
          "name": "product_id",
          "path": "$.product_id",
          "weight": 10
        },
        {
          "name": "ean13",
          "path": "$.external_identifiers[?(@.type == 'ean13')].value",
          "weight": 5
        },
        {
            "name": "title",
            "path": "$.title",
            "weight": 10
        },
        {
            "name": "description",
            "path": "$.description",
            "weight": 9
        }
      ]
    },
    "items": [
      {
        "product_id": "1000101",
        "variant_group_id": "variant_group_10001",
        "title": "Bohemian Print Cutout Chiffon Maxi Dress",
        "caption": "Our summer-ready chiffon dress features a bohemian print and beaded cut-outs for a textural twist to maxi styles. Full of creativity on every level, it offers delicate transparencies with a pleated hem for extra swish as you move through the summer heat.",
        "description": "Bohemian Print Chiffon Gathered Waist Silk Dress",
        "show_in_listing": true,
        "serialized_inventory": false,
        "tax_class_id": "standard",
        "categories": [
          {
            "path": "Promotion Eligible"
          },
          {
            "path": "Releases > SUMMER 1"
          },
          {
            "path": "Shop > Dresses",
            "position": 10,
            "is_main": true
          }
        ],
        "material": "LADIES' 100% SILK WOVEN DRESS",
        "country_of_origin": "CN",
        "product_hts_number": "6204.49.1000",
        "shipping_weight_value": 1,
        "shipping_weight_unit": "lb",
        "shipping_dimension_length": 5,
        "shipping_dimension_width": 5,
        "shipping_dimension_height": 5,
        "shipping_dimension_unit": "in",
        "variation_color_value": "Grace Sweater Beige",
        "variation_size_value": "4",
        "variation_size_gender": "unisex",
        "google_category": "none",
        "variation_size_type": "regular",
        "variation_size_system": "US",
        "external_identifiers": [
          {
            "type": "sku",
            "value": "3825952358"
          },
          {
            "type": "ean13",
            "value": "1000101000007"
          }
        ],
        "extended_attributes": [
          {
            "name": "care",
            "value": "1000101 This product doesn't need special caring instructions. Handwash at 50°F is sufficent enough."
          },
          {
            "name": "fit",
            "value": "1000101 Tight"
          }
        ]
      }
    ]
  }