{"head": {"pricebook": "default", "shop": "storefront-catalog-en", "currency": "USD"}, "items": [{"product_id": "14392", "value": 1.0}, {"product_id": "10695", "value": 1.0}, {"product_id": "14391", "value": 1.0}, {"product_id": "14520", "value": 1.0}, {"product_id": "14389", "value": 1.0}, {"product_id": "14390", "value": 1.0}, {"product_id": "8215", "value": 1.0}, {"product_id": "10393", "value": 1.0}, {"product_id": "14393", "value": 1.0}, {"product_id": "13762", "value": 1.0}, {"product_id": "16575", "value": 1.0}, {"product_id": "16581", "value": 1.0}, {"product_id": "16582", "value": 1.0}, {"product_id": "16589", "value": 1.0}, {"product_id": "16548", "value": 1.0}, {"product_id": "8220", "value": 1.0}, {"product_id": "23483", "value": 1.0}, {"product_id": "8069", "value": 1.0}, {"product_id": "14395", "value": 1.0}, {"product_id": "14396", "value": 1.0}, {"product_id": "14397", "value": 1.0}, {"product_id": "15280", "value": 1.0}, {"product_id": "8920", "value": 1.0}, {"product_id": "8018", "value": 1.0}, {"product_id": "8965", "value": 1.0}, {"product_id": "10820", "value": 1.0}, {"product_id": "8779", "value": 1.0}, {"product_id": "15271", "value": 1.0}, {"product_id": "16555", "value": 1.0}, {"product_id": "8085", "value": 1.0}, {"product_id": "16560", "value": 1.0}, {"product_id": "16567", "value": 1.0}, {"product_id": "16434", "value": 1.0}, {"product_id": "8318", "value": 1.0}, {"product_id": "7942", "value": 1.0}, {"product_id": "8317", "value": 1.0}, {"product_id": "8366", "value": 1.0}, {"product_id": "8432", "value": 1.0}, {"product_id": "8422", "value": 1.0}, {"product_id": "8433", "value": 1.0}, {"product_id": "8371", "value": 1.0}, {"product_id": "8390", "value": 1.0}, {"product_id": "8420", "value": 1.0}, {"product_id": "8365", "value": 1.0}, {"product_id": "8402", "value": 1.0}, {"product_id": "8331", "value": 1.0}, {"product_id": "16314", "value": 1.0}, {"product_id": "10481", "value": 1.0}, {"product_id": "20209", "value": 1.0}, {"product_id": "23896", "value": 1.0}]}