{"head": {"pricebook": "default", "shop": "storefront-catalog-en", "currency": "USD"}, "items": [{"product_id": "18762", "value": 1.0}, {"product_id": "18768", "value": 1.0}, {"product_id": "9556", "value": 1.0}, {"product_id": "9964", "value": 1.0}, {"product_id": "9625", "value": 1.0}, {"product_id": "10389", "value": 1.0}, {"product_id": "18766", "value": 1.0}, {"product_id": "18763", "value": 1.0}, {"product_id": "18765", "value": 1.0}, {"product_id": "18755", "value": 1.0}, {"product_id": "18767", "value": 1.0}, {"product_id": "18884", "value": 1.0}, {"product_id": "18875", "value": 1.0}, {"product_id": "18876", "value": 1.0}, {"product_id": "18877", "value": 1.0}, {"product_id": "18878", "value": 1.0}, {"product_id": "18879", "value": 1.0}, {"product_id": "18880", "value": 1.0}, {"product_id": "18881", "value": 1.0}, {"product_id": "18882", "value": 1.0}, {"product_id": "18883", "value": 1.0}, {"product_id": "18849", "value": 1.0}, {"product_id": "18850", "value": 1.0}, {"product_id": "18851", "value": 1.0}, {"product_id": "18852", "value": 1.0}, {"product_id": "18853", "value": 1.0}, {"product_id": "18854", "value": 1.0}, {"product_id": "18855", "value": 1.0}, {"product_id": "18856", "value": 1.0}, {"product_id": "18857", "value": 1.0}, {"product_id": "18858", "value": 1.0}, {"product_id": "18859", "value": 1.0}, {"product_id": "18860", "value": 1.0}, {"product_id": "18861", "value": 1.0}, {"product_id": "18862", "value": 1.0}, {"product_id": "18863", "value": 1.0}, {"product_id": "18864", "value": 1.0}, {"product_id": "18865", "value": 1.0}, {"product_id": "18866", "value": 1.0}, {"product_id": "18867", "value": 1.0}, {"product_id": "18868", "value": 1.0}, {"product_id": "18869", "value": 1.0}, {"product_id": "18870", "value": 1.0}, {"product_id": "18871", "value": 1.0}, {"product_id": "18872", "value": 1.0}, {"product_id": "18873", "value": 1.0}, {"product_id": "18874", "value": 1.0}, {"product_id": "17127", "value": 1.0}, {"product_id": "17125", "value": 1.0}, {"product_id": "17126", "value": 1.0}]}