{
    "head": {
        "locale": "en-US",
        "catalog": "storefront-catalog-en",
        "is_master": true
    },
    "items": [
        {
            "brand": "",
            "is_searchable": true,
            "is_published": true,
            "show_in_listing": true,
            "product_id": "EGC",
            "variant_group_id":"virtual_giftcard",
            "tax_class_id":"",
            "external_identifiers": [
                {
                    "type": "sku",
                    "value": "EGC"
                }
            ],
            "title": "Frank And Oak Electronic Gift Card",
            "caption": "virtual_giftcard",
            
            "categories": [
                {
                    "is_main": false,
                    "path": "All",
                    "path_separator": " > "
                },
                {
                    "is_main": true,
                    "path": "All > Gift Card",
                    "path_separator": " > "
                }
            ],
            "extended_attributes": [
                {
                    "name": "fulfillment_service",
                    "value": "manual"
                },
                {
                    "name": "handle",
                    "value": "newstore-gift-card"
                },
                {
                    "name": "inventory_policy",
                    "value": "deny"
                },
                {
                    "name": "pricebooks",
                    "value": "egc-25,egc-50,egc-75,egc-100,egc-150,egc-200,egc-250"
                },
                {
                    "name": "product_created_at",
                    "value": "2020-11-28T14:37:35-04:00"
                },
                {
                    "name": "product_updated_at",
                    "value": "2020-11-29T06:32:26-04:00"
                },
                {
                    "name": "published_at",
                    "value": "2020-11-28T14:35:49-04:00"
                },
                {
                    "name": "published_scope",
                    "value": "global"
                },
                {
                    "name": "variant_created_at",
                    "value": "2020-11-28T14:37:35-04:00"
                },
                {
                    "name": "variant_updated_at",
                    "value": "2020-11-29T06:32:26-04:00"
                }
            ],
            "images": [
                {
                    "aspect_ratio": 0.7497657,
                    "dominant_color": "#E6E6E9",
                    "height": 1067,
                    "tags": [
                        "newstore:main"
                    ],
                    "title": "Frank And Oak Electronic Gift Card",
                    "url": "https://res.cloudinary.com/db0zftggw/image/upload/v1631610747/p/frankandoak/a12e711c119e60fb70fe8d6741dbec6b.jpg",
                    "width": 800
                }
            ],
            "short_description": "virtual_giftcard",
            "keywords": [
                "gift-card"
            ],
            "shipping_weight": {
                "unit": "lb",
                "value": 0
            },
            "serialized_inventory": false
        }
    ]
}