{
    "head": {
        "store_mapping": [
            {
                "store_id": "3921",
                "fulfillment_node_id": "3921"
            },
            {
                "store_id": "7548",
                "fulfillment_node_id": "7548"
            },
            {
                "store_id": "3982",
                "fulfillment_node_id": "3982"
            },
            {
                "store_id": "3949",
                "fulfillment_node_id": "3949"
            },
            {
                "store_id": "3967",
                "fulfillment_node_id": "3967"
            },
            {
                "store_id": "2363",
                "fulfillment_node_id": "2363"
            },
            {
                "store_id": "2390",
                "fulfillment_node_id": "2390"
            },
            {
                "store_id": "8263",
                "fulfillment_node_id": "8263"
            },
            {
                "store_id": "3979",
                "fulfillment_node_id": "3979"
            },
            {
                "store_id": "8319",
                "fulfillment_node_id": "8319"
            },
            {
                "store_id": "3968",
                "fulfillment_node_id": "3968"
            },
            {
                "store_id": "3969",
                "fulfillment_node_id": "3969"
            }
        ],
        "mode": "atp"
    },
    "items": [
        {
            "product_id": "FTW6082",
            "quantity": 0,
            "fulfillment_node_id": "3921"
        },
        {
            "product_id": "FTW6082",
            "quantity": 0,
            "fulfillment_node_id": "7548"
        },
        {
            "product_id": "FTW6082",
            "quantity": 0,
            "fulfillment_node_id": "3982"
        },
        {
            "product_id": "FTW6082",
            "quantity": 0,
            "fulfillment_node_id": "3949"
        },
        {
            "product_id": "FTW6082",
            "quantity": 0,
            "fulfillment_node_id": "3967"
        },
        {
            "product_id": "FTW6082",
            "quantity": 0,
            "fulfillment_node_id": "2363"
        },
        {
            "product_id": "FTW6082",
            "quantity": 0,
            "fulfillment_node_id": "2390"
        },
        {
            "product_id": "FTW6082",
            "quantity": 0,
            "fulfillment_node_id": "8263"
        },
        {
            "product_id": "FTW6082",
            "quantity": 0,
            "fulfillment_node_id": "3979"
        },
        {
            "product_id": "FTW6082",
            "quantity": 0,
            "fulfillment_node_id": "8319"
        },
        {
            "product_id": "FTW6082",
            "quantity": 0,
            "fulfillment_node_id": "3968"
        },
        {
            "product_id": "FTW6082",
            "quantity": 0,
            "fulfillment_node_id": "3969"
        }
    ]
}