{
    "head": {
        "store_mapping": [
            {
                "store_id": "201382",
                "fulfillment_node_id": "201382"
            }
        ],
        "mode": "atp"
    },
    "items": [
        {
            "product_id": "7456",
            "quantity": 1000,
            "fulfillment_node_id": "201382"
        },
        {
            "product_id": "7447",
            "quantity": 1000,
            "fulfillment_node_id": "201382"
        },
        {
            "product_id": "7487",
            "quantity": 1000,
            "fulfillment_node_id": "201382"
        },
        {
            "product_id": "7493",
            "quantity": 1000,
            "fulfillment_node_id": "201382"
        }
    ]
}