{
    "head": {
        "shop": "storefront-catalog-en",
        "locale": "en-US",
        "is_master": true,
        "searchable_attributes": [
            {
                "name": "product_id",
                "path": "$.product_id",
                "weight": 10
            },
            {
                "name": "ax_item_number",
                "path": "$.external_identifiers[?(@.type == 'ax_item_number')].value",
                "weight": 5
            }
        ]
    },
    "items": [
        {
            "is_searchable": true,
            "is_published": true,
            "show_in_listing": true,
            "product_id": "193586015565",
            "variant_group_id": "20266188",
            "external_identifiers": [
                {
                    "type": "sku",
                    "value": "20266188-sdt-014245479"
                },
                {
                    "type": "upc",
                    "value": "193586015565"
                },
                {
                    "type": "ax_item_number",
                    "value": "20266188"
                }
            ],
            "title": "The Shinola Runabout  36mm",
            "caption": "It's well, about time. We refined the silhouette of our iconic Runwell watch by tapering the lug, simplifying the dial, and adding the tiniest pop of red\u2014resulting in all new design just for her, The Runabout.&nbsp;\r\n&nbsp;&nbsp;\r\nThis 36mm timepiece was built to be an effortless accessory that captures the essence of Runwell, but elevates its features with an approachable, everyday utility.&nbsp;\r\n&nbsp;&nbsp;\r\nFrom its light silver dial with an opaline finish, to its distinctive leather strap with contrast stitching\u2014every detail was designed to move with you through the decades.&nbsp;",
            "description": "It's well, about time. We refined the silhouette of our iconic Runwell watch by tapering the lug, simplifying the dial, and adding the tiniest pop of red\u2014resulting in all new design just for her, The Runabout.&nbsp;\r\n&nbsp;&nbsp;\r\nThis 36mm timepiece was built to be an effortless accessory that captures the essence of Runwell, but elevates its features with an approachable, everyday utility.&nbsp;\r\n&nbsp;&nbsp;\r\nFrom its light silver dial with an opaline finish, to its distinctive leather strap with contrast stitching\u2014every detail was designed to move with you through the decades.&nbsp;",
            "shipping_weight_unit": "lb",
            "shipping_weight_value": 1,
            "shipping_dimension_length": 0,
            "shipping_dimension_width": 0,
            "shipping_dimension_height": 0,
            "shipping_dimension_unit": "in",
            "images": [
                {
                    "url": "http:\/\/shinola-m2.imgix.net\/images\/Products\/20266188-sdt-014245479\/S0120266188_F2_MAIN_01.png",
                    "title": "",
                    "is_main": true,
                    "alt_text": ""
                },
                {
                    "url": "http:\/\/shinola-m2.imgix.net\/images\/Products\/20266188-sdt-014245479\/S0120266188_H2_ALT_01.png",
                    "title": "",
                    "is_main": false,
                    "alt_text": ""
                },
                {
                    "url": "http:\/\/shinola-m2.imgix.net\/images\/Products\/20266188-sdt-014245479\/S0120266188_CP2__ALT_02.png",
                    "title": "",
                    "is_main": false,
                    "alt_text": ""
                },
                {
                    "url": "http:\/\/shinola-m2.imgix.net\/images\/Products\/20266188-sdt-014245479\/S0120266188_S2_ALT_03.png",
                    "title": "",
                    "is_main": false,
                    "alt_text": ""
                },
                {
                    "url": "http:\/\/shinola-m2.imgix.net\/images\/Products\/20266188-sdt-014245479\/S0120266188_CB2_ALT_04.png",
                    "title": "",
                    "is_main": false,
                    "alt_text": ""
                },
                {
                    "url": "http:\/\/shinola-m2.imgix.net\/images\/Products\/20266188-sdt-014245479\/S0120266188_B2_ALT_05.png",
                    "title": "",
                    "is_main": false,
                    "alt_text": ""
                },
                {
                    "url": "http:\/\/shinola-m2.imgix.net\/images\/Products\/20266188-sdt-014245479\/S0120266188_LIFESTYLE__01.jpg",
                    "title": "",
                    "is_main": false,
                    "alt_text": ""
                }
            ],
            "material": "",
            "google_category": "none",
            "categories": [
                {
                    "path": "Watches",
                    "is_main": true
                }
            ],
            "extended_attributes": [
                {
                    "name": "product_created_at",
                    "value": "2023-03-27 20:06:08"
                },
                {
                    "name": "product_updated_at",
                    "value": "2023-06-08 17:55:42"
                },
                {
                    "name": "ax_item_number",
                    "value": "20266188"
                },
                {
                    "name": "engravable",
                    "value": "true"
                },
                {
                    "name": "gift_wrapping_available",
                    "value": "Yes"
                }
            ],
            "keywords": [],
            "tax_class_id": "PC040210"
        }
    ]
}