{"head": {"pricebook": "default", "shop": "storefront-catalog-en", "currency": "USD"}, "items": [{"product_id": "21371", "value": 1.0}, {"product_id": "26893", "value": 1.0}, {"product_id": "27001", "value": 1.0}, {"product_id": "26056", "value": 1.0}, {"product_id": "25046", "value": 1.0}, {"product_id": "21370", "value": 1.0}, {"product_id": "26894", "value": 1.0}, {"product_id": "26055", "value": 1.0}, {"product_id": "26891", "value": 1.0}, {"product_id": "26885", "value": 1.0}, {"product_id": "26890", "value": 1.0}, {"product_id": "26884", "value": 1.0}, {"product_id": "22145", "value": 1.0}, {"product_id": "26892", "value": 1.0}, {"product_id": "26998", "value": 1.0}, {"product_id": "26889", "value": 1.0}, {"product_id": "25036", "value": 1.0}, {"product_id": "25047", "value": 1.0}, {"product_id": "21374", "value": 1.0}, {"product_id": "21588", "value": 1.0}, {"product_id": "22148", "value": 1.0}, {"product_id": "26877", "value": 1.0}, {"product_id": "21590", "value": 1.0}, {"product_id": "21373", "value": 1.0}, {"product_id": "26878", "value": 1.0}, {"product_id": "21377", "value": 1.0}, {"product_id": "21375", "value": 1.0}, {"product_id": "22167", "value": 1.0}, {"product_id": "21589", "value": 1.0}, {"product_id": "21372", "value": 1.0}, {"product_id": "25875", "value": 1.0}, {"product_id": "26879", "value": 1.0}, {"product_id": "22333", "value": 1.0}, {"product_id": "21594", "value": 1.0}, {"product_id": "21376", "value": 1.0}, {"product_id": "25876", "value": 1.0}, {"product_id": "22146", "value": 1.0}, {"product_id": "22147", "value": 1.0}, {"product_id": "27886", "value": 1.0}, {"product_id": "21380", "value": 1.0}, {"product_id": "21383", "value": 1.0}, {"product_id": "21378", "value": 1.0}, {"product_id": "24288", "value": 1.0}, {"product_id": "22154", "value": 1.0}, {"product_id": "26888", "value": 1.0}, {"product_id": "21379", "value": 1.0}, {"product_id": "21382", "value": 1.0}, {"product_id": "21381", "value": 1.0}, {"product_id": "21384", "value": 1.0}, {"product_id": "22156", "value": 1.0}]}