{"head": {"pricebook": "default", "shop": "storefront-catalog-en", "currency": "USD"}, "items": [{"product_id": "17092", "value": 1.0}, {"product_id": "17117", "value": 1.0}, {"product_id": "17097", "value": 1.0}, {"product_id": "17088", "value": 1.0}, {"product_id": "17091", "value": 1.0}, {"product_id": "17099", "value": 1.0}, {"product_id": "17096", "value": 1.0}, {"product_id": "20113", "value": 1.0}, {"product_id": "8644", "value": 1.0}, {"product_id": "8599", "value": 1.0}, {"product_id": "8631", "value": 1.0}, {"product_id": "8628", "value": 1.0}, {"product_id": "9584", "value": 1.0}, {"product_id": "10648", "value": 1.0}, {"product_id": "10157", "value": 1.0}, {"product_id": "10848", "value": 1.0}, {"product_id": "10851", "value": 1.0}, {"product_id": "15274", "value": 1.0}, {"product_id": "25785", "value": 1.0}, {"product_id": "9976", "value": 1.0}, {"product_id": "16087", "value": 1.0}, {"product_id": "8109", "value": 1.0}, {"product_id": "8163", "value": 1.0}, {"product_id": "7890", "value": 1.0}, {"product_id": "8267", "value": 1.0}, {"product_id": "16951", "value": 1.0}, {"product_id": "20471", "value": 1.0}, {"product_id": "7746", "value": 1.0}, {"product_id": "8004", "value": 1.0}, {"product_id": "8404", "value": 1.0}, {"product_id": "7771", "value": 1.0}, {"product_id": "7711", "value": 1.0}, {"product_id": "25878", "value": 1.0}, {"product_id": "25879", "value": 1.0}, {"product_id": "16513", "value": 1.0}, {"product_id": "16514", "value": 1.0}, {"product_id": "16512", "value": 1.0}, {"product_id": "16510", "value": 1.0}, {"product_id": "16511", "value": 1.0}, {"product_id": "20449", "value": 1.0}, {"product_id": "20050", "value": 1.0}, {"product_id": "20075", "value": 1.0}, {"product_id": "20051", "value": 1.0}, {"product_id": "20062", "value": 1.0}, {"product_id": "20060", "value": 1.0}, {"product_id": "20066", "value": 1.0}, {"product_id": "20085", "value": 1.0}, {"product_id": "20061", "value": 1.0}, {"product_id": "20084", "value": 1.0}, {"product_id": "20065", "value": 1.0}]}