{"head": {"store_mapping": {"store_id": "7c9f2605-9fb3-5444-8fee-47fe51608efe", "fulfillment_node_id": "US01"}, "mode": "atp"}, "items": [{"product_id": "A0E2000000021S1955", "quantity": 100, "fulfillment_node_id": "US01"}, {"product_id": "A0E2000000021S1956", "quantity": 100, "fulfillment_node_id": "US01"}, {"product_id": "A0E2000000021S13713", "quantity": 100, "fulfillment_node_id": "US01"}, {"product_id": "A0E2000000021S13714", "quantity": 100, "fulfillment_node_id": "US01"}, {"product_id": "A0E2000000021S13715", "quantity": 100, "fulfillment_node_id": "US01"}, {"product_id": "A0E2000000021S2", "quantity": 100, "fulfillment_node_id": "US01"}, {"product_id": "A0E2000000021S3091", "quantity": 100, "fulfillment_node_id": "US01"}, {"product_id": "A0E2000000021S2220", "quantity": 100, "fulfillment_node_id": "US01"}, {"product_id": "A0E2000000021S54", "quantity": 100, "fulfillment_node_id": "US01"}, {"product_id": "A0E2000000021S649", "quantity": 100, "fulfillment_node_id": "US01"}, {"product_id": "A0E2000000021S2005", "quantity": 100, "fulfillment_node_id": "US01"}, {"product_id": "A0E2000000021S2006", "quantity": 100, "fulfillment_node_id": "US01"}, {"product_id": "A0E2000000021S1932", "quantity": 100, "fulfillment_node_id": "US01"}, {"product_id": "A0E2000000021S13204", "quantity": 100, "fulfillment_node_id": "US01"}, {"product_id": "A0E2000000021S2385", "quantity": 100, "fulfillment_node_id": "US01"}, {"product_id": "A0E2000000021S15138", "quantity": 100, "fulfillment_node_id": "US01"}, {"product_id": "A0E2000000021S15139", "quantity": 100, "fulfillment_node_id": "US01"}, {"product_id": "A0E2000000021S605", "quantity": 100, "fulfillment_node_id": "US01"}, {"product_id": "A0E2000000021S2476", "quantity": 100, "fulfillment_node_id": "US01"}, {"product_id": "A0E2000000021S2477", "quantity": 100, "fulfillment_node_id": "US01"}, {"product_id": "A0E2000000021S1892", "quantity": 100, "fulfillment_node_id": "US01"}, {"product_id": "A0E2000000021S13760", "quantity": 100, "fulfillment_node_id": "US01"}, {"product_id": "A0E2000000021S2036", "quantity": 100, "fulfillment_node_id": "US01"}, {"product_id": "A0E2000000021S2404", "quantity": 100, "fulfillment_node_id": "US01"}, {"product_id": "A0E2000000021S13301", "quantity": 100, "fulfillment_node_id": "US01"}, {"product_id": "A0E2000000021S1957", "quantity": 100, "fulfillment_node_id": "US01"}, {"product_id": "A0E2000000021S1958", "quantity": 100, "fulfillment_node_id": "US01"}, {"product_id": "A0E2000000021S13284", "quantity": 100, "fulfillment_node_id": "US01"}, {"product_id": "A0E2000000021S1933", "quantity": 100, "fulfillment_node_id": "US01"}, {"product_id": "A0E2000000021S2318", "quantity": 100, "fulfillment_node_id": "US01"}, {"product_id": "A0E2000000021S13237", "quantity": 100, "fulfillment_node_id": "US01"}, {"product_id": "A0E2000000021S1897", "quantity": 100, "fulfillment_node_id": "US01"}, {"product_id": "A0E2000000021S1898", "quantity": 100, "fulfillment_node_id": "US01"}, {"product_id": "A0E2000000021S13601", "quantity": 100, "fulfillment_node_id": "US01"}, {"product_id": "A0E2000000021S13602", "quantity": 100, "fulfillment_node_id": "US01"}, {"product_id": "A0E2000000021S13235", "quantity": 100, "fulfillment_node_id": "US01"}, {"product_id": "A0E2000000021S13598", "quantity": 100, "fulfillment_node_id": "US01"}, {"product_id": "A0E2000000021S13599", "quantity": 100, "fulfillment_node_id": "US01"}, {"product_id": "A0E2000000021S13600", "quantity": 100, "fulfillment_node_id": "US01"}, {"product_id": "A0E2000000021S40", "quantity": 100, "fulfillment_node_id": "US01"}, {"product_id": "A0E2000000021S26029", "quantity": 100, "fulfillment_node_id": "US01"}, {"product_id": "A0E2000000021S26030", "quantity": 100, "fulfillment_node_id": "US01"}, {"product_id": "A0E2000000021S1296", "quantity": 100, "fulfillment_node_id": "US01"}, {"product_id": "A0E2000000021S14639", "quantity": 100, "fulfillment_node_id": "US01"}, {"product_id": "A0E2000000021S1934", "quantity": 100, "fulfillment_node_id": "US01"}, {"product_id": "A0E2000000021S2317", "quantity": 100, "fulfillment_node_id": "US01"}, {"product_id": "A0E2000000021S2459", "quantity": 100, "fulfillment_node_id": "US01"}, {"product_id": "A0E2000000021S12888", "quantity": 100, "fulfillment_node_id": "US01"}, {"product_id": "A0E2000000021S15332", "quantity": 100, "fulfillment_node_id": "US01"}, {"product_id": "A0E2000000021S15333", "quantity": 100, "fulfillment_node_id": "US01"}, {"product_id": "A0E2000000021S53", "quantity": 100, "fulfillment_node_id": "US01"}, {"product_id": "A0E2000000021S14485", "quantity": 100, "fulfillment_node_id": "US01"}, {"product_id": "A0E2000000021S14486", "quantity": 100, "fulfillment_node_id": "US01"}, {"product_id": "A0E2000000021S14487", "quantity": 100, "fulfillment_node_id": "US01"}, {"product_id": "A0E2000000021S14488", "quantity": 100, "fulfillment_node_id": "US01"}, {"product_id": "A0E2000000021S12935", "quantity": 100, "fulfillment_node_id": "US01"}, {"product_id": "A0E2000000021S163", "quantity": 100, "fulfillment_node_id": "US01"}, {"product_id": "A0E2000000021S39", "quantity": 100, "fulfillment_node_id": "US01"}, {"product_id": "A0E2000000021S12739", "quantity": 100, "fulfillment_node_id": "US01"}, {"product_id": "A0E2000000021S1935", "quantity": 100, "fulfillment_node_id": "US01"}, {"product_id": "A0E2000000021S1936", "quantity": 100, "fulfillment_node_id": "US01"}, {"product_id": "A0E2000000021S1937", "quantity": 100, "fulfillment_node_id": "US01"}, {"product_id": "A0E2000000021S1938", "quantity": 100, "fulfillment_node_id": "US01"}, {"product_id": "A0E2000000021S3161", "quantity": 100, "fulfillment_node_id": "US01"}, {"product_id": "A0E2000000021S3162", "quantity": 100, "fulfillment_node_id": "US01"}, {"product_id": "NS_CT_DEMO", "quantity": 100, "fulfillment_node_id": "US01"}, {"product_id": "A0E2000000021S1900", "quantity": 100, "fulfillment_node_id": "US01"}, {"product_id": "A0E2000000021S1959", "quantity": 100, "fulfillment_node_id": "US01"}, {"product_id": "A0E2000000021S1960", "quantity": 100, "fulfillment_node_id": "US01"}, {"product_id": "A0E2000000021S1862", "quantity": 100, "fulfillment_node_id": "US01"}, {"product_id": "A0E2000000021S13103", "quantity": 100, "fulfillment_node_id": "US01"}, {"product_id": "A0E2000000021S362", "quantity": 100, "fulfillment_node_id": "US01"}, {"product_id": "A0E2000000021S1877", "quantity": 100, "fulfillment_node_id": "US01"}, {"product_id": "A0E2000000021S13240", "quantity": 100, "fulfillment_node_id": "US01"}, {"product_id": "A0E2000000021S120", "quantity": 100, "fulfillment_node_id": "US01"}, {"product_id": "A0E2000000021S14634", "quantity": 100, "fulfillment_node_id": "US01"}, {"product_id": "A0E2000000021S26095", "quantity": 100, "fulfillment_node_id": "US01"}, {"product_id": "A0E2000000021S26096", "quantity": 100, "fulfillment_node_id": "US01"}, {"product_id": "A0E2000000021S26097", "quantity": 100, "fulfillment_node_id": "US01"}, {"product_id": "A0E2000000021S26098", "quantity": 100, "fulfillment_node_id": "US01"}, {"product_id": "A0E2000000021S1908", "quantity": 100, "fulfillment_node_id": "US01"}, {"product_id": "A0E2000000021S13638", "quantity": 100, "fulfillment_node_id": "US01"}, {"product_id": "A0E2000000021S13639", "quantity": 100, "fulfillment_node_id": "US01"}, {"product_id": "A0E2000000021S13640", "quantity": 100, "fulfillment_node_id": "US01"}, {"product_id": "A0E2000000021S13641", "quantity": 100, "fulfillment_node_id": "US01"}, {"product_id": "A0E2000000021S13642", "quantity": 100, "fulfillment_node_id": "US01"}, {"product_id": "A0E2000000021S13643", "quantity": 100, "fulfillment_node_id": "US01"}, {"product_id": "A0E2000000021S13644", "quantity": 100, "fulfillment_node_id": "US01"}, {"product_id": "A0E2000000021S13645", "quantity": 100, "fulfillment_node_id": "US01"}, {"product_id": "A0E2000000021S13646", "quantity": 100, "fulfillment_node_id": "US01"}, {"product_id": "A0E2000000021S13647", "quantity": 100, "fulfillment_node_id": "US01"}, {"product_id": "A0E2000000021S13648", "quantity": 100, "fulfillment_node_id": "US01"}, {"product_id": "A0E2000000021S13649", "quantity": 100, "fulfillment_node_id": "US01"}, {"product_id": "A0E2000000021S13831", "quantity": 100, "fulfillment_node_id": "US01"}, {"product_id": "A0E2000000021S13832", "quantity": 100, "fulfillment_node_id": "US01"}, {"product_id": "A0E2000000021S13833", "quantity": 100, "fulfillment_node_id": "US01"}, {"product_id": "A0E2000000021S13141", "quantity": 100, "fulfillment_node_id": "US01"}, {"product_id": "A0E2000000021S13142", "quantity": 100, "fulfillment_node_id": "US01"}, {"product_id": "A0E2000000021S2009", "quantity": 100, "fulfillment_node_id": "US01"}, {"product_id": "A0E2000000021S2011", "quantity": 100, "fulfillment_node_id": "US01"}, {"product_id": "A0E2000000021S2012", "quantity": 100, "fulfillment_node_id": "US01"}, {"product_id": "A0E2000000021S2013", "quantity": 100, "fulfillment_node_id": "US01"}, {"product_id": "A0E2000000021S2014", "quantity": 100, "fulfillment_node_id": "US01"}, {"product_id": "A0E2000000021S2015", "quantity": 100, "fulfillment_node_id": "US01"}, {"product_id": "A0E2000000021S2016", "quantity": 100, "fulfillment_node_id": "US01"}, {"product_id": "A0E2000000021S2017", "quantity": 100, "fulfillment_node_id": "US01"}, {"product_id": "A0E2000000021S2018", "quantity": 100, "fulfillment_node_id": "US01"}, {"product_id": "A0E2000000021S2019", "quantity": 100, "fulfillment_node_id": "US01"}, {"product_id": "A0E2000000021S2020", "quantity": 100, "fulfillment_node_id": "US01"}, {"product_id": "A0E2000000021S648", "quantity": 100, "fulfillment_node_id": "US01"}, {"product_id": "A0E2000000021S1907", "quantity": 100, "fulfillment_node_id": "US01"}, {"product_id": "A0E2000000021S549", "quantity": 100, "fulfillment_node_id": "US01"}, {"product_id": "A0E2000000021S3", "quantity": 100, "fulfillment_node_id": "US01"}, {"product_id": "A0E2000000021S13243", "quantity": 100, "fulfillment_node_id": "US01"}, {"product_id": "A0E2000000021S1899", "quantity": 100, "fulfillment_node_id": "US01"}, {"product_id": "A0E2000000021S14372", "quantity": 100, "fulfillment_node_id": "US01"}, {"product_id": "A0E2000000021S1443", "quantity": 100, "fulfillment_node_id": "US01"}, {"product_id": "A0E2000000021S1990", "quantity": 100, "fulfillment_node_id": "US01"}, {"product_id": "A0E2000000021S1991", "quantity": 100, "fulfillment_node_id": "US01"}, {"product_id": "A0E2000000021S15455", "quantity": 100, "fulfillment_node_id": "US01"}, {"product_id": "A0E2000000021S1", "quantity": 100, "fulfillment_node_id": "US01"}, {"product_id": "A0E2000000021S13356", "quantity": 100, "fulfillment_node_id": "US01"}, {"product_id": "A0E2000000021S12666", "quantity": 100, "fulfillment_node_id": "US01"}, {"product_id": "A0E2000000021S12667", "quantity": 100, "fulfillment_node_id": "US01"}, {"product_id": "A0E2000000021S12668", "quantity": 100, "fulfillment_node_id": "US01"}, {"product_id": "A0E2000000021S12669", "quantity": 100, "fulfillment_node_id": "US01"}, {"product_id": "A0E2000000021S3283", "quantity": 100, "fulfillment_node_id": "US01"}, {"product_id": "A0E2000000021S1891", "quantity": 100, "fulfillment_node_id": "US01"}, {"product_id": "A0E2000000021S1863", "quantity": 100, "fulfillment_node_id": "US01"}, {"product_id": "A0E2000000021S13420", "quantity": 100, "fulfillment_node_id": "US01"}, {"product_id": "A0E2000000021S2004", "quantity": 100, "fulfillment_node_id": "US01"}, {"product_id": "A0E2000000021S1876", "quantity": 100, "fulfillment_node_id": "US01"}, {"product_id": "A0E2000000021S1321", "quantity": 100, "fulfillment_node_id": "US01"}, {"product_id": "A0E2000000021S1322", "quantity": 100, "fulfillment_node_id": "US01"}, {"product_id": "A0E2000000021S1975", "quantity": 100, "fulfillment_node_id": "US01"}, {"product_id": "A0E2000000021S13862", "quantity": 100, "fulfillment_node_id": "US01"}, {"product_id": "A0E2000000021S13863", "quantity": 100, "fulfillment_node_id": "US01"}, {"product_id": "A0E2000000021S2968", "quantity": 100, "fulfillment_node_id": "US01"}, {"product_id": "A0E2000000021S2969", "quantity": 100, "fulfillment_node_id": "US01"}, {"product_id": "A0E2000000021S2240", "quantity": 100, "fulfillment_node_id": "US01"}, {"product_id": "A0E2000000021S2241", "quantity": 100, "fulfillment_node_id": "US01"}, {"product_id": "A0E2000000021S66", "quantity": 100, "fulfillment_node_id": "US01"}, {"product_id": "A0E2000000021S1905", "quantity": 100, "fulfillment_node_id": "US01"}, {"product_id": "A0E2000000021S13239", "quantity": 100, "fulfillment_node_id": "US01"}, {"product_id": "A0E2000000021S14318", "quantity": 100, "fulfillment_node_id": "US01"}, {"product_id": "A0E2000000021S1949", "quantity": 100, "fulfillment_node_id": "US01"}, {"product_id": "A0E2000000021S1950", "quantity": 100, "fulfillment_node_id": "US01"}, {"product_id": "A0E2000000021S119", "quantity": 100, "fulfillment_node_id": "US01"}, {"product_id": "A0E2000000021S2008", "quantity": 100, "fulfillment_node_id": "US01"}, {"product_id": "A0E2000000021S13864", "quantity": 100, "fulfillment_node_id": "US01"}, {"product_id": "A0E2000000021S13238", "quantity": 100, "fulfillment_node_id": "US01"}, {"product_id": "A0E2000000021S2580", "quantity": 100, "fulfillment_node_id": "US01"}, {"product_id": "A0E2000000021S2581", "quantity": 100, "fulfillment_node_id": "US01"}, {"product_id": "A0E2000000021S12600", "quantity": 100, "fulfillment_node_id": "US01"}, {"product_id": "A0E2000000021S12601", "quantity": 100, "fulfillment_node_id": "US01"}, {"product_id": "A0E2000000021S1878", "quantity": 100, "fulfillment_node_id": "US01"}, {"product_id": "A0E2000000021S13801", "quantity": 100, "fulfillment_node_id": "US01"}, {"product_id": "A0E2000000021S13802", "quantity": 100, "fulfillment_node_id": "US01"}, {"product_id": "A0E2000000021S13803", "quantity": 100, "fulfillment_node_id": "US01"}, {"product_id": "A0E2000000021S570", "quantity": 100, "fulfillment_node_id": "US01"}, {"product_id": "A0E2000000021S571", "quantity": 100, "fulfillment_node_id": "US01"}, {"product_id": "A0E2000000021S1861", "quantity": 100, "fulfillment_node_id": "US01"}, {"product_id": "A0E2000000021S13242", "quantity": 100, "fulfillment_node_id": "US01"}, {"product_id": "A0E2000000021S1922", "quantity": 100, "fulfillment_node_id": "US01"}, {"product_id": "A0E2000000021S1923", "quantity": 100, "fulfillment_node_id": "US01"}, {"product_id": "A0E2000000021S1924", "quantity": 100, "fulfillment_node_id": "US01"}, {"product_id": "A0E2000000021S1925", "quantity": 100, "fulfillment_node_id": "US01"}, {"product_id": "A0E2000000021S1926", "quantity": 100, "fulfillment_node_id": "US01"}, {"product_id": "A0E2000000021S1927", "quantity": 100, "fulfillment_node_id": "US01"}, {"product_id": "A0E2000000021S1928", "quantity": 100, "fulfillment_node_id": "US01"}, {"product_id": "A0E2000000021S1929", "quantity": 100, "fulfillment_node_id": "US01"}, {"product_id": "A0E2000000021S3138", "quantity": 100, "fulfillment_node_id": "US01"}, {"product_id": "A0E2000000021S13236", "quantity": 100, "fulfillment_node_id": "US01"}, {"product_id": "A0E2000000021S1930", "quantity": 100, "fulfillment_node_id": "US01"}, {"product_id": "A0E2000000021S1931", "quantity": 100, "fulfillment_node_id": "US01"}, {"product_id": "A0E2000000021S14402", "quantity": 100, "fulfillment_node_id": "US01"}, {"product_id": "A0E2000000021S347", "quantity": 100, "fulfillment_node_id": "US01"}, {"product_id": "A0E2000000021S1906", "quantity": 100, "fulfillment_node_id": "US01"}, {"product_id": "A0E2000000021S15309", "quantity": 100, "fulfillment_node_id": "US01"}, {"product_id": "A0E2000000021S13241", "quantity": 100, "fulfillment_node_id": "US01"}, {"product_id": "A0E2000000021S13244", "quantity": 100, "fulfillment_node_id": "US01"}, {"product_id": "A0E2000000021S14358", "quantity": 100, "fulfillment_node_id": "US01"}, {"product_id": "A0E2000000021S2319", "quantity": 100, "fulfillment_node_id": "US01"}, {"product_id": "A0E2000000021S13088", "quantity": 100, "fulfillment_node_id": "US01"}, {"product_id": "A0E2000000021S1973", "quantity": 100, "fulfillment_node_id": "US01"}, {"product_id": "A0E2000000021S1974", "quantity": 100, "fulfillment_node_id": "US01"}, {"product_id": "A0E2000000021S1249", "quantity": 100, "fulfillment_node_id": "US01"}, {"product_id": "A0E2000000021S2523", "quantity": 100, "fulfillment_node_id": "US01"}, {"product_id": "A0E2000000021S1909", "quantity": 100, "fulfillment_node_id": "US01"}, {"product_id": "A0E2000000021S650", "quantity": 100, "fulfillment_node_id": "US01"}, {"product_id": "A0E2000000021S1988", "quantity": 100, "fulfillment_node_id": "US01"}, {"product_id": "A0E2000000021S1989", "quantity": 100, "fulfillment_node_id": "US01"}, {"product_id": "A0E2000000021S13477", "quantity": 100, "fulfillment_node_id": "US01"}, {"product_id": "A0E2000000021S13478", "quantity": 100, "fulfillment_node_id": "US01"}, {"product_id": "A0E2000000021S1947", "quantity": 100, "fulfillment_node_id": "US01"}, {"product_id": "A0E2000000021S1948", "quantity": 100, "fulfillment_node_id": "US01"}, {"product_id": "A0E2000000021S14931", "quantity": 100, "fulfillment_node_id": "US01"}, {"product_id": "A0E2000000021S1126", "quantity": 100, "fulfillment_node_id": "US01"}, {"product_id": "A0E2000000021S1127", "quantity": 100, "fulfillment_node_id": "US01"}, {"product_id": "A0E2000000021S14373", "quantity": 100, "fulfillment_node_id": "US01"}, {"product_id": "A0E2000000021S2007", "quantity": 100, "fulfillment_node_id": "US01"}, {"product_id": "A0E2000000021S30", "quantity": 100, "fulfillment_node_id": "US01"}, {"product_id": "A0E2000000021S26168", "quantity": 100, "fulfillment_node_id": "US01"}, {"product_id": "A0E2000000021S26315", "quantity": 100, "fulfillment_node_id": "US01"}, {"product_id": "A0E2000000021S2021", "quantity": 100, "fulfillment_node_id": "US01"}, {"product_id": "A0E2000000021S15262", "quantity": 100, "fulfillment_node_id": "US01"}, {"product_id": "A0E2000000021S13245", "quantity": 100, "fulfillment_node_id": "US01"}, {"product_id": "A0E2000000021S14715", "quantity": 100, "fulfillment_node_id": "US01"}, {"product_id": "A0E2000000021S1939", "quantity": 100, "fulfillment_node_id": "US01"}, {"product_id": "A0E2000000021S1940", "quantity": 100, "fulfillment_node_id": "US01"}, {"product_id": "A0E2000000021S1941", "quantity": 100, "fulfillment_node_id": "US01"}, {"product_id": "A0E2000000021S1942", "quantity": 100, "fulfillment_node_id": "US01"}, {"product_id": "A0E2000000021S1943", "quantity": 100, "fulfillment_node_id": "US01"}, {"product_id": "A0E2000000021S1944", "quantity": 100, "fulfillment_node_id": "US01"}, {"product_id": "A0E2000000021S1945", "quantity": 100, "fulfillment_node_id": "US01"}, {"product_id": "A0E2000000021S1946", "quantity": 100, "fulfillment_node_id": "US01"}, {"product_id": "A0E2000000021S28", "quantity": 100, "fulfillment_node_id": "US01"}, {"product_id": "A0E2000000021S29", "quantity": 100, "fulfillment_node_id": "US01"}, {"product_id": "A0E2000000021S1951", "quantity": 100, "fulfillment_node_id": "US01"}, {"product_id": "A0E2000000021S1952", "quantity": 100, "fulfillment_node_id": "US01"}, {"product_id": "A0E2000000021S1953", "quantity": 100, "fulfillment_node_id": "US01"}, {"product_id": "A0E2000000021S1954", "quantity": 100, "fulfillment_node_id": "US01"}, {"product_id": "A0E2000000021S13374", "quantity": 100, "fulfillment_node_id": "US01"}, {"product_id": "A0E2000000021S13375", "quantity": 100, "fulfillment_node_id": "US01"}, {"product_id": "A0E2000000021S2320", "quantity": 100, "fulfillment_node_id": "US01"}]}