{"head": {"store_mapping": {"store_id": "7c9f2605-9fb3-5444-8fee-47fe51608efe", "fulfillment_node_id": "US01"}, "mode": "atp"}, "items": [{"product_id": "A0E2000000021S25901", "quantity": 100, "fulfillment_node_id": "US01"}, {"product_id": "A0E2000000021S25902", "quantity": 100, "fulfillment_node_id": "US01"}, {"product_id": "A0E2000000021S25903", "quantity": 100, "fulfillment_node_id": "US01"}, {"product_id": "A0E2000000021S25904", "quantity": 100, "fulfillment_node_id": "US01"}, {"product_id": "A0E2000000021S25905", "quantity": 100, "fulfillment_node_id": "US01"}, {"product_id": "A0E2000000021S25906", "quantity": 100, "fulfillment_node_id": "US01"}, {"product_id": "A0E2000000021S25907", "quantity": 100, "fulfillment_node_id": "US01"}, {"product_id": "A0E2000000021S25908", "quantity": 100, "fulfillment_node_id": "US01"}, {"product_id": "A0E2000000021S25909", "quantity": 100, "fulfillment_node_id": "US01"}, {"product_id": "A0E2000000021S25910", "quantity": 100, "fulfillment_node_id": "US01"}, {"product_id": "A0E2000000021S25911", "quantity": 100, "fulfillment_node_id": "US01"}, {"product_id": "A0E2000000021S25912", "quantity": 100, "fulfillment_node_id": "US01"}, {"product_id": "A0E2000000021S13955", "quantity": 100, "fulfillment_node_id": "US01"}, {"product_id": "A0E2000000021S13956", "quantity": 100, "fulfillment_node_id": "US01"}, {"product_id": "A0E2000000021S13957", "quantity": 100, "fulfillment_node_id": "US01"}, {"product_id": "A0E2000000021S13958", "quantity": 100, "fulfillment_node_id": "US01"}, {"product_id": "A0E2000000021S13959", "quantity": 100, "fulfillment_node_id": "US01"}, {"product_id": "A0E2000000021S13960", "quantity": 100, "fulfillment_node_id": "US01"}, {"product_id": "A0E2000000021S13961", "quantity": 100, "fulfillment_node_id": "US01"}, {"product_id": "A0E2000000021S13962", "quantity": 100, "fulfillment_node_id": "US01"}, {"product_id": "A0E2000000021S13963", "quantity": 100, "fulfillment_node_id": "US01"}, {"product_id": "A0E2000000021S13964", "quantity": 100, "fulfillment_node_id": "US01"}, {"product_id": "A0E2000000021S13965", "quantity": 100, "fulfillment_node_id": "US01"}, {"product_id": "A0E2000000021S13966", "quantity": 100, "fulfillment_node_id": "US01"}, {"product_id": "A0E2000000021S13967", "quantity": 100, "fulfillment_node_id": "US01"}, {"product_id": "A0E2000000021S13968", "quantity": 100, "fulfillment_node_id": "US01"}, {"product_id": "A0E2000000021S13969", "quantity": 100, "fulfillment_node_id": "US01"}, {"product_id": "A0E2000000021S13970", "quantity": 100, "fulfillment_node_id": "US01"}, {"product_id": "A0E2000000021S13971", "quantity": 100, "fulfillment_node_id": "US01"}, {"product_id": "A0E2000000021S13972", "quantity": 100, "fulfillment_node_id": "US01"}, {"product_id": "A0E2000000021S13973", "quantity": 100, "fulfillment_node_id": "US01"}, {"product_id": "A0E2000000021S13974", "quantity": 100, "fulfillment_node_id": "US01"}, {"product_id": "A0E2000000021S13975", "quantity": 100, "fulfillment_node_id": "US01"}, {"product_id": "A0E2000000021S13976", "quantity": 100, "fulfillment_node_id": "US01"}, {"product_id": "A0E2000000021S13977", "quantity": 100, "fulfillment_node_id": "US01"}, {"product_id": "A0E2000000021S13978", "quantity": 100, "fulfillment_node_id": "US01"}, {"product_id": "A0E2000000021S14518", "quantity": 100, "fulfillment_node_id": "US01"}, {"product_id": "A0E2000000021S14519", "quantity": 100, "fulfillment_node_id": "US01"}, {"product_id": "A0E2000000021S14520", "quantity": 100, "fulfillment_node_id": "US01"}, {"product_id": "A0E2000000021S14521", "quantity": 100, "fulfillment_node_id": "US01"}, {"product_id": "A0E2000000021S14522", "quantity": 100, "fulfillment_node_id": "US01"}, {"product_id": "A0E2000000021S14523", "quantity": 100, "fulfillment_node_id": "US01"}, {"product_id": "A0E2000000021S14524", "quantity": 100, "fulfillment_node_id": "US01"}, {"product_id": "A0E2000000021S14525", "quantity": 100, "fulfillment_node_id": "US01"}, {"product_id": "A0E2000000021S14526", "quantity": 100, "fulfillment_node_id": "US01"}, {"product_id": "A0E2000000021S14527", "quantity": 100, "fulfillment_node_id": "US01"}, {"product_id": "A0E2000000021S14528", "quantity": 100, "fulfillment_node_id": "US01"}, {"product_id": "A0E2000000021S14529", "quantity": 100, "fulfillment_node_id": "US01"}, {"product_id": "A0E2000000021S14601", "quantity": 100, "fulfillment_node_id": "US01"}, {"product_id": "A0E2000000021S14602", "quantity": 100, "fulfillment_node_id": "US01"}, {"product_id": "A0E2000000021S14603", "quantity": 100, "fulfillment_node_id": "US01"}, {"product_id": "A0E2000000021S14604", "quantity": 100, "fulfillment_node_id": "US01"}, {"product_id": "A0E2000000021S14605", "quantity": 100, "fulfillment_node_id": "US01"}, {"product_id": "A0E2000000021S14606", "quantity": 100, "fulfillment_node_id": "US01"}, {"product_id": "A0E2000000021S14607", "quantity": 100, "fulfillment_node_id": "US01"}, {"product_id": "A0E2000000021S14608", "quantity": 100, "fulfillment_node_id": "US01"}, {"product_id": "A0E2000000021S14609", "quantity": 100, "fulfillment_node_id": "US01"}, {"product_id": "A0E2000000021S14610", "quantity": 100, "fulfillment_node_id": "US01"}, {"product_id": "A0E2000000021S14611", "quantity": 100, "fulfillment_node_id": "US01"}, {"product_id": "A0E2000000021S14612", "quantity": 100, "fulfillment_node_id": "US01"}, {"product_id": "A0E2000000021S26109", "quantity": 100, "fulfillment_node_id": "US01"}, {"product_id": "A0E2000000021S26110", "quantity": 100, "fulfillment_node_id": "US01"}, {"product_id": "A0E2000000021S26111", "quantity": 100, "fulfillment_node_id": "US01"}, {"product_id": "A0E2000000021S26112", "quantity": 100, "fulfillment_node_id": "US01"}, {"product_id": "A0E2000000021S26113", "quantity": 100, "fulfillment_node_id": "US01"}, {"product_id": "A0E2000000021S26114", "quantity": 100, "fulfillment_node_id": "US01"}, {"product_id": "A0E2000000021S26115", "quantity": 100, "fulfillment_node_id": "US01"}, {"product_id": "A0E2000000021S26116", "quantity": 100, "fulfillment_node_id": "US01"}, {"product_id": "A0E2000000021S26117", "quantity": 100, "fulfillment_node_id": "US01"}, {"product_id": "A0E2000000021S26118", "quantity": 100, "fulfillment_node_id": "US01"}, {"product_id": "A0E2000000021S26119", "quantity": 100, "fulfillment_node_id": "US01"}, {"product_id": "A0E2000000021S26120", "quantity": 100, "fulfillment_node_id": "US01"}, {"product_id": "A0E2000000021S13905", "quantity": 100, "fulfillment_node_id": "US01"}, {"product_id": "A0E2000000021S13906", "quantity": 100, "fulfillment_node_id": "US01"}, {"product_id": "A0E2000000021S13907", "quantity": 100, "fulfillment_node_id": "US01"}, {"product_id": "A0E2000000021S13908", "quantity": 100, "fulfillment_node_id": "US01"}, {"product_id": "A0E2000000021S13909", "quantity": 100, "fulfillment_node_id": "US01"}, {"product_id": "A0E2000000021S13910", "quantity": 100, "fulfillment_node_id": "US01"}, {"product_id": "A0E2000000021S13911", "quantity": 100, "fulfillment_node_id": "US01"}, {"product_id": "A0E2000000021S13912", "quantity": 100, "fulfillment_node_id": "US01"}, {"product_id": "A0E2000000021S13913", "quantity": 100, "fulfillment_node_id": "US01"}, {"product_id": "A0E2000000021S13914", "quantity": 100, "fulfillment_node_id": "US01"}, {"product_id": "A0E2000000021S13915", "quantity": 100, "fulfillment_node_id": "US01"}, {"product_id": "A0E2000000021S13916", "quantity": 100, "fulfillment_node_id": "US01"}, {"product_id": "A0E2000000021S13917", "quantity": 100, "fulfillment_node_id": "US01"}, {"product_id": "A0E2000000021S13918", "quantity": 100, "fulfillment_node_id": "US01"}, {"product_id": "A0E2000000021S13919", "quantity": 100, "fulfillment_node_id": "US01"}, {"product_id": "A0E2000000021S13920", "quantity": 100, "fulfillment_node_id": "US01"}, {"product_id": "A0E2000000021S13921", "quantity": 100, "fulfillment_node_id": "US01"}, {"product_id": "A0E2000000021S13922", "quantity": 100, "fulfillment_node_id": "US01"}, {"product_id": "A0E2000000021S13923", "quantity": 100, "fulfillment_node_id": "US01"}, {"product_id": "A0E2000000021S13924", "quantity": 100, "fulfillment_node_id": "US01"}, {"product_id": "A0E2000000021S13925", "quantity": 100, "fulfillment_node_id": "US01"}, {"product_id": "A0E2000000021S13926", "quantity": 100, "fulfillment_node_id": "US01"}, {"product_id": "A0E2000000021S13927", "quantity": 100, "fulfillment_node_id": "US01"}, {"product_id": "A0E2000000021S13928", "quantity": 100, "fulfillment_node_id": "US01"}, {"product_id": "A0E2000000021S13929", "quantity": 100, "fulfillment_node_id": "US01"}, {"product_id": "A0E2000000021S13930", "quantity": 100, "fulfillment_node_id": "US01"}, {"product_id": "A0E2000000021S13931", "quantity": 100, "fulfillment_node_id": "US01"}, {"product_id": "A0E2000000021S13932", "quantity": 100, "fulfillment_node_id": "US01"}, {"product_id": "A0E2000000021S13933", "quantity": 100, "fulfillment_node_id": "US01"}, {"product_id": "A0E2000000021S13934", "quantity": 100, "fulfillment_node_id": "US01"}, {"product_id": "A0E2000000021S13935", "quantity": 100, "fulfillment_node_id": "US01"}, {"product_id": "A0E2000000021S13936", "quantity": 100, "fulfillment_node_id": "US01"}, {"product_id": "A0E2000000021S13937", "quantity": 100, "fulfillment_node_id": "US01"}, {"product_id": "A0E2000000021S13938", "quantity": 100, "fulfillment_node_id": "US01"}, {"product_id": "A0E2000000021S13939", "quantity": 100, "fulfillment_node_id": "US01"}, {"product_id": "A0E2000000021S13940", "quantity": 100, "fulfillment_node_id": "US01"}, {"product_id": "A0E2000000021S2414", "quantity": 100, "fulfillment_node_id": "US01"}, {"product_id": "A0E2000000021S2415", "quantity": 100, "fulfillment_node_id": "US01"}, {"product_id": "A0E2000000021S2416", "quantity": 100, "fulfillment_node_id": "US01"}, {"product_id": "A0E2000000021S2417", "quantity": 100, "fulfillment_node_id": "US01"}, {"product_id": "A0E2000000021S2418", "quantity": 100, "fulfillment_node_id": "US01"}, {"product_id": "A0E2000000021S2419", "quantity": 100, "fulfillment_node_id": "US01"}, {"product_id": "A0E2000000021S2420", "quantity": 100, "fulfillment_node_id": "US01"}, {"product_id": "A0E2000000021S2421", "quantity": 100, "fulfillment_node_id": "US01"}, {"product_id": "A0E2000000021S2422", "quantity": 100, "fulfillment_node_id": "US01"}, {"product_id": "A0E2000000021S2423", "quantity": 100, "fulfillment_node_id": "US01"}, {"product_id": "A0E2000000021S2424", "quantity": 100, "fulfillment_node_id": "US01"}, {"product_id": "A0E2000000021S2425", "quantity": 100, "fulfillment_node_id": "US01"}, {"product_id": "A0E2000000021S2426", "quantity": 100, "fulfillment_node_id": "US01"}, {"product_id": "A0E2000000021S2427", "quantity": 100, "fulfillment_node_id": "US01"}, {"product_id": "A0E2000000021S2428", "quantity": 100, "fulfillment_node_id": "US01"}, {"product_id": "A0E2000000021S2429", "quantity": 100, "fulfillment_node_id": "US01"}, {"product_id": "A0E2000000021S2430", "quantity": 100, "fulfillment_node_id": "US01"}, {"product_id": "A0E2000000021S2431", "quantity": 100, "fulfillment_node_id": "US01"}, {"product_id": "A0E2000000021S2432", "quantity": 100, "fulfillment_node_id": "US01"}, {"product_id": "A0E2000000021S2433", "quantity": 100, "fulfillment_node_id": "US01"}, {"product_id": "A0E2000000021S2434", "quantity": 100, "fulfillment_node_id": "US01"}, {"product_id": "A0E2000000021S2435", "quantity": 100, "fulfillment_node_id": "US01"}, {"product_id": "A0E2000000021S2436", "quantity": 100, "fulfillment_node_id": "US01"}, {"product_id": "A0E2000000021S2437", "quantity": 100, "fulfillment_node_id": "US01"}, {"product_id": "A0E2000000021S2438", "quantity": 100, "fulfillment_node_id": "US01"}, {"product_id": "A0E2000000021S2439", "quantity": 100, "fulfillment_node_id": "US01"}, {"product_id": "A0E2000000021S2440", "quantity": 100, "fulfillment_node_id": "US01"}, {"product_id": "A0E2000000021S2441", "quantity": 100, "fulfillment_node_id": "US01"}, {"product_id": "A0E2000000021S2442", "quantity": 100, "fulfillment_node_id": "US01"}, {"product_id": "A0E2000000021S2443", "quantity": 100, "fulfillment_node_id": "US01"}, {"product_id": "A0E2000000021S2444", "quantity": 100, "fulfillment_node_id": "US01"}, {"product_id": "A0E2000000021S2445", "quantity": 100, "fulfillment_node_id": "US01"}, {"product_id": "A0E2000000021S2446", "quantity": 100, "fulfillment_node_id": "US01"}, {"product_id": "A0E2000000021S2447", "quantity": 100, "fulfillment_node_id": "US01"}, {"product_id": "A0E2000000021S2448", "quantity": 100, "fulfillment_node_id": "US01"}, {"product_id": "A0E2000000021S2449", "quantity": 100, "fulfillment_node_id": "US01"}, {"product_id": "A0E2000000021S67", "quantity": 100, "fulfillment_node_id": "US01"}, {"product_id": "A0E2000000021S68", "quantity": 100, "fulfillment_node_id": "US01"}, {"product_id": "A0E2000000021S69", "quantity": 100, "fulfillment_node_id": "US01"}, {"product_id": "A0E2000000021S70", "quantity": 100, "fulfillment_node_id": "US01"}, {"product_id": "A0E2000000021S71", "quantity": 100, "fulfillment_node_id": "US01"}, {"product_id": "A0E2000000021S72", "quantity": 100, "fulfillment_node_id": "US01"}, {"product_id": "A0E2000000021S73", "quantity": 100, "fulfillment_node_id": "US01"}, {"product_id": "A0E2000000021S74", "quantity": 100, "fulfillment_node_id": "US01"}, {"product_id": "A0E2000000021S75", "quantity": 100, "fulfillment_node_id": "US01"}, {"product_id": "A0E2000000021S76", "quantity": 100, "fulfillment_node_id": "US01"}, {"product_id": "A0E2000000021S77", "quantity": 100, "fulfillment_node_id": "US01"}, {"product_id": "A0E2000000021S78", "quantity": 100, "fulfillment_node_id": "US01"}, {"product_id": "A0E2000000021S1197", "quantity": 100, "fulfillment_node_id": "US01"}, {"product_id": "A0E2000000021S1198", "quantity": 100, "fulfillment_node_id": "US01"}, {"product_id": "A0E2000000021S1199", "quantity": 100, "fulfillment_node_id": "US01"}, {"product_id": "A0E2000000021S1200", "quantity": 100, "fulfillment_node_id": "US01"}, {"product_id": "A0E2000000021S1201", "quantity": 100, "fulfillment_node_id": "US01"}, {"product_id": "A0E2000000021S1202", "quantity": 100, "fulfillment_node_id": "US01"}, {"product_id": "A0E2000000021S1203", "quantity": 100, "fulfillment_node_id": "US01"}, {"product_id": "A0E2000000021S1204", "quantity": 100, "fulfillment_node_id": "US01"}, {"product_id": "A0E2000000021S1205", "quantity": 100, "fulfillment_node_id": "US01"}, {"product_id": "A0E2000000021S1206", "quantity": 100, "fulfillment_node_id": "US01"}, {"product_id": "A0E2000000021S1207", "quantity": 100, "fulfillment_node_id": "US01"}, {"product_id": "A0E2000000021S1208", "quantity": 100, "fulfillment_node_id": "US01"}, {"product_id": "A0E2000000021S1209", "quantity": 100, "fulfillment_node_id": "US01"}, {"product_id": "A0E2000000021S1210", "quantity": 100, "fulfillment_node_id": "US01"}, {"product_id": "A0E2000000021S1211", "quantity": 100, "fulfillment_node_id": "US01"}, {"product_id": "A0E2000000021S1212", "quantity": 100, "fulfillment_node_id": "US01"}, {"product_id": "A0E2000000021S1213", "quantity": 100, "fulfillment_node_id": "US01"}, {"product_id": "A0E2000000021S1214", "quantity": 100, "fulfillment_node_id": "US01"}, {"product_id": "A0E2000000021S1215", "quantity": 100, "fulfillment_node_id": "US01"}, {"product_id": "A0E2000000021S1216", "quantity": 100, "fulfillment_node_id": "US01"}, {"product_id": "A0E2000000021S1217", "quantity": 100, "fulfillment_node_id": "US01"}, {"product_id": "A0E2000000021S1218", "quantity": 100, "fulfillment_node_id": "US01"}, {"product_id": "A0E2000000021S1219", "quantity": 100, "fulfillment_node_id": "US01"}, {"product_id": "A0E2000000021S1220", "quantity": 100, "fulfillment_node_id": "US01"}, {"product_id": "A0E2000000021S3039", "quantity": 100, "fulfillment_node_id": "US01"}, {"product_id": "A0E2000000021S3040", "quantity": 100, "fulfillment_node_id": "US01"}, {"product_id": "A0E2000000021S3041", "quantity": 100, "fulfillment_node_id": "US01"}, {"product_id": "A0E2000000021S3042", "quantity": 100, "fulfillment_node_id": "US01"}, {"product_id": "A0E2000000021S3043", "quantity": 100, "fulfillment_node_id": "US01"}, {"product_id": "A0E2000000021S3044", "quantity": 100, "fulfillment_node_id": "US01"}, {"product_id": "A0E2000000021S3045", "quantity": 100, "fulfillment_node_id": "US01"}, {"product_id": "A0E2000000021S3046", "quantity": 100, "fulfillment_node_id": "US01"}, {"product_id": "A0E2000000021S3047", "quantity": 100, "fulfillment_node_id": "US01"}, {"product_id": "A0E2000000021S3048", "quantity": 100, "fulfillment_node_id": "US01"}, {"product_id": "A0E2000000021S3049", "quantity": 100, "fulfillment_node_id": "US01"}, {"product_id": "A0E2000000021S3050", "quantity": 100, "fulfillment_node_id": "US01"}, {"product_id": "A0E2000000021S3051", "quantity": 100, "fulfillment_node_id": "US01"}, {"product_id": "A0E2000000021S3052", "quantity": 100, "fulfillment_node_id": "US01"}, {"product_id": "A0E2000000021S3053", "quantity": 100, "fulfillment_node_id": "US01"}, {"product_id": "A0E2000000021S3054", "quantity": 100, "fulfillment_node_id": "US01"}, {"product_id": "A0E2000000021S3055", "quantity": 100, "fulfillment_node_id": "US01"}, {"product_id": "A0E2000000021S3056", "quantity": 100, "fulfillment_node_id": "US01"}, {"product_id": "A0E2000000021S3057", "quantity": 100, "fulfillment_node_id": "US01"}, {"product_id": "A0E2000000021S3058", "quantity": 100, "fulfillment_node_id": "US01"}, {"product_id": "A0E2000000021S3059", "quantity": 100, "fulfillment_node_id": "US01"}, {"product_id": "A0E2000000021S3060", "quantity": 100, "fulfillment_node_id": "US01"}, {"product_id": "A0E2000000021S3061", "quantity": 100, "fulfillment_node_id": "US01"}, {"product_id": "A0E2000000021S3062", "quantity": 100, "fulfillment_node_id": "US01"}, {"product_id": "A0E2000000021S2706", "quantity": 100, "fulfillment_node_id": "US01"}, {"product_id": "A0E2000000021S2707", "quantity": 100, "fulfillment_node_id": "US01"}, {"product_id": "A0E2000000021S2708", "quantity": 100, "fulfillment_node_id": "US01"}, {"product_id": "A0E2000000021S2709", "quantity": 100, "fulfillment_node_id": "US01"}, {"product_id": "A0E2000000021S2710", "quantity": 100, "fulfillment_node_id": "US01"}, {"product_id": "A0E2000000021S2711", "quantity": 100, "fulfillment_node_id": "US01"}, {"product_id": "A0E2000000021S2712", "quantity": 100, "fulfillment_node_id": "US01"}, {"product_id": "A0E2000000021S2713", "quantity": 100, "fulfillment_node_id": "US01"}, {"product_id": "A0E2000000021S2714", "quantity": 100, "fulfillment_node_id": "US01"}, {"product_id": "A0E2000000021S2715", "quantity": 100, "fulfillment_node_id": "US01"}, {"product_id": "A0E2000000021S2716", "quantity": 100, "fulfillment_node_id": "US01"}, {"product_id": "A0E2000000021S2717", "quantity": 100, "fulfillment_node_id": "US01"}, {"product_id": "A0E2000000021S2718", "quantity": 100, "fulfillment_node_id": "US01"}, {"product_id": "A0E2000000021S2719", "quantity": 100, "fulfillment_node_id": "US01"}, {"product_id": "A0E2000000021S2720", "quantity": 100, "fulfillment_node_id": "US01"}, {"product_id": "A0E2000000021S2721", "quantity": 100, "fulfillment_node_id": "US01"}, {"product_id": "A0E2000000021S2722", "quantity": 100, "fulfillment_node_id": "US01"}, {"product_id": "A0E2000000021S2723", "quantity": 100, "fulfillment_node_id": "US01"}, {"product_id": "A0E2000000021S2724", "quantity": 100, "fulfillment_node_id": "US01"}, {"product_id": "A0E2000000021S2725", "quantity": 100, "fulfillment_node_id": "US01"}, {"product_id": "A0E2000000021S2726", "quantity": 100, "fulfillment_node_id": "US01"}, {"product_id": "A0E2000000021S2727", "quantity": 100, "fulfillment_node_id": "US01"}, {"product_id": "A0E2000000021S2728", "quantity": 100, "fulfillment_node_id": "US01"}, {"product_id": "A0E2000000021S2729", "quantity": 100, "fulfillment_node_id": "US01"}, {"product_id": "A0E2000000021S2730", "quantity": 100, "fulfillment_node_id": "US01"}, {"product_id": "A0E2000000021S2731", "quantity": 100, "fulfillment_node_id": "US01"}, {"product_id": "A0E2000000021S2732", "quantity": 100, "fulfillment_node_id": "US01"}, {"product_id": "A0E2000000021S2733", "quantity": 100, "fulfillment_node_id": "US01"}, {"product_id": "A0E2000000021S2734", "quantity": 100, "fulfillment_node_id": "US01"}, {"product_id": "A0E2000000021S2735", "quantity": 100, "fulfillment_node_id": "US01"}, {"product_id": "A0E2000000021S1961", "quantity": 100, "fulfillment_node_id": "US01"}, {"product_id": "A0E2000000021S1962", "quantity": 100, "fulfillment_node_id": "US01"}, {"product_id": "A0E2000000021S1963", "quantity": 100, "fulfillment_node_id": "US01"}, {"product_id": "A0E2000000021S1964", "quantity": 100, "fulfillment_node_id": "US01"}, {"product_id": "A0E2000000021S1965", "quantity": 100, "fulfillment_node_id": "US01"}, {"product_id": "A0E2000000021S1966", "quantity": 100, "fulfillment_node_id": "US01"}, {"product_id": "A0E2000000021S1967", "quantity": 100, "fulfillment_node_id": "US01"}, {"product_id": "A0E2000000021S1968", "quantity": 100, "fulfillment_node_id": "US01"}, {"product_id": "A0E2000000021S1969", "quantity": 100, "fulfillment_node_id": "US01"}, {"product_id": "A0E2000000021S1970", "quantity": 100, "fulfillment_node_id": "US01"}, {"product_id": "A0E2000000021S1971", "quantity": 100, "fulfillment_node_id": "US01"}, {"product_id": "A0E2000000021S1972", "quantity": 100, "fulfillment_node_id": "US01"}, {"product_id": "A0E2000000021S1879", "quantity": 100, "fulfillment_node_id": "US01"}, {"product_id": "A0E2000000021S1880", "quantity": 100, "fulfillment_node_id": "US01"}, {"product_id": "A0E2000000021S1881", "quantity": 100, "fulfillment_node_id": "US01"}, {"product_id": "A0E2000000021S1882", "quantity": 100, "fulfillment_node_id": "US01"}, {"product_id": "A0E2000000021S1883", "quantity": 100, "fulfillment_node_id": "US01"}, {"product_id": "A0E2000000021S1884", "quantity": 100, "fulfillment_node_id": "US01"}, {"product_id": "A0E2000000021S1885", "quantity": 100, "fulfillment_node_id": "US01"}, {"product_id": "A0E2000000021S1886", "quantity": 100, "fulfillment_node_id": "US01"}, {"product_id": "A0E2000000021S1887", "quantity": 100, "fulfillment_node_id": "US01"}, {"product_id": "A0E2000000021S1888", "quantity": 100, "fulfillment_node_id": "US01"}, {"product_id": "A0E2000000021S1889", "quantity": 100, "fulfillment_node_id": "US01"}, {"product_id": "A0E2000000021S1890", "quantity": 100, "fulfillment_node_id": "US01"}, {"product_id": "A0E2000000021S14932", "quantity": 100, "fulfillment_node_id": "US01"}, {"product_id": "A0E2000000021S14933", "quantity": 100, "fulfillment_node_id": "US01"}, {"product_id": "A0E2000000021S14934", "quantity": 100, "fulfillment_node_id": "US01"}, {"product_id": "A0E2000000021S14935", "quantity": 100, "fulfillment_node_id": "US01"}, {"product_id": "A0E2000000021S14936", "quantity": 100, "fulfillment_node_id": "US01"}, {"product_id": "A0E2000000021S14937", "quantity": 100, "fulfillment_node_id": "US01"}, {"product_id": "A0E2000000021S14938", "quantity": 100, "fulfillment_node_id": "US01"}, {"product_id": "A0E2000000021S14939", "quantity": 100, "fulfillment_node_id": "US01"}, {"product_id": "A0E2000000021S14940", "quantity": 100, "fulfillment_node_id": "US01"}, {"product_id": "A0E2000000021S14941", "quantity": 100, "fulfillment_node_id": "US01"}, {"product_id": "A0E2000000021S14942", "quantity": 100, "fulfillment_node_id": "US01"}, {"product_id": "A0E2000000021S14943", "quantity": 100, "fulfillment_node_id": "US01"}, {"product_id": "A0E2000000021S14944", "quantity": 100, "fulfillment_node_id": "US01"}, {"product_id": "A0E2000000021S14945", "quantity": 100, "fulfillment_node_id": "US01"}, {"product_id": "A0E2000000021S14946", "quantity": 100, "fulfillment_node_id": "US01"}, {"product_id": "A0E2000000021S14947", "quantity": 100, "fulfillment_node_id": "US01"}, {"product_id": "A0E2000000021S14948", "quantity": 100, "fulfillment_node_id": "US01"}, {"product_id": "A0E2000000021S14949", "quantity": 100, "fulfillment_node_id": "US01"}, {"product_id": "A0E2000000021S14950", "quantity": 100, "fulfillment_node_id": "US01"}, {"product_id": "A0E2000000021S14951", "quantity": 100, "fulfillment_node_id": "US01"}, {"product_id": "A0E2000000021S14952", "quantity": 100, "fulfillment_node_id": "US01"}, {"product_id": "A0E2000000021S14953", "quantity": 100, "fulfillment_node_id": "US01"}, {"product_id": "A0E2000000021S14954", "quantity": 100, "fulfillment_node_id": "US01"}, {"product_id": "A0E2000000021S14955", "quantity": 100, "fulfillment_node_id": "US01"}, {"product_id": "A0E2000000021S14956", "quantity": 100, "fulfillment_node_id": "US01"}, {"product_id": "A0E2000000021S14957", "quantity": 100, "fulfillment_node_id": "US01"}, {"product_id": "A0E2000000021S14958", "quantity": 100, "fulfillment_node_id": "US01"}, {"product_id": "A0E2000000021S14959", "quantity": 100, "fulfillment_node_id": "US01"}, {"product_id": "A0E2000000021S14960", "quantity": 100, "fulfillment_node_id": "US01"}, {"product_id": "A0E2000000021S14961", "quantity": 100, "fulfillment_node_id": "US01"}, {"product_id": "A0E2000000021S14962", "quantity": 100, "fulfillment_node_id": "US01"}, {"product_id": "A0E2000000021S14963", "quantity": 100, "fulfillment_node_id": "US01"}, {"product_id": "A0E2000000021S14964", "quantity": 100, "fulfillment_node_id": "US01"}, {"product_id": "A0E2000000021S14965", "quantity": 100, "fulfillment_node_id": "US01"}, {"product_id": "A0E2000000021S14966", "quantity": 100, "fulfillment_node_id": "US01"}, {"product_id": "A0E2000000021S14967", "quantity": 100, "fulfillment_node_id": "US01"}, {"product_id": "A0E2000000021S12680", "quantity": 100, "fulfillment_node_id": "US01"}, {"product_id": "A0E2000000021S12681", "quantity": 100, "fulfillment_node_id": "US01"}, {"product_id": "A0E2000000021S12682", "quantity": 100, "fulfillment_node_id": "US01"}, {"product_id": "A0E2000000021S12683", "quantity": 100, "fulfillment_node_id": "US01"}, {"product_id": "A0E2000000021S12684", "quantity": 100, "fulfillment_node_id": "US01"}, {"product_id": "A0E2000000021S12685", "quantity": 100, "fulfillment_node_id": "US01"}, {"product_id": "A0E2000000021S12686", "quantity": 100, "fulfillment_node_id": "US01"}, {"product_id": "A0E2000000021S12687", "quantity": 100, "fulfillment_node_id": "US01"}, {"product_id": "A0E2000000021S12688", "quantity": 100, "fulfillment_node_id": "US01"}, {"product_id": "A0E2000000021S12689", "quantity": 100, "fulfillment_node_id": "US01"}, {"product_id": "A0E2000000021S12690", "quantity": 100, "fulfillment_node_id": "US01"}, {"product_id": "A0E2000000021S12691", "quantity": 100, "fulfillment_node_id": "US01"}, {"product_id": "A0E2000000021S1976", "quantity": 100, "fulfillment_node_id": "US01"}, {"product_id": "A0E2000000021S1977", "quantity": 100, "fulfillment_node_id": "US01"}, {"product_id": "A0E2000000021S1978", "quantity": 100, "fulfillment_node_id": "US01"}, {"product_id": "A0E2000000021S1979", "quantity": 100, "fulfillment_node_id": "US01"}, {"product_id": "A0E2000000021S1980", "quantity": 100, "fulfillment_node_id": "US01"}, {"product_id": "A0E2000000021S1981", "quantity": 100, "fulfillment_node_id": "US01"}, {"product_id": "A0E2000000021S1982", "quantity": 100, "fulfillment_node_id": "US01"}, {"product_id": "A0E2000000021S1983", "quantity": 100, "fulfillment_node_id": "US01"}, {"product_id": "A0E2000000021S1984", "quantity": 100, "fulfillment_node_id": "US01"}, {"product_id": "A0E2000000021S1985", "quantity": 100, "fulfillment_node_id": "US01"}, {"product_id": "A0E2000000021S1986", "quantity": 100, "fulfillment_node_id": "US01"}, {"product_id": "A0E2000000021S1987", "quantity": 100, "fulfillment_node_id": "US01"}, {"product_id": "A0E2000000021S15362", "quantity": 100, "fulfillment_node_id": "US01"}, {"product_id": "A0E2000000021S15363", "quantity": 100, "fulfillment_node_id": "US01"}, {"product_id": "A0E2000000021S15364", "quantity": 100, "fulfillment_node_id": "US01"}, {"product_id": "A0E2000000021S15365", "quantity": 100, "fulfillment_node_id": "US01"}, {"product_id": "A0E2000000021S15366", "quantity": 100, "fulfillment_node_id": "US01"}, {"product_id": "A0E2000000021S15367", "quantity": 100, "fulfillment_node_id": "US01"}, {"product_id": "A0E2000000021S15368", "quantity": 100, "fulfillment_node_id": "US01"}, {"product_id": "A0E2000000021S15369", "quantity": 100, "fulfillment_node_id": "US01"}, {"product_id": "A0E2000000021S15370", "quantity": 100, "fulfillment_node_id": "US01"}, {"product_id": "A0E2000000021S15371", "quantity": 100, "fulfillment_node_id": "US01"}, {"product_id": "A0E2000000021S15372", "quantity": 100, "fulfillment_node_id": "US01"}, {"product_id": "A0E2000000021S15373", "quantity": 100, "fulfillment_node_id": "US01"}, {"product_id": "A0E2000000021S279", "quantity": 100, "fulfillment_node_id": "US01"}, {"product_id": "A0E2000000021S280", "quantity": 100, "fulfillment_node_id": "US01"}, {"product_id": "A0E2000000021S281", "quantity": 100, "fulfillment_node_id": "US01"}, {"product_id": "A0E2000000021S282", "quantity": 100, "fulfillment_node_id": "US01"}, {"product_id": "A0E2000000021S283", "quantity": 100, "fulfillment_node_id": "US01"}, {"product_id": "A0E2000000021S284", "quantity": 100, "fulfillment_node_id": "US01"}, {"product_id": "A0E2000000021S285", "quantity": 100, "fulfillment_node_id": "US01"}, {"product_id": "A0E2000000021S286", "quantity": 100, "fulfillment_node_id": "US01"}, {"product_id": "A0E2000000021S287", "quantity": 100, "fulfillment_node_id": "US01"}, {"product_id": "A0E2000000021S288", "quantity": 100, "fulfillment_node_id": "US01"}, {"product_id": "A0E2000000021S289", "quantity": 100, "fulfillment_node_id": "US01"}, {"product_id": "A0E2000000021S290", "quantity": 100, "fulfillment_node_id": "US01"}, {"product_id": "A0E2000000021S291", "quantity": 100, "fulfillment_node_id": "US01"}, {"product_id": "A0E2000000021S292", "quantity": 100, "fulfillment_node_id": "US01"}, {"product_id": "A0E2000000021S293", "quantity": 100, "fulfillment_node_id": "US01"}, {"product_id": "A0E2000000021S294", "quantity": 100, "fulfillment_node_id": "US01"}, {"product_id": "A0E2000000021S295", "quantity": 100, "fulfillment_node_id": "US01"}, {"product_id": "A0E2000000021S296", "quantity": 100, "fulfillment_node_id": "US01"}, {"product_id": "A0E2000000021S297", "quantity": 100, "fulfillment_node_id": "US01"}, {"product_id": "A0E2000000021S298", "quantity": 100, "fulfillment_node_id": "US01"}, {"product_id": "A0E2000000021S299", "quantity": 100, "fulfillment_node_id": "US01"}, {"product_id": "A0E2000000021S300", "quantity": 100, "fulfillment_node_id": "US01"}, {"product_id": "A0E2000000021S301", "quantity": 100, "fulfillment_node_id": "US01"}, {"product_id": "A0E2000000021S302", "quantity": 100, "fulfillment_node_id": "US01"}, {"product_id": "A0E2000000021S303", "quantity": 100, "fulfillment_node_id": "US01"}, {"product_id": "A0E2000000021S304", "quantity": 100, "fulfillment_node_id": "US01"}, {"product_id": "A0E2000000021S305", "quantity": 100, "fulfillment_node_id": "US01"}, {"product_id": "A0E2000000021S306", "quantity": 100, "fulfillment_node_id": "US01"}, {"product_id": "A0E2000000021S307", "quantity": 100, "fulfillment_node_id": "US01"}, {"product_id": "A0E2000000021S308", "quantity": 100, "fulfillment_node_id": "US01"}, {"product_id": "A0E2000000021S309", "quantity": 100, "fulfillment_node_id": "US01"}, {"product_id": "A0E2000000021S310", "quantity": 100, "fulfillment_node_id": "US01"}, {"product_id": "A0E2000000021S311", "quantity": 100, "fulfillment_node_id": "US01"}, {"product_id": "A0E2000000021S312", "quantity": 100, "fulfillment_node_id": "US01"}, {"product_id": "A0E2000000021S313", "quantity": 100, "fulfillment_node_id": "US01"}, {"product_id": "A0E2000000021S314", "quantity": 100, "fulfillment_node_id": "US01"}, {"product_id": "A0E2000000021S12448", "quantity": 100, "fulfillment_node_id": "US01"}, {"product_id": "A0E2000000021S12449", "quantity": 100, "fulfillment_node_id": "US01"}, {"product_id": "A0E2000000021S12450", "quantity": 100, "fulfillment_node_id": "US01"}, {"product_id": "A0E2000000021S12451", "quantity": 100, "fulfillment_node_id": "US01"}, {"product_id": "A0E2000000021S12452", "quantity": 100, "fulfillment_node_id": "US01"}, {"product_id": "A0E2000000021S12453", "quantity": 100, "fulfillment_node_id": "US01"}, {"product_id": "A0E2000000021S12454", "quantity": 100, "fulfillment_node_id": "US01"}, {"product_id": "A0E2000000021S12455", "quantity": 100, "fulfillment_node_id": "US01"}, {"product_id": "A0E2000000021S12456", "quantity": 100, "fulfillment_node_id": "US01"}, {"product_id": "A0E2000000021S12457", "quantity": 100, "fulfillment_node_id": "US01"}, {"product_id": "A0E2000000021S12458", "quantity": 100, "fulfillment_node_id": "US01"}, {"product_id": "A0E2000000021S12459", "quantity": 100, "fulfillment_node_id": "US01"}, {"product_id": "A0E2000000021S13255", "quantity": 100, "fulfillment_node_id": "US01"}, {"product_id": "A0E2000000021S13256", "quantity": 100, "fulfillment_node_id": "US01"}, {"product_id": "A0E2000000021S13257", "quantity": 100, "fulfillment_node_id": "US01"}, {"product_id": "A0E2000000021S13258", "quantity": 100, "fulfillment_node_id": "US01"}, {"product_id": "A0E2000000021S13259", "quantity": 100, "fulfillment_node_id": "US01"}, {"product_id": "A0E2000000021S13260", "quantity": 100, "fulfillment_node_id": "US01"}, {"product_id": "A0E2000000021S13261", "quantity": 100, "fulfillment_node_id": "US01"}, {"product_id": "A0E2000000021S13262", "quantity": 100, "fulfillment_node_id": "US01"}, {"product_id": "A0E2000000021S13263", "quantity": 100, "fulfillment_node_id": "US01"}, {"product_id": "A0E2000000021S13264", "quantity": 100, "fulfillment_node_id": "US01"}, {"product_id": "A0E2000000021S13265", "quantity": 100, "fulfillment_node_id": "US01"}, {"product_id": "A0E2000000021S13266", "quantity": 100, "fulfillment_node_id": "US01"}, {"product_id": "A0E2000000021S380", "quantity": 100, "fulfillment_node_id": "US01"}, {"product_id": "A0E2000000021S381", "quantity": 100, "fulfillment_node_id": "US01"}, {"product_id": "A0E2000000021S382", "quantity": 100, "fulfillment_node_id": "US01"}, {"product_id": "A0E2000000021S383", "quantity": 100, "fulfillment_node_id": "US01"}, {"product_id": "A0E2000000021S384", "quantity": 100, "fulfillment_node_id": "US01"}, {"product_id": "A0E2000000021S385", "quantity": 100, "fulfillment_node_id": "US01"}, {"product_id": "A0E2000000021S386", "quantity": 100, "fulfillment_node_id": "US01"}, {"product_id": "A0E2000000021S387", "quantity": 100, "fulfillment_node_id": "US01"}, {"product_id": "A0E2000000021S388", "quantity": 100, "fulfillment_node_id": "US01"}, {"product_id": "A0E2000000021S389", "quantity": 100, "fulfillment_node_id": "US01"}, {"product_id": "A0E2000000021S390", "quantity": 100, "fulfillment_node_id": "US01"}, {"product_id": "A0E2000000021S391", "quantity": 100, "fulfillment_node_id": "US01"}, {"product_id": "A0E2000000021S392", "quantity": 100, "fulfillment_node_id": "US01"}, {"product_id": "A0E2000000021S393", "quantity": 100, "fulfillment_node_id": "US01"}, {"product_id": "A0E2000000021S394", "quantity": 100, "fulfillment_node_id": "US01"}, {"product_id": "A0E2000000021S395", "quantity": 100, "fulfillment_node_id": "US01"}, {"product_id": "A0E2000000021S396", "quantity": 100, "fulfillment_node_id": "US01"}, {"product_id": "A0E2000000021S397", "quantity": 100, "fulfillment_node_id": "US01"}, {"product_id": "A0E2000000021S398", "quantity": 100, "fulfillment_node_id": "US01"}, {"product_id": "A0E2000000021S399", "quantity": 100, "fulfillment_node_id": "US01"}, {"product_id": "A0E2000000021S400", "quantity": 100, "fulfillment_node_id": "US01"}, {"product_id": "A0E2000000021S401", "quantity": 100, "fulfillment_node_id": "US01"}, {"product_id": "A0E2000000021S402", "quantity": 100, "fulfillment_node_id": "US01"}, {"product_id": "A0E2000000021S403", "quantity": 100, "fulfillment_node_id": "US01"}, {"product_id": "A0E2000000021S404", "quantity": 100, "fulfillment_node_id": "US01"}, {"product_id": "A0E2000000021S405", "quantity": 100, "fulfillment_node_id": "US01"}, {"product_id": "A0E2000000021S406", "quantity": 100, "fulfillment_node_id": "US01"}, {"product_id": "A0E2000000021S407", "quantity": 100, "fulfillment_node_id": "US01"}, {"product_id": "A0E2000000021S408", "quantity": 100, "fulfillment_node_id": "US01"}, {"product_id": "A0E2000000021S409", "quantity": 100, "fulfillment_node_id": "US01"}, {"product_id": "A0E2000000021S410", "quantity": 100, "fulfillment_node_id": "US01"}, {"product_id": "A0E2000000021S411", "quantity": 100, "fulfillment_node_id": "US01"}, {"product_id": "A0E2000000021S412", "quantity": 100, "fulfillment_node_id": "US01"}, {"product_id": "A0E2000000021S413", "quantity": 100, "fulfillment_node_id": "US01"}, {"product_id": "A0E2000000021S414", "quantity": 100, "fulfillment_node_id": "US01"}, {"product_id": "A0E2000000021S415", "quantity": 100, "fulfillment_node_id": "US01"}, {"product_id": "A0E2000000021S2054", "quantity": 100, "fulfillment_node_id": "US01"}, {"product_id": "A0E2000000021S2055", "quantity": 100, "fulfillment_node_id": "US01"}, {"product_id": "A0E2000000021S2056", "quantity": 100, "fulfillment_node_id": "US01"}, {"product_id": "A0E2000000021S2057", "quantity": 100, "fulfillment_node_id": "US01"}, {"product_id": "A0E2000000021S2058", "quantity": 100, "fulfillment_node_id": "US01"}, {"product_id": "A0E2000000021S2059", "quantity": 100, "fulfillment_node_id": "US01"}, {"product_id": "A0E2000000021S2060", "quantity": 100, "fulfillment_node_id": "US01"}, {"product_id": "A0E2000000021S2061", "quantity": 100, "fulfillment_node_id": "US01"}, {"product_id": "A0E2000000021S2062", "quantity": 100, "fulfillment_node_id": "US01"}, {"product_id": "A0E2000000021S2063", "quantity": 100, "fulfillment_node_id": "US01"}, {"product_id": "A0E2000000021S2064", "quantity": 100, "fulfillment_node_id": "US01"}, {"product_id": "A0E2000000021S2065", "quantity": 100, "fulfillment_node_id": "US01"}, {"product_id": "A0E2000000021S2066", "quantity": 100, "fulfillment_node_id": "US01"}, {"product_id": "A0E2000000021S2067", "quantity": 100, "fulfillment_node_id": "US01"}, {"product_id": "A0E2000000021S2068", "quantity": 100, "fulfillment_node_id": "US01"}, {"product_id": "A0E2000000021S2069", "quantity": 100, "fulfillment_node_id": "US01"}, {"product_id": "A0E2000000021S2070", "quantity": 100, "fulfillment_node_id": "US01"}, {"product_id": "A0E2000000021S2071", "quantity": 100, "fulfillment_node_id": "US01"}, {"product_id": "A0E2000000021S2072", "quantity": 100, "fulfillment_node_id": "US01"}, {"product_id": "A0E2000000021S2073", "quantity": 100, "fulfillment_node_id": "US01"}, {"product_id": "A0E2000000021S2074", "quantity": 100, "fulfillment_node_id": "US01"}, {"product_id": "A0E2000000021S2075", "quantity": 100, "fulfillment_node_id": "US01"}, {"product_id": "A0E2000000021S2076", "quantity": 100, "fulfillment_node_id": "US01"}, {"product_id": "A0E2000000021S2077", "quantity": 100, "fulfillment_node_id": "US01"}, {"product_id": "A0E2000000021S2078", "quantity": 100, "fulfillment_node_id": "US01"}, {"product_id": "A0E2000000021S2079", "quantity": 100, "fulfillment_node_id": "US01"}, {"product_id": "A0E2000000021S2080", "quantity": 100, "fulfillment_node_id": "US01"}, {"product_id": "A0E2000000021S2081", "quantity": 100, "fulfillment_node_id": "US01"}, {"product_id": "A0E2000000021S2082", "quantity": 100, "fulfillment_node_id": "US01"}, {"product_id": "A0E2000000021S2083", "quantity": 100, "fulfillment_node_id": "US01"}, {"product_id": "A0E2000000021S2084", "quantity": 100, "fulfillment_node_id": "US01"}, {"product_id": "A0E2000000021S2085", "quantity": 100, "fulfillment_node_id": "US01"}, {"product_id": "A0E2000000021S2086", "quantity": 100, "fulfillment_node_id": "US01"}, {"product_id": "A0E2000000021S2087", "quantity": 100, "fulfillment_node_id": "US01"}, {"product_id": "A0E2000000021S2088", "quantity": 100, "fulfillment_node_id": "US01"}, {"product_id": "A0E2000000021S2089", "quantity": 100, "fulfillment_node_id": "US01"}, {"product_id": "A0E2000000021S79", "quantity": 100, "fulfillment_node_id": "US01"}, {"product_id": "A0E2000000021S80", "quantity": 100, "fulfillment_node_id": "US01"}, {"product_id": "A0E2000000021S81", "quantity": 100, "fulfillment_node_id": "US01"}, {"product_id": "A0E2000000021S82", "quantity": 100, "fulfillment_node_id": "US01"}, {"product_id": "A0E2000000021S83", "quantity": 100, "fulfillment_node_id": "US01"}, {"product_id": "A0E2000000021S84", "quantity": 100, "fulfillment_node_id": "US01"}, {"product_id": "A0E2000000021S85", "quantity": 100, "fulfillment_node_id": "US01"}, {"product_id": "A0E2000000021S86", "quantity": 100, "fulfillment_node_id": "US01"}, {"product_id": "A0E2000000021S87", "quantity": 100, "fulfillment_node_id": "US01"}, {"product_id": "A0E2000000021S88", "quantity": 100, "fulfillment_node_id": "US01"}, {"product_id": "A0E2000000021S89", "quantity": 100, "fulfillment_node_id": "US01"}, {"product_id": "A0E2000000021S90", "quantity": 100, "fulfillment_node_id": "US01"}, {"product_id": "A0E2000000021S14774", "quantity": 100, "fulfillment_node_id": "US01"}, {"product_id": "A0E2000000021S14775", "quantity": 100, "fulfillment_node_id": "US01"}, {"product_id": "A0E2000000021S14776", "quantity": 100, "fulfillment_node_id": "US01"}, {"product_id": "A0E2000000021S14777", "quantity": 100, "fulfillment_node_id": "US01"}, {"product_id": "A0E2000000021S14778", "quantity": 100, "fulfillment_node_id": "US01"}, {"product_id": "A0E2000000021S14779", "quantity": 100, "fulfillment_node_id": "US01"}, {"product_id": "A0E2000000021S14780", "quantity": 100, "fulfillment_node_id": "US01"}, {"product_id": "A0E2000000021S14781", "quantity": 100, "fulfillment_node_id": "US01"}, {"product_id": "A0E2000000021S14782", "quantity": 100, "fulfillment_node_id": "US01"}, {"product_id": "A0E2000000021S14783", "quantity": 100, "fulfillment_node_id": "US01"}, {"product_id": "A0E2000000021S14784", "quantity": 100, "fulfillment_node_id": "US01"}, {"product_id": "A0E2000000021S14785", "quantity": 100, "fulfillment_node_id": "US01"}, {"product_id": "A0E2000000021S14786", "quantity": 100, "fulfillment_node_id": "US01"}, {"product_id": "A0E2000000021S14787", "quantity": 100, "fulfillment_node_id": "US01"}, {"product_id": "A0E2000000021S14788", "quantity": 100, "fulfillment_node_id": "US01"}, {"product_id": "A0E2000000021S14789", "quantity": 100, "fulfillment_node_id": "US01"}, {"product_id": "A0E2000000021S14790", "quantity": 100, "fulfillment_node_id": "US01"}, {"product_id": "A0E2000000021S14791", "quantity": 100, "fulfillment_node_id": "US01"}, {"product_id": "A0E2000000021S14792", "quantity": 100, "fulfillment_node_id": "US01"}, {"product_id": "A0E2000000021S14793", "quantity": 100, "fulfillment_node_id": "US01"}, {"product_id": "A0E2000000021S14794", "quantity": 100, "fulfillment_node_id": "US01"}, {"product_id": "A0E2000000021S14795", "quantity": 100, "fulfillment_node_id": "US01"}, {"product_id": "A0E2000000021S14796", "quantity": 100, "fulfillment_node_id": "US01"}, {"product_id": "A0E2000000021S14797", "quantity": 100, "fulfillment_node_id": "US01"}, {"product_id": "A0E2000000021S14798", "quantity": 100, "fulfillment_node_id": "US01"}, {"product_id": "A0E2000000021S14799", "quantity": 100, "fulfillment_node_id": "US01"}, {"product_id": "A0E2000000021S14800", "quantity": 100, "fulfillment_node_id": "US01"}, {"product_id": "A0E2000000021S14801", "quantity": 100, "fulfillment_node_id": "US01"}, {"product_id": "A0E2000000021S14802", "quantity": 100, "fulfillment_node_id": "US01"}, {"product_id": "A0E2000000021S14803", "quantity": 100, "fulfillment_node_id": "US01"}, {"product_id": "A0E2000000021S15210", "quantity": 100, "fulfillment_node_id": "US01"}, {"product_id": "A0E2000000021S15211", "quantity": 100, "fulfillment_node_id": "US01"}, {"product_id": "A0E2000000021S15212", "quantity": 100, "fulfillment_node_id": "US01"}, {"product_id": "A0E2000000021S15213", "quantity": 100, "fulfillment_node_id": "US01"}, {"product_id": "A0E2000000021S15214", "quantity": 100, "fulfillment_node_id": "US01"}, {"product_id": "A0E2000000021S15215", "quantity": 100, "fulfillment_node_id": "US01"}, {"product_id": "A0E2000000021S15216", "quantity": 100, "fulfillment_node_id": "US01"}, {"product_id": "A0E2000000021S15217", "quantity": 100, "fulfillment_node_id": "US01"}, {"product_id": "A0E2000000021S15218", "quantity": 100, "fulfillment_node_id": "US01"}, {"product_id": "A0E2000000021S15219", "quantity": 100, "fulfillment_node_id": "US01"}, {"product_id": "A0E2000000021S15220", "quantity": 100, "fulfillment_node_id": "US01"}, {"product_id": "A0E2000000021S15221", "quantity": 100, "fulfillment_node_id": "US01"}, {"product_id": "A0E2000000021S15222", "quantity": 100, "fulfillment_node_id": "US01"}, {"product_id": "A0E2000000021S15223", "quantity": 100, "fulfillment_node_id": "US01"}, {"product_id": "A0E2000000021S15224", "quantity": 100, "fulfillment_node_id": "US01"}, {"product_id": "A0E2000000021S15225", "quantity": 100, "fulfillment_node_id": "US01"}, {"product_id": "A0E2000000021S15226", "quantity": 100, "fulfillment_node_id": "US01"}, {"product_id": "A0E2000000021S15227", "quantity": 100, "fulfillment_node_id": "US01"}, {"product_id": "A0E2000000021S15228", "quantity": 100, "fulfillment_node_id": "US01"}, {"product_id": "A0E2000000021S15229", "quantity": 100, "fulfillment_node_id": "US01"}, {"product_id": "A0E2000000021S15230", "quantity": 100, "fulfillment_node_id": "US01"}, {"product_id": "A0E2000000021S15231", "quantity": 100, "fulfillment_node_id": "US01"}, {"product_id": "A0E2000000021S15232", "quantity": 100, "fulfillment_node_id": "US01"}, {"product_id": "A0E2000000021S15233", "quantity": 100, "fulfillment_node_id": "US01"}, {"product_id": "A0E2000000021S14577", "quantity": 100, "fulfillment_node_id": "US01"}, {"product_id": "A0E2000000021S14578", "quantity": 100, "fulfillment_node_id": "US01"}, {"product_id": "A0E2000000021S14579", "quantity": 100, "fulfillment_node_id": "US01"}, {"product_id": "A0E2000000021S14580", "quantity": 100, "fulfillment_node_id": "US01"}, {"product_id": "A0E2000000021S14581", "quantity": 100, "fulfillment_node_id": "US01"}, {"product_id": "A0E2000000021S14582", "quantity": 100, "fulfillment_node_id": "US01"}, {"product_id": "A0E2000000021S14583", "quantity": 100, "fulfillment_node_id": "US01"}, {"product_id": "A0E2000000021S14584", "quantity": 100, "fulfillment_node_id": "US01"}, {"product_id": "A0E2000000021S14585", "quantity": 100, "fulfillment_node_id": "US01"}, {"product_id": "A0E2000000021S14586", "quantity": 100, "fulfillment_node_id": "US01"}, {"product_id": "A0E2000000021S14587", "quantity": 100, "fulfillment_node_id": "US01"}, {"product_id": "A0E2000000021S140", "quantity": 100, "fulfillment_node_id": "US01"}, {"product_id": "A0E2000000021S141", "quantity": 100, "fulfillment_node_id": "US01"}, {"product_id": "A0E2000000021S142", "quantity": 100, "fulfillment_node_id": "US01"}, {"product_id": "A0E2000000021S143", "quantity": 100, "fulfillment_node_id": "US01"}, {"product_id": "A0E2000000021S144", "quantity": 100, "fulfillment_node_id": "US01"}, {"product_id": "A0E2000000021S145", "quantity": 100, "fulfillment_node_id": "US01"}, {"product_id": "A0E2000000021S146", "quantity": 100, "fulfillment_node_id": "US01"}, {"product_id": "A0E2000000021S147", "quantity": 100, "fulfillment_node_id": "US01"}, {"product_id": "A0E2000000021S148", "quantity": 100, "fulfillment_node_id": "US01"}, {"product_id": "A0E2000000021S149", "quantity": 100, "fulfillment_node_id": "US01"}, {"product_id": "A0E2000000021S150", "quantity": 100, "fulfillment_node_id": "US01"}, {"product_id": "A0E2000000021S151", "quantity": 100, "fulfillment_node_id": "US01"}, {"product_id": "A0E2000000021S3191", "quantity": 100, "fulfillment_node_id": "US01"}, {"product_id": "A0E2000000021S3192", "quantity": 100, "fulfillment_node_id": "US01"}, {"product_id": "A0E2000000021S3193", "quantity": 100, "fulfillment_node_id": "US01"}, {"product_id": "A0E2000000021S3194", "quantity": 100, "fulfillment_node_id": "US01"}, {"product_id": "A0E2000000021S3195", "quantity": 100, "fulfillment_node_id": "US01"}, {"product_id": "A0E2000000021S3196", "quantity": 100, "fulfillment_node_id": "US01"}, {"product_id": "A0E2000000021S3197", "quantity": 100, "fulfillment_node_id": "US01"}, {"product_id": "A0E2000000021S3198", "quantity": 100, "fulfillment_node_id": "US01"}, {"product_id": "A0E2000000021S3199", "quantity": 100, "fulfillment_node_id": "US01"}, {"product_id": "A0E2000000021S3200", "quantity": 100, "fulfillment_node_id": "US01"}, {"product_id": "A0E2000000021S3201", "quantity": 100, "fulfillment_node_id": "US01"}, {"product_id": "A0E2000000021S3202", "quantity": 100, "fulfillment_node_id": "US01"}, {"product_id": "A0E2000000021S2332", "quantity": 100, "fulfillment_node_id": "US01"}, {"product_id": "A0E2000000021S2333", "quantity": 100, "fulfillment_node_id": "US01"}, {"product_id": "A0E2000000021S2334", "quantity": 100, "fulfillment_node_id": "US01"}, {"product_id": "A0E2000000021S2335", "quantity": 100, "fulfillment_node_id": "US01"}, {"product_id": "A0E2000000021S2336", "quantity": 100, "fulfillment_node_id": "US01"}, {"product_id": "A0E2000000021S2337", "quantity": 100, "fulfillment_node_id": "US01"}, {"product_id": "A0E2000000021S2338", "quantity": 100, "fulfillment_node_id": "US01"}, {"product_id": "A0E2000000021S2339", "quantity": 100, "fulfillment_node_id": "US01"}, {"product_id": "A0E2000000021S2340", "quantity": 100, "fulfillment_node_id": "US01"}, {"product_id": "A0E2000000021S2341", "quantity": 100, "fulfillment_node_id": "US01"}, {"product_id": "A0E2000000021S2342", "quantity": 100, "fulfillment_node_id": "US01"}, {"product_id": "A0E2000000021S2343", "quantity": 100, "fulfillment_node_id": "US01"}, {"product_id": "A0E2000000021S2344", "quantity": 100, "fulfillment_node_id": "US01"}, {"product_id": "A0E2000000021S2345", "quantity": 100, "fulfillment_node_id": "US01"}, {"product_id": "A0E2000000021S2346", "quantity": 100, "fulfillment_node_id": "US01"}, {"product_id": "A0E2000000021S2347", "quantity": 100, "fulfillment_node_id": "US01"}, {"product_id": "A0E2000000021S2348", "quantity": 100, "fulfillment_node_id": "US01"}, {"product_id": "A0E2000000021S2349", "quantity": 100, "fulfillment_node_id": "US01"}, {"product_id": "A0E2000000021S2350", "quantity": 100, "fulfillment_node_id": "US01"}, {"product_id": "A0E2000000021S2351", "quantity": 100, "fulfillment_node_id": "US01"}, {"product_id": "A0E2000000021S2352", "quantity": 100, "fulfillment_node_id": "US01"}, {"product_id": "A0E2000000021S2353", "quantity": 100, "fulfillment_node_id": "US01"}, {"product_id": "A0E2000000021S2354", "quantity": 100, "fulfillment_node_id": "US01"}, {"product_id": "A0E2000000021S2355", "quantity": 100, "fulfillment_node_id": "US01"}, {"product_id": "A0E2000000021S2356", "quantity": 100, "fulfillment_node_id": "US01"}, {"product_id": "A0E2000000021S2357", "quantity": 100, "fulfillment_node_id": "US01"}, {"product_id": "A0E2000000021S2358", "quantity": 100, "fulfillment_node_id": "US01"}, {"product_id": "A0E2000000021S2359", "quantity": 100, "fulfillment_node_id": "US01"}, {"product_id": "A0E2000000021S2360", "quantity": 100, "fulfillment_node_id": "US01"}, {"product_id": "A0E2000000021S2361", "quantity": 100, "fulfillment_node_id": "US01"}, {"product_id": "A0E2000000021S2362", "quantity": 100, "fulfillment_node_id": "US01"}, {"product_id": "A0E2000000021S2363", "quantity": 100, "fulfillment_node_id": "US01"}, {"product_id": "A0E2000000021S2364", "quantity": 100, "fulfillment_node_id": "US01"}, {"product_id": "A0E2000000021S2365", "quantity": 100, "fulfillment_node_id": "US01"}, {"product_id": "A0E2000000021S2366", "quantity": 100, "fulfillment_node_id": "US01"}, {"product_id": "A0E2000000021S2367", "quantity": 100, "fulfillment_node_id": "US01"}, {"product_id": "A0E2000000021S107", "quantity": 100, "fulfillment_node_id": "US01"}, {"product_id": "A0E2000000021S108", "quantity": 100, "fulfillment_node_id": "US01"}, {"product_id": "A0E2000000021S109", "quantity": 100, "fulfillment_node_id": "US01"}, {"product_id": "A0E2000000021S110", "quantity": 100, "fulfillment_node_id": "US01"}, {"product_id": "A0E2000000021S111", "quantity": 100, "fulfillment_node_id": "US01"}, {"product_id": "A0E2000000021S112", "quantity": 100, "fulfillment_node_id": "US01"}, {"product_id": "A0E2000000021S113", "quantity": 100, "fulfillment_node_id": "US01"}, {"product_id": "A0E2000000021S114", "quantity": 100, "fulfillment_node_id": "US01"}, {"product_id": "A0E2000000021S115", "quantity": 100, "fulfillment_node_id": "US01"}, {"product_id": "A0E2000000021S116", "quantity": 100, "fulfillment_node_id": "US01"}, {"product_id": "A0E2000000021S117", "quantity": 100, "fulfillment_node_id": "US01"}, {"product_id": "A0E2000000021S118", "quantity": 100, "fulfillment_node_id": "US01"}, {"product_id": "A0E2000000021S14045", "quantity": 100, "fulfillment_node_id": "US01"}, {"product_id": "A0E2000000021S14046", "quantity": 100, "fulfillment_node_id": "US01"}, {"product_id": "A0E2000000021S14047", "quantity": 100, "fulfillment_node_id": "US01"}, {"product_id": "A0E2000000021S14048", "quantity": 100, "fulfillment_node_id": "US01"}, {"product_id": "A0E2000000021S14049", "quantity": 100, "fulfillment_node_id": "US01"}, {"product_id": "A0E2000000021S14050", "quantity": 100, "fulfillment_node_id": "US01"}, {"product_id": "A0E2000000021S14051", "quantity": 100, "fulfillment_node_id": "US01"}, {"product_id": "A0E2000000021S14052", "quantity": 100, "fulfillment_node_id": "US01"}, {"product_id": "A0E2000000021S14053", "quantity": 100, "fulfillment_node_id": "US01"}, {"product_id": "A0E2000000021S14054", "quantity": 100, "fulfillment_node_id": "US01"}, {"product_id": "A0E2000000021S14055", "quantity": 100, "fulfillment_node_id": "US01"}, {"product_id": "A0E2000000021S14056", "quantity": 100, "fulfillment_node_id": "US01"}, {"product_id": "A0E2000000021S14057", "quantity": 100, "fulfillment_node_id": "US01"}, {"product_id": "A0E2000000021S14058", "quantity": 100, "fulfillment_node_id": "US01"}, {"product_id": "A0E2000000021S14059", "quantity": 100, "fulfillment_node_id": "US01"}, {"product_id": "A0E2000000021S14060", "quantity": 100, "fulfillment_node_id": "US01"}, {"product_id": "A0E2000000021S14061", "quantity": 100, "fulfillment_node_id": "US01"}, {"product_id": "A0E2000000021S14062", "quantity": 100, "fulfillment_node_id": "US01"}, {"product_id": "A0E2000000021S14063", "quantity": 100, "fulfillment_node_id": "US01"}, {"product_id": "A0E2000000021S14064", "quantity": 100, "fulfillment_node_id": "US01"}, {"product_id": "A0E2000000021S14065", "quantity": 100, "fulfillment_node_id": "US01"}, {"product_id": "A0E2000000021S14066", "quantity": 100, "fulfillment_node_id": "US01"}, {"product_id": "A0E2000000021S14067", "quantity": 100, "fulfillment_node_id": "US01"}, {"product_id": "A0E2000000021S14068", "quantity": 100, "fulfillment_node_id": "US01"}, {"product_id": "A0E2000000021S14069", "quantity": 100, "fulfillment_node_id": "US01"}, {"product_id": "A0E2000000021S14070", "quantity": 100, "fulfillment_node_id": "US01"}, {"product_id": "A0E2000000021S14071", "quantity": 100, "fulfillment_node_id": "US01"}, {"product_id": "A0E2000000021S14072", "quantity": 100, "fulfillment_node_id": "US01"}, {"product_id": "A0E2000000021S14073", "quantity": 100, "fulfillment_node_id": "US01"}, {"product_id": "A0E2000000021S14074", "quantity": 100, "fulfillment_node_id": "US01"}, {"product_id": "A0E2000000021S14075", "quantity": 100, "fulfillment_node_id": "US01"}, {"product_id": "A0E2000000021S14076", "quantity": 100, "fulfillment_node_id": "US01"}, {"product_id": "A0E2000000021S14077", "quantity": 100, "fulfillment_node_id": "US01"}, {"product_id": "A0E2000000021S14078", "quantity": 100, "fulfillment_node_id": "US01"}, {"product_id": "A0E2000000021S14079", "quantity": 100, "fulfillment_node_id": "US01"}, {"product_id": "A0E2000000021S14080", "quantity": 100, "fulfillment_node_id": "US01"}, {"product_id": "A0E2000000021S14267", "quantity": 100, "fulfillment_node_id": "US01"}, {"product_id": "A0E2000000021S14268", "quantity": 100, "fulfillment_node_id": "US01"}, {"product_id": "A0E2000000021S14269", "quantity": 100, "fulfillment_node_id": "US01"}, {"product_id": "A0E2000000021S14270", "quantity": 100, "fulfillment_node_id": "US01"}, {"product_id": "A0E2000000021S14271", "quantity": 100, "fulfillment_node_id": "US01"}, {"product_id": "A0E2000000021S14272", "quantity": 100, "fulfillment_node_id": "US01"}, {"product_id": "A0E2000000021S14273", "quantity": 100, "fulfillment_node_id": "US01"}, {"product_id": "A0E2000000021S14274", "quantity": 100, "fulfillment_node_id": "US01"}, {"product_id": "A0E2000000021S14275", "quantity": 100, "fulfillment_node_id": "US01"}, {"product_id": "A0E2000000021S14276", "quantity": 100, "fulfillment_node_id": "US01"}, {"product_id": "A0E2000000021S14277", "quantity": 100, "fulfillment_node_id": "US01"}, {"product_id": "A0E2000000021S14278", "quantity": 100, "fulfillment_node_id": "US01"}, {"product_id": "A0E2000000021S1992", "quantity": 100, "fulfillment_node_id": "US01"}, {"product_id": "A0E2000000021S1993", "quantity": 100, "fulfillment_node_id": "US01"}, {"product_id": "A0E2000000021S1994", "quantity": 100, "fulfillment_node_id": "US01"}, {"product_id": "A0E2000000021S1995", "quantity": 100, "fulfillment_node_id": "US01"}, {"product_id": "A0E2000000021S1996", "quantity": 100, "fulfillment_node_id": "US01"}, {"product_id": "A0E2000000021S1997", "quantity": 100, "fulfillment_node_id": "US01"}, {"product_id": "A0E2000000021S1998", "quantity": 100, "fulfillment_node_id": "US01"}, {"product_id": "A0E2000000021S1999", "quantity": 100, "fulfillment_node_id": "US01"}, {"product_id": "A0E2000000021S2000", "quantity": 100, "fulfillment_node_id": "US01"}, {"product_id": "A0E2000000021S2001", "quantity": 100, "fulfillment_node_id": "US01"}, {"product_id": "A0E2000000021S2002", "quantity": 100, "fulfillment_node_id": "US01"}, {"product_id": "A0E2000000021S2003", "quantity": 100, "fulfillment_node_id": "US01"}, {"product_id": "A0E2000000021S13310", "quantity": 100, "fulfillment_node_id": "US01"}, {"product_id": "A0E2000000021S13311", "quantity": 100, "fulfillment_node_id": "US01"}, {"product_id": "A0E2000000021S13312", "quantity": 100, "fulfillment_node_id": "US01"}, {"product_id": "A0E2000000021S13313", "quantity": 100, "fulfillment_node_id": "US01"}, {"product_id": "A0E2000000021S13314", "quantity": 100, "fulfillment_node_id": "US01"}, {"product_id": "A0E2000000021S13315", "quantity": 100, "fulfillment_node_id": "US01"}, {"product_id": "A0E2000000021S13316", "quantity": 100, "fulfillment_node_id": "US01"}, {"product_id": "A0E2000000021S13317", "quantity": 100, "fulfillment_node_id": "US01"}, {"product_id": "A0E2000000021S13318", "quantity": 100, "fulfillment_node_id": "US01"}, {"product_id": "A0E2000000021S13319", "quantity": 100, "fulfillment_node_id": "US01"}, {"product_id": "A0E2000000021S13320", "quantity": 100, "fulfillment_node_id": "US01"}, {"product_id": "A0E2000000021S13321", "quantity": 100, "fulfillment_node_id": "US01"}, {"product_id": "A0E2000000021S13322", "quantity": 100, "fulfillment_node_id": "US01"}, {"product_id": "A0E2000000021S13323", "quantity": 100, "fulfillment_node_id": "US01"}, {"product_id": "A0E2000000021S13324", "quantity": 100, "fulfillment_node_id": "US01"}, {"product_id": "A0E2000000021S13325", "quantity": 100, "fulfillment_node_id": "US01"}, {"product_id": "A0E2000000021S13326", "quantity": 100, "fulfillment_node_id": "US01"}, {"product_id": "A0E2000000021S13327", "quantity": 100, "fulfillment_node_id": "US01"}, {"product_id": "A0E2000000021S13328", "quantity": 100, "fulfillment_node_id": "US01"}, {"product_id": "A0E2000000021S13329", "quantity": 100, "fulfillment_node_id": "US01"}, {"product_id": "A0E2000000021S13330", "quantity": 100, "fulfillment_node_id": "US01"}, {"product_id": "A0E2000000021S13331", "quantity": 100, "fulfillment_node_id": "US01"}, {"product_id": "A0E2000000021S13332", "quantity": 100, "fulfillment_node_id": "US01"}, {"product_id": "A0E2000000021S13333", "quantity": 100, "fulfillment_node_id": "US01"}, {"product_id": "A0E2000000021S13334", "quantity": 100, "fulfillment_node_id": "US01"}, {"product_id": "A0E2000000021S13335", "quantity": 100, "fulfillment_node_id": "US01"}, {"product_id": "A0E2000000021S13336", "quantity": 100, "fulfillment_node_id": "US01"}, {"product_id": "A0E2000000021S13337", "quantity": 100, "fulfillment_node_id": "US01"}, {"product_id": "A0E2000000021S13338", "quantity": 100, "fulfillment_node_id": "US01"}, {"product_id": "A0E2000000021S13339", "quantity": 100, "fulfillment_node_id": "US01"}, {"product_id": "A0E2000000021S13340", "quantity": 100, "fulfillment_node_id": "US01"}, {"product_id": "A0E2000000021S13341", "quantity": 100, "fulfillment_node_id": "US01"}, {"product_id": "A0E2000000021S13342", "quantity": 100, "fulfillment_node_id": "US01"}, {"product_id": "A0E2000000021S13343", "quantity": 100, "fulfillment_node_id": "US01"}, {"product_id": "A0E2000000021S13344", "quantity": 100, "fulfillment_node_id": "US01"}, {"product_id": "A0E2000000021S13345", "quantity": 100, "fulfillment_node_id": "US01"}, {"product_id": "A0E2000000021S182", "quantity": 100, "fulfillment_node_id": "US01"}, {"product_id": "A0E2000000021S183", "quantity": 100, "fulfillment_node_id": "US01"}, {"product_id": "A0E2000000021S184", "quantity": 100, "fulfillment_node_id": "US01"}, {"product_id": "A0E2000000021S185", "quantity": 100, "fulfillment_node_id": "US01"}, {"product_id": "A0E2000000021S186", "quantity": 100, "fulfillment_node_id": "US01"}, {"product_id": "A0E2000000021S187", "quantity": 100, "fulfillment_node_id": "US01"}, {"product_id": "A0E2000000021S188", "quantity": 100, "fulfillment_node_id": "US01"}, {"product_id": "A0E2000000021S189", "quantity": 100, "fulfillment_node_id": "US01"}, {"product_id": "A0E2000000021S190", "quantity": 100, "fulfillment_node_id": "US01"}, {"product_id": "A0E2000000021S191", "quantity": 100, "fulfillment_node_id": "US01"}, {"product_id": "A0E2000000021S192", "quantity": 100, "fulfillment_node_id": "US01"}, {"product_id": "A0E2000000021S193", "quantity": 100, "fulfillment_node_id": "US01"}, {"product_id": "A0E2000000021S194", "quantity": 100, "fulfillment_node_id": "US01"}, {"product_id": "A0E2000000021S195", "quantity": 100, "fulfillment_node_id": "US01"}, {"product_id": "A0E2000000021S196", "quantity": 100, "fulfillment_node_id": "US01"}, {"product_id": "A0E2000000021S197", "quantity": 100, "fulfillment_node_id": "US01"}, {"product_id": "A0E2000000021S198", "quantity": 100, "fulfillment_node_id": "US01"}, {"product_id": "A0E2000000021S199", "quantity": 100, "fulfillment_node_id": "US01"}, {"product_id": "A0E2000000021S200", "quantity": 100, "fulfillment_node_id": "US01"}, {"product_id": "A0E2000000021S201", "quantity": 100, "fulfillment_node_id": "US01"}, {"product_id": "A0E2000000021S202", "quantity": 100, "fulfillment_node_id": "US01"}, {"product_id": "A0E2000000021S203", "quantity": 100, "fulfillment_node_id": "US01"}, {"product_id": "A0E2000000021S204", "quantity": 100, "fulfillment_node_id": "US01"}, {"product_id": "A0E2000000021S205", "quantity": 100, "fulfillment_node_id": "US01"}, {"product_id": "A0E2000000021S206", "quantity": 100, "fulfillment_node_id": "US01"}, {"product_id": "A0E2000000021S207", "quantity": 100, "fulfillment_node_id": "US01"}, {"product_id": "A0E2000000021S208", "quantity": 100, "fulfillment_node_id": "US01"}, {"product_id": "A0E2000000021S209", "quantity": 100, "fulfillment_node_id": "US01"}, {"product_id": "A0E2000000021S210", "quantity": 100, "fulfillment_node_id": "US01"}, {"product_id": "A0E2000000021S211", "quantity": 100, "fulfillment_node_id": "US01"}, {"product_id": "A0E2000000021S212", "quantity": 100, "fulfillment_node_id": "US01"}, {"product_id": "A0E2000000021S213", "quantity": 100, "fulfillment_node_id": "US01"}, {"product_id": "A0E2000000021S214", "quantity": 100, "fulfillment_node_id": "US01"}, {"product_id": "A0E2000000021S215", "quantity": 100, "fulfillment_node_id": "US01"}, {"product_id": "A0E2000000021S216", "quantity": 100, "fulfillment_node_id": "US01"}, {"product_id": "A0E2000000021S217", "quantity": 100, "fulfillment_node_id": "US01"}, {"product_id": "A0E2000000021S12984", "quantity": 100, "fulfillment_node_id": "US01"}, {"product_id": "A0E2000000021S12985", "quantity": 100, "fulfillment_node_id": "US01"}, {"product_id": "A0E2000000021S12986", "quantity": 100, "fulfillment_node_id": "US01"}, {"product_id": "A0E2000000021S12987", "quantity": 100, "fulfillment_node_id": "US01"}, {"product_id": "A0E2000000021S12988", "quantity": 100, "fulfillment_node_id": "US01"}, {"product_id": "A0E2000000021S12989", "quantity": 100, "fulfillment_node_id": "US01"}, {"product_id": "A0E2000000021S12990", "quantity": 100, "fulfillment_node_id": "US01"}, {"product_id": "A0E2000000021S12991", "quantity": 100, "fulfillment_node_id": "US01"}, {"product_id": "A0E2000000021S12992", "quantity": 100, "fulfillment_node_id": "US01"}, {"product_id": "A0E2000000021S12993", "quantity": 100, "fulfillment_node_id": "US01"}, {"product_id": "A0E2000000021S12994", "quantity": 100, "fulfillment_node_id": "US01"}, {"product_id": "A0E2000000021S12995", "quantity": 100, "fulfillment_node_id": "US01"}, {"product_id": "A0E2000000021S12996", "quantity": 100, "fulfillment_node_id": "US01"}, {"product_id": "A0E2000000021S12997", "quantity": 100, "fulfillment_node_id": "US01"}, {"product_id": "A0E2000000021S12998", "quantity": 100, "fulfillment_node_id": "US01"}, {"product_id": "A0E2000000021S12999", "quantity": 100, "fulfillment_node_id": "US01"}, {"product_id": "A0E2000000021S13000", "quantity": 100, "fulfillment_node_id": "US01"}, {"product_id": "A0E2000000021S13001", "quantity": 100, "fulfillment_node_id": "US01"}, {"product_id": "A0E2000000021S13002", "quantity": 100, "fulfillment_node_id": "US01"}, {"product_id": "A0E2000000021S13003", "quantity": 100, "fulfillment_node_id": "US01"}, {"product_id": "A0E2000000021S13004", "quantity": 100, "fulfillment_node_id": "US01"}, {"product_id": "A0E2000000021S13005", "quantity": 100, "fulfillment_node_id": "US01"}, {"product_id": "A0E2000000021S13006", "quantity": 100, "fulfillment_node_id": "US01"}, {"product_id": "A0E2000000021S13007", "quantity": 100, "fulfillment_node_id": "US01"}, {"product_id": "A0E2000000021S13008", "quantity": 100, "fulfillment_node_id": "US01"}, {"product_id": "A0E2000000021S13009", "quantity": 100, "fulfillment_node_id": "US01"}, {"product_id": "A0E2000000021S13010", "quantity": 100, "fulfillment_node_id": "US01"}, {"product_id": "A0E2000000021S13011", "quantity": 100, "fulfillment_node_id": "US01"}, {"product_id": "A0E2000000021S13012", "quantity": 100, "fulfillment_node_id": "US01"}, {"product_id": "A0E2000000021S13013", "quantity": 100, "fulfillment_node_id": "US01"}, {"product_id": "A0E2000000021S1864", "quantity": 100, "fulfillment_node_id": "US01"}, {"product_id": "A0E2000000021S1865", "quantity": 100, "fulfillment_node_id": "US01"}, {"product_id": "A0E2000000021S1866", "quantity": 100, "fulfillment_node_id": "US01"}, {"product_id": "A0E2000000021S1867", "quantity": 100, "fulfillment_node_id": "US01"}, {"product_id": "A0E2000000021S1868", "quantity": 100, "fulfillment_node_id": "US01"}, {"product_id": "A0E2000000021S1869", "quantity": 100, "fulfillment_node_id": "US01"}, {"product_id": "A0E2000000021S1870", "quantity": 100, "fulfillment_node_id": "US01"}, {"product_id": "A0E2000000021S1871", "quantity": 100, "fulfillment_node_id": "US01"}, {"product_id": "A0E2000000021S1872", "quantity": 100, "fulfillment_node_id": "US01"}, {"product_id": "A0E2000000021S1873", "quantity": 100, "fulfillment_node_id": "US01"}, {"product_id": "A0E2000000021S1874", "quantity": 100, "fulfillment_node_id": "US01"}, {"product_id": "A0E2000000021S1875", "quantity": 100, "fulfillment_node_id": "US01"}, {"product_id": "A0E2000000021S1351", "quantity": 100, "fulfillment_node_id": "US01"}, {"product_id": "A0E2000000021S1352", "quantity": 100, "fulfillment_node_id": "US01"}, {"product_id": "A0E2000000021S1353", "quantity": 100, "fulfillment_node_id": "US01"}, {"product_id": "A0E2000000021S1354", "quantity": 100, "fulfillment_node_id": "US01"}, {"product_id": "A0E2000000021S1355", "quantity": 100, "fulfillment_node_id": "US01"}, {"product_id": "A0E2000000021S1356", "quantity": 100, "fulfillment_node_id": "US01"}, {"product_id": "A0E2000000021S1357", "quantity": 100, "fulfillment_node_id": "US01"}, {"product_id": "A0E2000000021S1358", "quantity": 100, "fulfillment_node_id": "US01"}, {"product_id": "A0E2000000021S1359", "quantity": 100, "fulfillment_node_id": "US01"}, {"product_id": "A0E2000000021S1360", "quantity": 100, "fulfillment_node_id": "US01"}, {"product_id": "A0E2000000021S1361", "quantity": 100, "fulfillment_node_id": "US01"}, {"product_id": "A0E2000000021S1362", "quantity": 100, "fulfillment_node_id": "US01"}, {"product_id": "A0E2000000021S1910", "quantity": 100, "fulfillment_node_id": "US01"}, {"product_id": "A0E2000000021S1911", "quantity": 100, "fulfillment_node_id": "US01"}, {"product_id": "A0E2000000021S1912", "quantity": 100, "fulfillment_node_id": "US01"}, {"product_id": "A0E2000000021S1913", "quantity": 100, "fulfillment_node_id": "US01"}, {"product_id": "A0E2000000021S1914", "quantity": 100, "fulfillment_node_id": "US01"}, {"product_id": "A0E2000000021S1915", "quantity": 100, "fulfillment_node_id": "US01"}, {"product_id": "A0E2000000021S1916", "quantity": 100, "fulfillment_node_id": "US01"}, {"product_id": "A0E2000000021S1917", "quantity": 100, "fulfillment_node_id": "US01"}, {"product_id": "A0E2000000021S1918", "quantity": 100, "fulfillment_node_id": "US01"}, {"product_id": "A0E2000000021S1919", "quantity": 100, "fulfillment_node_id": "US01"}, {"product_id": "A0E2000000021S1920", "quantity": 100, "fulfillment_node_id": "US01"}, {"product_id": "A0E2000000021S1921", "quantity": 100, "fulfillment_node_id": "US01"}, {"product_id": "A0E2000000021S16", "quantity": 100, "fulfillment_node_id": "US01"}, {"product_id": "A0E2000000021S17", "quantity": 100, "fulfillment_node_id": "US01"}, {"product_id": "A0E2000000021S18", "quantity": 100, "fulfillment_node_id": "US01"}, {"product_id": "A0E2000000021S19", "quantity": 100, "fulfillment_node_id": "US01"}, {"product_id": "A0E2000000021S20", "quantity": 100, "fulfillment_node_id": "US01"}, {"product_id": "A0E2000000021S21", "quantity": 100, "fulfillment_node_id": "US01"}, {"product_id": "A0E2000000021S22", "quantity": 100, "fulfillment_node_id": "US01"}, {"product_id": "A0E2000000021S23", "quantity": 100, "fulfillment_node_id": "US01"}, {"product_id": "A0E2000000021S24", "quantity": 100, "fulfillment_node_id": "US01"}, {"product_id": "A0E2000000021S25", "quantity": 100, "fulfillment_node_id": "US01"}, {"product_id": "A0E2000000021S26", "quantity": 100, "fulfillment_node_id": "US01"}, {"product_id": "A0E2000000021S27", "quantity": 100, "fulfillment_node_id": "US01"}, {"product_id": "A0E2000000021S14178", "quantity": 100, "fulfillment_node_id": "US01"}, {"product_id": "A0E2000000021S14179", "quantity": 100, "fulfillment_node_id": "US01"}, {"product_id": "A0E2000000021S14180", "quantity": 100, "fulfillment_node_id": "US01"}, {"product_id": "A0E2000000021S14181", "quantity": 100, "fulfillment_node_id": "US01"}, {"product_id": "A0E2000000021S14182", "quantity": 100, "fulfillment_node_id": "US01"}, {"product_id": "A0E2000000021S14183", "quantity": 100, "fulfillment_node_id": "US01"}, {"product_id": "A0E2000000021S14184", "quantity": 100, "fulfillment_node_id": "US01"}, {"product_id": "A0E2000000021S14185", "quantity": 100, "fulfillment_node_id": "US01"}, {"product_id": "A0E2000000021S14186", "quantity": 100, "fulfillment_node_id": "US01"}, {"product_id": "A0E2000000021S14187", "quantity": 100, "fulfillment_node_id": "US01"}, {"product_id": "A0E2000000021S14188", "quantity": 100, "fulfillment_node_id": "US01"}, {"product_id": "A0E2000000021S14189", "quantity": 100, "fulfillment_node_id": "US01"}, {"product_id": "A0E2000000021S14190", "quantity": 100, "fulfillment_node_id": "US01"}, {"product_id": "A0E2000000021S14191", "quantity": 100, "fulfillment_node_id": "US01"}, {"product_id": "A0E2000000021S14192", "quantity": 100, "fulfillment_node_id": "US01"}, {"product_id": "A0E2000000021S14193", "quantity": 100, "fulfillment_node_id": "US01"}, {"product_id": "A0E2000000021S14194", "quantity": 100, "fulfillment_node_id": "US01"}, {"product_id": "A0E2000000021S14195", "quantity": 100, "fulfillment_node_id": "US01"}, {"product_id": "A0E2000000021S14196", "quantity": 100, "fulfillment_node_id": "US01"}, {"product_id": "A0E2000000021S14197", "quantity": 100, "fulfillment_node_id": "US01"}, {"product_id": "A0E2000000021S14198", "quantity": 100, "fulfillment_node_id": "US01"}, {"product_id": "A0E2000000021S14199", "quantity": 100, "fulfillment_node_id": "US01"}, {"product_id": "A0E2000000021S14200", "quantity": 100, "fulfillment_node_id": "US01"}, {"product_id": "A0E2000000021S14201", "quantity": 100, "fulfillment_node_id": "US01"}, {"product_id": "A0E2000000021S14202", "quantity": 100, "fulfillment_node_id": "US01"}, {"product_id": "A0E2000000021S14203", "quantity": 100, "fulfillment_node_id": "US01"}, {"product_id": "A0E2000000021S14204", "quantity": 100, "fulfillment_node_id": "US01"}, {"product_id": "A0E2000000021S14205", "quantity": 100, "fulfillment_node_id": "US01"}, {"product_id": "A0E2000000021S14206", "quantity": 100, "fulfillment_node_id": "US01"}, {"product_id": "A0E2000000021S14207", "quantity": 100, "fulfillment_node_id": "US01"}, {"product_id": "A0E2000000021S14208", "quantity": 100, "fulfillment_node_id": "US01"}, {"product_id": "A0E2000000021S14209", "quantity": 100, "fulfillment_node_id": "US01"}, {"product_id": "A0E2000000021S14210", "quantity": 100, "fulfillment_node_id": "US01"}, {"product_id": "A0E2000000021S14211", "quantity": 100, "fulfillment_node_id": "US01"}, {"product_id": "A0E2000000021S14212", "quantity": 100, "fulfillment_node_id": "US01"}, {"product_id": "A0E2000000021S14213", "quantity": 100, "fulfillment_node_id": "US01"}, {"product_id": "A0E2000000021S4", "quantity": 100, "fulfillment_node_id": "US01"}, {"product_id": "A0E2000000021S5", "quantity": 100, "fulfillment_node_id": "US01"}, {"product_id": "A0E2000000021S6", "quantity": 100, "fulfillment_node_id": "US01"}, {"product_id": "A0E2000000021S7", "quantity": 100, "fulfillment_node_id": "US01"}, {"product_id": "A0E2000000021S8", "quantity": 100, "fulfillment_node_id": "US01"}, {"product_id": "A0E2000000021S9", "quantity": 100, "fulfillment_node_id": "US01"}, {"product_id": "A0E2000000021S10", "quantity": 100, "fulfillment_node_id": "US01"}, {"product_id": "A0E2000000021S11", "quantity": 100, "fulfillment_node_id": "US01"}, {"product_id": "A0E2000000021S12", "quantity": 100, "fulfillment_node_id": "US01"}, {"product_id": "A0E2000000021S13", "quantity": 100, "fulfillment_node_id": "US01"}, {"product_id": "A0E2000000021S14", "quantity": 100, "fulfillment_node_id": "US01"}, {"product_id": "A0E2000000021S15", "quantity": 100, "fulfillment_node_id": "US01"}, {"product_id": "A0E2000000021S1849", "quantity": 100, "fulfillment_node_id": "US01"}, {"product_id": "A0E2000000021S1850", "quantity": 100, "fulfillment_node_id": "US01"}, {"product_id": "A0E2000000021S1851", "quantity": 100, "fulfillment_node_id": "US01"}, {"product_id": "A0E2000000021S1852", "quantity": 100, "fulfillment_node_id": "US01"}, {"product_id": "A0E2000000021S1853", "quantity": 100, "fulfillment_node_id": "US01"}, {"product_id": "A0E2000000021S1854", "quantity": 100, "fulfillment_node_id": "US01"}, {"product_id": "A0E2000000021S1855", "quantity": 100, "fulfillment_node_id": "US01"}, {"product_id": "A0E2000000021S1856", "quantity": 100, "fulfillment_node_id": "US01"}, {"product_id": "A0E2000000021S1857", "quantity": 100, "fulfillment_node_id": "US01"}, {"product_id": "A0E2000000021S1858", "quantity": 100, "fulfillment_node_id": "US01"}, {"product_id": "A0E2000000021S1859", "quantity": 100, "fulfillment_node_id": "US01"}, {"product_id": "A0E2000000021S1860", "quantity": 100, "fulfillment_node_id": "US01"}]}