{"head": {"pricebook": "default", "shop": "storefront-catalog-en", "currency": "USD"}, "items": [{"product_id": "20442", "value": 1.0}, {"product_id": "14447", "value": 1.0}, {"product_id": "12893", "value": 1.0}, {"product_id": "12060", "value": 1.0}, {"product_id": "11664", "value": 1.0}, {"product_id": "12573", "value": 1.0}, {"product_id": "11667", "value": 1.0}, {"product_id": "12323", "value": 1.0}, {"product_id": "11990", "value": 1.0}, {"product_id": "12571", "value": 1.0}, {"product_id": "12819", "value": 1.0}, {"product_id": "11979", "value": 1.0}, {"product_id": "11930", "value": 1.0}, {"product_id": "12034", "value": 1.0}, {"product_id": "12635", "value": 1.0}, {"product_id": "11597", "value": 1.0}, {"product_id": "11801", "value": 1.0}, {"product_id": "11641", "value": 1.0}, {"product_id": "12437", "value": 1.0}, {"product_id": "19976", "value": 1.0}, {"product_id": "19977", "value": 1.0}, {"product_id": "19978", "value": 1.0}, {"product_id": "16315", "value": 1.0}, {"product_id": "25784", "value": 1.0}, {"product_id": "23913", "value": 1.0}, {"product_id": "23912", "value": 1.0}, {"product_id": "25777", "value": 1.0}, {"product_id": "25795", "value": 1.0}, {"product_id": "13764", "value": 1.0}, {"product_id": "13662", "value": 1.0}, {"product_id": "13765", "value": 1.0}, {"product_id": "12848", "value": 1.0}, {"product_id": "12854", "value": 1.0}, {"product_id": "8708", "value": 1.0}, {"product_id": "10464", "value": 1.0}, {"product_id": "11958", "value": 1.0}, {"product_id": "11751", "value": 1.0}, {"product_id": "15087", "value": 1.0}, {"product_id": "8597", "value": 1.0}, {"product_id": "16216", "value": 1.0}, {"product_id": "8584", "value": 1.0}, {"product_id": "14562", "value": 1.0}, {"product_id": "17176", "value": 1.0}, {"product_id": "17197", "value": 1.0}, {"product_id": "17158", "value": 1.0}, {"product_id": "16142", "value": 1.0}, {"product_id": "9772", "value": 1.0}, {"product_id": "22900", "value": 1.0}, {"product_id": "23188", "value": 1.0}, {"product_id": "22992", "value": 1.0}, {"product_id": "22891", "value": 1.0}, {"product_id": "22999", "value": 1.0}, {"product_id": "23201", "value": 1.0}, {"product_id": "23002", "value": 1.0}, {"product_id": "23001", "value": 1.0}, {"product_id": "23192", "value": 1.0}, {"product_id": "22990", "value": 1.0}, {"product_id": "22988", "value": 1.0}, {"product_id": "23000", "value": 1.0}, {"product_id": "10077", "value": 1.0}, {"product_id": "8245", "value": 1.0}, {"product_id": "10241", "value": 1.0}, {"product_id": "9092", "value": 1.0}, {"product_id": "9907", "value": 1.0}, {"product_id": "10116", "value": 1.0}]}