{"head": {"pricebook": "default", "shop": "storefront-catalog-en", "currency": "USD"}, "items": [{"product_id": "18484", "value": 1.0}, {"product_id": "18241", "value": 1.0}, {"product_id": "16093", "value": 1.0}, {"product_id": "17872", "value": 1.0}, {"product_id": "17874", "value": 1.0}, {"product_id": "17871", "value": 1.0}, {"product_id": "17873", "value": 1.0}, {"product_id": "18602", "value": 1.0}, {"product_id": "18601", "value": 1.0}, {"product_id": "18600", "value": 1.0}, {"product_id": "16316", "value": 1.0}, {"product_id": "9945", "value": 1.0}, {"product_id": "9228", "value": 1.0}, {"product_id": "21847", "value": 1.0}, {"product_id": "21848", "value": 1.0}, {"product_id": "21849", "value": 1.0}, {"product_id": "21850", "value": 1.0}, {"product_id": "21851", "value": 1.0}, {"product_id": "21852", "value": 1.0}, {"product_id": "27905", "value": 1.0}, {"product_id": "27903", "value": 1.0}, {"product_id": "27904", "value": 1.0}, {"product_id": "16221", "value": 1.0}, {"product_id": "21855", "value": 1.0}, {"product_id": "21856", "value": 1.0}, {"product_id": "9818", "value": 1.0}, {"product_id": "10929", "value": 1.0}, {"product_id": "8668", "value": 1.0}, {"product_id": "10637", "value": 1.0}, {"product_id": "10682", "value": 1.0}, {"product_id": "9351", "value": 1.0}, {"product_id": "8944", "value": 1.0}, {"product_id": "12260", "value": 1.0}, {"product_id": "11807", "value": 1.0}, {"product_id": "19587", "value": 1.0}, {"product_id": "19548", "value": 1.0}, {"product_id": "19549", "value": 1.0}, {"product_id": "19550", "value": 1.0}, {"product_id": "19551", "value": 1.0}, {"product_id": "12901", "value": 1.0}, {"product_id": "12439", "value": 1.0}, {"product_id": "12890", "value": 1.0}, {"product_id": "12850", "value": 1.0}, {"product_id": "12465", "value": 1.0}, {"product_id": "19553", "value": 1.0}, {"product_id": "12057", "value": 1.0}, {"product_id": "12219", "value": 1.0}, {"product_id": "19585", "value": 1.0}, {"product_id": "19556", "value": 1.0}, {"product_id": "19557", "value": 1.0}, {"product_id": "19555", "value": 1.0}, {"product_id": "12406", "value": 1.0}, {"product_id": "12690", "value": 1.0}, {"product_id": "12427", "value": 1.0}, {"product_id": "19564", "value": 1.0}, {"product_id": "19563", "value": 1.0}, {"product_id": "19560", "value": 1.0}, {"product_id": "19561", "value": 1.0}, {"product_id": "12716", "value": 1.0}, {"product_id": "12332", "value": 1.0}, {"product_id": "12404", "value": 1.0}, {"product_id": "19579", "value": 1.0}, {"product_id": "19574", "value": 1.0}, {"product_id": "11649", "value": 1.0}, {"product_id": "12770", "value": 1.0}, {"product_id": "19578", "value": 1.0}, {"product_id": "19576", "value": 1.0}, {"product_id": "19577", "value": 1.0}, {"product_id": "19583", "value": 1.0}, {"product_id": "19582", "value": 1.0}, {"product_id": "19581", "value": 1.0}]}