{
    "head": {
        "locale": "fr-ca",
        "shop": "storefront-catalog-fr",
        "is_master": false
    },
    "items": [
        {
            "brand": "",
            "is_searchable": true,
            "is_published": true,
            "show_in_listing": true,
            "is_active": true,
            "product_id": "EGC",
            "variant_group_id":"virtual_giftcard",
            "tax_class_id":"",
            "shipping_weight_value": 0,
            "shipping_weight_unit": "kg",
            "external_identifiers": [
                {
                    "type": "sku",
                    "value": "EGC"
                },
                {
					"type": "upc",
					"value": "EGC"
				}
            ],
            "title": "Frank And Oak Electronic Gift Card",
            "caption": "virtual_giftcard",
            
            "categories": [
                {
                    "is_main": true,
                    "path": "All",
                    "path_separator": " > "
                }
            ],
            "extended_attributes": [
                {
                    "name": "fulfillment_service",
                    "value": "manual"
                },
                {
                    "name": "handle",
                    "value": "newstore-gift-card"
                },
                {
                    "name": "inventory_policy",
                    "value": "deny"
                },
                {
                    "name": "pricebooks",
                    "value": "egc-25,egc-50,egc-75,egc-100,egc-150,egc-200,egc-250"
                },
                {
                    "name": "product_created_at",
                    "value": "2020-11-28T14:37:35-04:00"
                },
                {
                    "name": "product_updated_at",
                    "value": "2020-11-29T06:32:26-04:00"
                },
                {
                    "name": "published_at",
                    "value": "2020-11-28T14:35:49-04:00"
                },
                {
                    "name": "published_scope",
                    "value": "global"
                },
                {
                    "name": "variant_created_at",
                    "value": "2020-11-28T14:37:35-04:00"
                },
                {
                    "name": "variant_updated_at",
                    "value": "2020-11-29T06:32:26-04:00"
                }
            ],
            "description": "virtual_giftcard",
            "serialized_inventory": false,
            "images": [
                {
                    "title": "Frank And Oak Electronic Gift Card",
                    "url": "https://res.cloudinary.com/db0zftggw/image/upload/v1631610747/p/frankandoak/a12e711c119e60fb70fe8d6741dbec6b.jpg",
                    "alt_text": "egift card"
                }
            ]
        }
    ]
}