{
    "head": {
        "pricebook": "default",
        "shop": "storefront-catalog-en",
        "currency": "USD"
    },
    "items": [
        {
            "product_id": "26031",
            "value": 1.0
        },
        {
            "product_id": "27043",
            "value": 1.0
        },
        {
            "product_id": "26022",
            "value": 1.0
        },
        {
            "product_id": "22019",
            "value": 1.0
        },
        {
            "product_id": "22036",
            "value": 1.0
        },
        {
            "product_id": "21477",
            "value": 1.0
        },
        {
            "product_id": "22046",
            "value": 1.0
        },
        {
            "product_id": "22047",
            "value": 1.0
        },
        {
            "product_id": "22048",
            "value": 1.0
        },
        {
            "product_id": "22045",
            "value": 1.0
        },
        {
            "product_id": "22049",
            "value": 1.0
        },
        {
            "product_id": "22052",
            "value": 1.0
        },
        {
            "product_id": "26048",
            "value": 1.0
        },
        {
            "product_id": "26046",
            "value": 1.0
        },
        {
            "product_id": "26043",
            "value": 1.0
        },
        {
            "product_id": "24698",
            "value": 1.0
        },
        {
            "product_id": "21259",
            "value": 1.0
        },
        {
            "product_id": "22173",
            "value": 1.0
        },
        {
            "product_id": "26045",
            "value": 1.0
        },
        {
            "product_id": "26044",
            "value": 1.0
        },
        {
            "product_id": "26047",
            "value": 1.0
        },
        {
            "product_id": "26042",
            "value": 1.0
        },
        {
            "product_id": "22072",
            "value": 1.0
        },
        {
            "product_id": "21473",
            "value": 1.0
        },
        {
            "product_id": "26061",
            "value": 1.0
        },
        {
            "product_id": "22087",
            "value": 1.0
        },
        {
            "product_id": "26062",
            "value": 1.0
        },
        {
            "product_id": "26064",
            "value": 1.0
        },
        {
            "product_id": "26065",
            "value": 1.0
        },
        {
            "product_id": "26063",
            "value": 1.0
        },
        {
            "product_id": "21259",
            "value": 1.0
        },
        {
            "product_id": "11370",
            "value": 1.0
        },
        {
            "product_id": "16179",
            "value": 1.0
        },
        {
            "product_id": "16225",
            "value": 1.0
        },
        {
            "product_id": "11487",
            "value": 1.0
        },
        {
            "product_id": "11416",
            "value": 1.0
        },
        {
            "product_id": "11441",
            "value": 1.0
        },
        {
            "product_id": "11418",
            "value": 1.0
        },
        {
            "product_id": "11423",
            "value": 1.0
        },
        {
            "product_id": "14031",
            "value": 1.0
        },
        {
            "product_id": "14034",
            "value": 1.0
        },
        {
            "product_id": "14036",
            "value": 1.0
        },
        {
            "product_id": "14038",
            "value": 1.0
        },
        {
            "product_id": "14042",
            "value": 1.0
        },
        {
            "product_id": "11516",
            "value": 1.0
        },
        {
            "product_id": "11488",
            "value": 1.0
        },
        {
            "product_id": "11490",
            "value": 1.0
        },
        {
            "product_id": "11486",
            "value": 1.0
        },
        {
            "product_id": "11476",
            "value": 1.0
        },
        {
            "product_id": "11445",
            "value": 1.0
        },
        {
            "product_id": "14028",
            "value": 1.0
        },
        {
            "product_id": "14030",
            "value": 1.0
        },
        {
            "product_id": "14032",
            "value": 1.0
        },
        {
            "product_id": "14033",
            "value": 1.0
        },
        {
            "product_id": "14035",
            "value": 1.0
        },
        {
            "product_id": "14037",
            "value": 1.0
        },
        {
            "product_id": "14039",
            "value": 1.0
        },
        {
            "product_id": "14041",
            "value": 1.0
        },
        {
            "product_id": "14221",
            "value": 1.0
        },
        {
            "product_id": "14222",
            "value": 1.0
        },
        {
            "product_id": "14223",
            "value": 1.0
        },
        {
            "product_id": "14224",
            "value": 1.0
        },
        {
            "product_id": "14225",
            "value": 1.0
        },
        {
            "product_id": "14226",
            "value": 1.0
        },
        {
            "product_id": "14227",
            "value": 1.0
        },
        {
            "product_id": "14228",
            "value": 1.0
        },
        {
            "product_id": "11446",
            "value": 1.0
        },
        {
            "product_id": "11500",
            "value": 1.0
        },
        {
            "product_id": "11400",
            "value": 1.0
        },
        {
            "product_id": "11494",
            "value": 1.0
        },
        {
            "product_id": "11504",
            "value": 1.0
        },
        {
            "product_id": "11392",
            "value": 1.0
        },
        {
            "product_id": "11359",
            "value": 1.0
        },
        {
            "product_id": "11509",
            "value": 1.0
        },
        {
            "product_id": "11511",
            "value": 1.0
        },
        {
            "product_id": "11455",
            "value": 1.0
        },
        {
            "product_id": "11434",
            "value": 1.0
        },
        {
            "product_id": "11452",
            "value": 1.0
        },
        {
            "product_id": "11387",
            "value": 1.0
        },
        {
            "product_id": "11459",
            "value": 1.0
        },
        {
            "product_id": "11425",
            "value": 1.0
        },
        {
            "product_id": "11413",
            "value": 1.0
        },
        {
            "product_id": "11474",
            "value": 1.0
        },
        {
            "product_id": "11505",
            "value": 1.0
        },
        {
            "product_id": "11448",
            "value": 1.0
        },
        {
            "product_id": "11484",
            "value": 1.0
        },
        {
            "product_id": "11415",
            "value": 1.0
        },
        {
            "product_id": "11360",
            "value": 1.0
        },
        {
            "product_id": "11489",
            "value": 1.0
        },
        {
            "product_id": "11421",
            "value": 1.0
        },
        {
            "product_id": "11529",
            "value": 1.0
        },
        {
            "product_id": "11399",
            "value": 1.0
        },
        {
            "product_id": "11436",
            "value": 1.0
        },
        {
            "product_id": "11554",
            "value": 1.0
        },
        {
            "product_id": "11552",
            "value": 1.0
        },
        {
            "product_id": "11366",
            "value": 1.0
        },
        {
            "product_id": "11492",
            "value": 1.0
        },
        {
            "product_id": "11546",
            "value": 1.0
        },
        {
            "product_id": "11410",
            "value": 1.0
        },
        {
            "product_id": "11407",
            "value": 1.0
        },
        {
            "product_id": "11464",
            "value": 1.0
        },
        {
            "product_id": "11499",
            "value": 1.0
        },
        {
            "product_id": "11419",
            "value": 1.0
        },
        {
            "product_id": "11477",
            "value": 1.0
        },
        {
            "product_id": "11408",
            "value": 1.0
        },
        {
            "product_id": "11405",
            "value": 1.0
        },
        {
            "product_id": "11461",
            "value": 1.0
        },
        {
            "product_id": "11385",
            "value": 1.0
        },
        {
            "product_id": "11497",
            "value": 1.0
        },
        {
            "product_id": "11462",
            "value": 1.0
        },
        {
            "product_id": "11526",
            "value": 1.0
        },
        {
            "product_id": "11534",
            "value": 1.0
        },
        {
            "product_id": "11398",
            "value": 1.0
        },
        {
            "product_id": "11393",
            "value": 1.0
        },
        {
            "product_id": "11390",
            "value": 1.0
        },
        {
            "product_id": "11430",
            "value": 1.0
        },
        {
            "product_id": "11449",
            "value": 1.0
        },
        {
            "product_id": "11495",
            "value": 1.0
        },
        {
            "product_id": "11513",
            "value": 1.0
        },
        {
            "product_id": "11458",
            "value": 1.0
        },
        {
            "product_id": "11435",
            "value": 1.0
        },
        {
            "product_id": "11439",
            "value": 1.0
        },
        {
            "product_id": "11401",
            "value": 1.0
        },
        {
            "product_id": "11428",
            "value": 1.0
        },
        {
            "product_id": "11538",
            "value": 1.0
        },
        {
            "product_id": "11547",
            "value": 1.0
        },
        {
            "product_id": "11562",
            "value": 1.0
        },
        {
            "product_id": "11543",
            "value": 1.0
        },
        {
            "product_id": "11567",
            "value": 1.0
        },
        {
            "product_id": "11583",
            "value": 1.0
        },
        {
            "product_id": "11569",
            "value": 1.0
        },
        {
            "product_id": "16224",
            "value": 1.0
        },
        {
            "product_id": "11544",
            "value": 1.0
        },
        {
            "product_id": "11574",
            "value": 1.0
        },
        {
            "product_id": "11551",
            "value": 1.0
        },
        {
            "product_id": "11570",
            "value": 1.0
        },
        {
            "product_id": "11541",
            "value": 1.0
        },
        {
            "product_id": "11582",
            "value": 1.0
        },
        {
            "product_id": "11578",
            "value": 1.0
        },
        {
            "product_id": "11550",
            "value": 1.0
        },
        {
            "product_id": "11540",
            "value": 1.0
        },
        {
            "product_id": "11555",
            "value": 1.0
        },
        {
            "product_id": "11568",
            "value": 1.0
        },
        {
            "product_id": "11613",
            "value": 1.0
        },
        {
            "product_id": "11618",
            "value": 1.0
        },
        {
            "product_id": "12327",
            "value": 1.0
        },
        {
            "product_id": "11739",
            "value": 1.0
        },
        {
            "product_id": "12146",
            "value": 1.0
        },
        {
            "product_id": "12582",
            "value": 1.0
        },
        {
            "product_id": "11628",
            "value": 1.0
        },
        {
            "product_id": "11626",
            "value": 1.0
        },
        {
            "product_id": "12803",
            "value": 1.0
        },
        {
            "product_id": "11720",
            "value": 1.0
        },
        {
            "product_id": "12211",
            "value": 1.0
        },
        {
            "product_id": "11668",
            "value": 1.0
        },
        {
            "product_id": "12755",
            "value": 1.0
        },
        {
            "product_id": "11845",
            "value": 1.0
        },
        {
            "product_id": "12282",
            "value": 1.0
        },
        {
            "product_id": "12656",
            "value": 1.0
        },
        {
            "product_id": "11861",
            "value": 1.0
        },
        {
            "product_id": "12001",
            "value": 1.0
        },
        {
            "product_id": "11860",
            "value": 1.0
        },
        {
            "product_id": "12154",
            "value": 1.0
        },
        {
            "product_id": "11692",
            "value": 1.0
        },
        {
            "product_id": "11700",
            "value": 1.0
        },
        {
            "product_id": "12164",
            "value": 1.0
        },
        {
            "product_id": "12393",
            "value": 1.0
        },
        {
            "product_id": "12143",
            "value": 1.0
        },
        {
            "product_id": "12051",
            "value": 1.0
        },
        {
            "product_id": "11925",
            "value": 1.0
        },
        {
            "product_id": "12250",
            "value": 1.0
        },
        {
            "product_id": "11711",
            "value": 1.0
        },
        {
            "product_id": "12667",
            "value": 1.0
        },
        {
            "product_id": "12583",
            "value": 1.0
        },
        {
            "product_id": "12790",
            "value": 1.0
        },
        {
            "product_id": "11727",
            "value": 1.0
        },
        {
            "product_id": "12182",
            "value": 1.0
        },
        {
            "product_id": "11963",
            "value": 1.0
        },
        {
            "product_id": "12731",
            "value": 1.0
        },
        {
            "product_id": "11783",
            "value": 1.0
        },
        {
            "product_id": "11748",
            "value": 1.0
        },
        {
            "product_id": "11997",
            "value": 1.0
        },
        {
            "product_id": "12390",
            "value": 1.0
        },
        {
            "product_id": "12574",
            "value": 1.0
        },
        {
            "product_id": "11891",
            "value": 1.0
        },
        {
            "product_id": "11976",
            "value": 1.0
        },
        {
            "product_id": "12612",
            "value": 1.0
        },
        {
            "product_id": "12318",
            "value": 1.0
        },
        {
            "product_id": "11915",
            "value": 1.0
        },
        {
            "product_id": "12660",
            "value": 1.0
        },
        {
            "product_id": "12419",
            "value": 1.0
        }
    ]
}