{"head": {"pricebook": "default", "shop": "storefront-catalog-en", "currency": "USD"}, "items": [{"product_id": "12364", "value": 1.0}, {"product_id": "12526", "value": 1.0}, {"product_id": "11778", "value": 1.0}, {"product_id": "12835", "value": 1.0}, {"product_id": "12773", "value": 1.0}, {"product_id": "12194", "value": 1.0}, {"product_id": "11984", "value": 1.0}, {"product_id": "12068", "value": 1.0}, {"product_id": "12554", "value": 1.0}, {"product_id": "12398", "value": 1.0}, {"product_id": "12316", "value": 1.0}, {"product_id": "12221", "value": 1.0}, {"product_id": "12207", "value": 1.0}, {"product_id": "12225", "value": 1.0}, {"product_id": "12065", "value": 1.0}, {"product_id": "12181", "value": 1.0}, {"product_id": "12649", "value": 1.0}, {"product_id": "12254", "value": 1.0}, {"product_id": "16584", "value": 1.0}, {"product_id": "16602", "value": 1.0}, {"product_id": "17196", "value": 1.0}, {"product_id": "16585", "value": 1.0}, {"product_id": "16586", "value": 1.0}, {"product_id": "15931", "value": 1.0}, {"product_id": "15932", "value": 1.0}, {"product_id": "15933", "value": 1.0}, {"product_id": "15856", "value": 1.0}, {"product_id": "15857", "value": 1.0}, {"product_id": "15858", "value": 1.0}, {"product_id": "15859", "value": 1.0}, {"product_id": "15860", "value": 1.0}, {"product_id": "15926", "value": 1.0}, {"product_id": "15927", "value": 1.0}, {"product_id": "15928", "value": 1.0}, {"product_id": "15929", "value": 1.0}, {"product_id": "16577", "value": 1.0}, {"product_id": "16578", "value": 1.0}, {"product_id": "15944", "value": 1.0}, {"product_id": "15945", "value": 1.0}, {"product_id": "15957", "value": 1.0}, {"product_id": "15958", "value": 1.0}, {"product_id": "15959", "value": 1.0}, {"product_id": "15960", "value": 1.0}, {"product_id": "15939", "value": 1.0}, {"product_id": "15940", "value": 1.0}, {"product_id": "15941", "value": 1.0}, {"product_id": "15942", "value": 1.0}, {"product_id": "11639", "value": 1.0}, {"product_id": "12261", "value": 1.0}, {"product_id": "11889", "value": 1.0}, {"product_id": "12396", "value": 1.0}, {"product_id": "12777", "value": 1.0}, {"product_id": "15922", "value": 1.0}, {"product_id": "15923", "value": 1.0}, {"product_id": "15924", "value": 1.0}, {"product_id": "15897", "value": 1.0}, {"product_id": "15898", "value": 1.0}, {"product_id": "15899", "value": 1.0}, {"product_id": "15900", "value": 1.0}, {"product_id": "15901", "value": 1.0}, {"product_id": "15862", "value": 1.0}, {"product_id": "15863", "value": 1.0}, {"product_id": "15864", "value": 1.0}, {"product_id": "15865", "value": 1.0}, {"product_id": "15866", "value": 1.0}, {"product_id": "15947", "value": 1.0}, {"product_id": "15948", "value": 1.0}, {"product_id": "15949", "value": 1.0}, {"product_id": "26059", "value": 1.0}, {"product_id": "26060", "value": 1.0}, {"product_id": "16105", "value": 1.0}, {"product_id": "14255", "value": 1.0}, {"product_id": "14252", "value": 1.0}, {"product_id": "14253", "value": 1.0}, {"product_id": "14257", "value": 1.0}, {"product_id": "14258", "value": 1.0}, {"product_id": "14259", "value": 1.0}, {"product_id": "14281", "value": 1.0}, {"product_id": "14282", "value": 1.0}, {"product_id": "14268", "value": 1.0}, {"product_id": "14269", "value": 1.0}, {"product_id": "14270", "value": 1.0}, {"product_id": "14288", "value": 1.0}, {"product_id": "14289", "value": 1.0}, {"product_id": "14290", "value": 1.0}, {"product_id": "14296", "value": 1.0}, {"product_id": "14297", "value": 1.0}, {"product_id": "14298", "value": 1.0}, {"product_id": "14300", "value": 1.0}, {"product_id": "14301", "value": 1.0}, {"product_id": "14273", "value": 1.0}, {"product_id": "14274", "value": 1.0}, {"product_id": "14315", "value": 1.0}, {"product_id": "14316", "value": 1.0}, {"product_id": "14317", "value": 1.0}, {"product_id": "14261", "value": 1.0}, {"product_id": "14262", "value": 1.0}, {"product_id": "14264", "value": 1.0}, {"product_id": "14265", "value": 1.0}, {"product_id": "14319", "value": 1.0}, {"product_id": "14320", "value": 1.0}, {"product_id": "14321", "value": 1.0}, {"product_id": "14323", "value": 1.0}, {"product_id": "14324", "value": 1.0}, {"product_id": "14325", "value": 1.0}, {"product_id": "14327", "value": 1.0}, {"product_id": "14328", "value": 1.0}, {"product_id": "14330", "value": 1.0}, {"product_id": "14331", "value": 1.0}, {"product_id": "14332", "value": 1.0}, {"product_id": "14284", "value": 1.0}, {"product_id": "14285", "value": 1.0}, {"product_id": "14286", "value": 1.0}, {"product_id": "14292", "value": 1.0}, {"product_id": "14293", "value": 1.0}, {"product_id": "14294", "value": 1.0}, {"product_id": "14303", "value": 1.0}, {"product_id": "14304", "value": 1.0}, {"product_id": "14305", "value": 1.0}, {"product_id": "14276", "value": 1.0}, {"product_id": "14278", "value": 1.0}, {"product_id": "14279", "value": 1.0}, {"product_id": "14312", "value": 1.0}, {"product_id": "14313", "value": 1.0}, {"product_id": "14314", "value": 1.0}, {"product_id": "14337", "value": 1.0}, {"product_id": "14338", "value": 1.0}, {"product_id": "14339", "value": 1.0}, {"product_id": "15563", "value": 1.0}, {"product_id": "15564", "value": 1.0}, {"product_id": "15565", "value": 1.0}, {"product_id": "15566", "value": 1.0}, {"product_id": "15567", "value": 1.0}, {"product_id": "15568", "value": 1.0}, {"product_id": "15569", "value": 1.0}, {"product_id": "15570", "value": 1.0}, {"product_id": "15572", "value": 1.0}, {"product_id": "15573", "value": 1.0}, {"product_id": "15574", "value": 1.0}, {"product_id": "15575", "value": 1.0}, {"product_id": "15576", "value": 1.0}, {"product_id": "15577", "value": 1.0}, {"product_id": "15578", "value": 1.0}, {"product_id": "15579", "value": 1.0}, {"product_id": "16715", "value": 1.0}, {"product_id": "16716", "value": 1.0}, {"product_id": "16717", "value": 1.0}, {"product_id": "16718", "value": 1.0}, {"product_id": "16719", "value": 1.0}, {"product_id": "16720", "value": 1.0}, {"product_id": "16721", "value": 1.0}, {"product_id": "16722", "value": 1.0}, {"product_id": "15581", "value": 1.0}, {"product_id": "15582", "value": 1.0}, {"product_id": "15583", "value": 1.0}, {"product_id": "15584", "value": 1.0}, {"product_id": "15585", "value": 1.0}, {"product_id": "15586", "value": 1.0}, {"product_id": "15587", "value": 1.0}, {"product_id": "15588", "value": 1.0}, {"product_id": "17848", "value": 1.0}, {"product_id": "16379", "value": 1.0}, {"product_id": "16380", "value": 1.0}, {"product_id": "16381", "value": 1.0}, {"product_id": "16382", "value": 1.0}, {"product_id": "16383", "value": 1.0}, {"product_id": "16384", "value": 1.0}, {"product_id": "16385", "value": 1.0}, {"product_id": "16386", "value": 1.0}, {"product_id": "18217", "value": 1.0}, {"product_id": "18218", "value": 1.0}, {"product_id": "18219", "value": 1.0}, {"product_id": "18221", "value": 1.0}, {"product_id": "18222", "value": 1.0}, {"product_id": "18223", "value": 1.0}, {"product_id": "18224", "value": 1.0}, {"product_id": "15545", "value": 1.0}, {"product_id": "15546", "value": 1.0}, {"product_id": "15547", "value": 1.0}, {"product_id": "15548", "value": 1.0}, {"product_id": "15549", "value": 1.0}, {"product_id": "15550", "value": 1.0}, {"product_id": "15551", "value": 1.0}, {"product_id": "15552", "value": 1.0}]}