{
    "head": {
        "pricebook": "default",
        "shop": "storefront-catalog-en",
        "currency": "USD"
    },
    "items": [
        {
            "product_id": "21371",
            "value": 1.0
        },
        {
            "product_id": "26893",
            "value": 1.0
        },
        {
            "product_id": "27001",
            "value": 1.0
        },
        {
            "product_id": "26056",
            "value": 1.0
        },
        {
            "product_id": "25046",
            "value": 1.0
        },
        {
            "product_id": "21370",
            "value": 1.0
        },
        {
            "product_id": "26894",
            "value": 1.0
        },
        {
            "product_id": "26055",
            "value": 1.0
        },
        {
            "product_id": "26891",
            "value": 1.0
        },
        {
            "product_id": "26885",
            "value": 1.0
        },
        {
            "product_id": "26890",
            "value": 1.0
        },
        {
            "product_id": "26884",
            "value": 1.0
        },
        {
            "product_id": "22145",
            "value": 1.0
        },
        {
            "product_id": "26892",
            "value": 1.0
        },
        {
            "product_id": "26998",
            "value": 1.0
        },
        {
            "product_id": "26889",
            "value": 1.0
        },
        {
            "product_id": "25036",
            "value": 1.0
        },
        {
            "product_id": "25047",
            "value": 1.0
        },
        {
            "product_id": "21374",
            "value": 1.0
        },
        {
            "product_id": "21588",
            "value": 1.0
        },
        {
            "product_id": "22148",
            "value": 1.0
        },
        {
            "product_id": "26877",
            "value": 1.0
        },
        {
            "product_id": "21590",
            "value": 1.0
        },
        {
            "product_id": "21373",
            "value": 1.0
        },
        {
            "product_id": "26878",
            "value": 1.0
        },
        {
            "product_id": "21377",
            "value": 1.0
        },
        {
            "product_id": "21375",
            "value": 1.0
        },
        {
            "product_id": "22167",
            "value": 1.0
        },
        {
            "product_id": "21589",
            "value": 1.0
        },
        {
            "product_id": "21372",
            "value": 1.0
        },
        {
            "product_id": "25875",
            "value": 1.0
        },
        {
            "product_id": "26879",
            "value": 1.0
        },
        {
            "product_id": "22333",
            "value": 1.0
        },
        {
            "product_id": "21594",
            "value": 1.0
        },
        {
            "product_id": "21376",
            "value": 1.0
        },
        {
            "product_id": "25876",
            "value": 1.0
        },
        {
            "product_id": "22146",
            "value": 1.0
        },
        {
            "product_id": "22147",
            "value": 1.0
        },
        {
            "product_id": "27886",
            "value": 1.0
        },
        {
            "product_id": "21380",
            "value": 1.0
        },
        {
            "product_id": "21383",
            "value": 1.0
        },
        {
            "product_id": "21378",
            "value": 1.0
        },
        {
            "product_id": "24288",
            "value": 1.0
        },
        {
            "product_id": "22154",
            "value": 1.0
        },
        {
            "product_id": "26888",
            "value": 1.0
        },
        {
            "product_id": "21379",
            "value": 1.0
        },
        {
            "product_id": "21382",
            "value": 1.0
        },
        {
            "product_id": "21381",
            "value": 1.0
        },
        {
            "product_id": "21384",
            "value": 1.0
        },
        {
            "product_id": "22156",
            "value": 1.0
        },
        {
            "product_id": "22153",
            "value": 1.0
        },
        {
            "product_id": "22151",
            "value": 1.0
        },
        {
            "product_id": "22339",
            "value": 1.0
        },
        {
            "product_id": "21593",
            "value": 1.0
        },
        {
            "product_id": "22152",
            "value": 1.0
        },
        {
            "product_id": "22155",
            "value": 1.0
        },
        {
            "product_id": "22168",
            "value": 1.0
        },
        {
            "product_id": "21591",
            "value": 1.0
        },
        {
            "product_id": "21592",
            "value": 1.0
        },
        {
            "product_id": "21595",
            "value": 1.0
        },
        {
            "product_id": "22161",
            "value": 1.0
        },
        {
            "product_id": "21385",
            "value": 1.0
        },
        {
            "product_id": "21393",
            "value": 1.0
        },
        {
            "product_id": "22169",
            "value": 1.0
        },
        {
            "product_id": "22157",
            "value": 1.0
        },
        {
            "product_id": "21391",
            "value": 1.0
        },
        {
            "product_id": "21388",
            "value": 1.0
        },
        {
            "product_id": "21386",
            "value": 1.0
        },
        {
            "product_id": "22162",
            "value": 1.0
        },
        {
            "product_id": "22160",
            "value": 1.0
        },
        {
            "product_id": "21392",
            "value": 1.0
        },
        {
            "product_id": "21395",
            "value": 1.0
        },
        {
            "product_id": "21598",
            "value": 1.0
        },
        {
            "product_id": "21394",
            "value": 1.0
        },
        {
            "product_id": "21390",
            "value": 1.0
        },
        {
            "product_id": "21387",
            "value": 1.0
        },
        {
            "product_id": "21597",
            "value": 1.0
        },
        {
            "product_id": "21389",
            "value": 1.0
        },
        {
            "product_id": "21397",
            "value": 1.0
        },
        {
            "product_id": "21596",
            "value": 1.0
        },
        {
            "product_id": "21398",
            "value": 1.0
        },
        {
            "product_id": "25987",
            "value": 1.0
        },
        {
            "product_id": "21396",
            "value": 1.0
        },
        {
            "product_id": "22166",
            "value": 1.0
        },
        {
            "product_id": "21399",
            "value": 1.0
        },
        {
            "product_id": "22163",
            "value": 1.0
        },
        {
            "product_id": "22164",
            "value": 1.0
        },
        {
            "product_id": "21497",
            "value": 1.0
        },
        {
            "product_id": "21847",
            "value": 1.0
        },
        {
            "product_id": "21849",
            "value": 1.0
        },
        {
            "product_id": "26057",
            "value": 1.0
        },
        {
            "product_id": "21848",
            "value": 1.0
        },
        {
            "product_id": "26058",
            "value": 1.0
        },
        {
            "product_id": "21852",
            "value": 1.0
        },
        {
            "product_id": "21855",
            "value": 1.0
        },
        {
            "product_id": "26060",
            "value": 1.0
        },
        {
            "product_id": "21856",
            "value": 1.0
        },
        {
            "product_id": "26059",
            "value": 1.0
        },
        {
            "product_id": "21850",
            "value": 1.0
        },
        {
            "product_id": "21851",
            "value": 1.0
        },
        {
            "product_id": "26066",
            "value": 1.0
        },
        {
            "product_id": "26872",
            "value": 1.0
        },
        {
            "product_id": "21943",
            "value": 1.0
        },
        {
            "product_id": "14577",
            "value": 1.0
        },
        {
            "product_id": "21950",
            "value": 1.0
        },
        {
            "product_id": "21953",
            "value": 1.0
        },
        {
            "product_id": "27914",
            "value": 1.0
        },
        {
            "product_id": "27913",
            "value": 1.0
        },
        {
            "product_id": "22057",
            "value": 1.0
        },
        {
            "product_id": "22058",
            "value": 1.0
        },
        {
            "product_id": "21959",
            "value": 1.0
        },
        {
            "product_id": "27008",
            "value": 1.0
        },
        {
            "product_id": "27916",
            "value": 1.0
        },
        {
            "product_id": "27033",
            "value": 1.0
        },
        {
            "product_id": "21962",
            "value": 1.0
        },
        {
            "product_id": "27007",
            "value": 1.0
        },
        {
            "product_id": "27915",
            "value": 1.0
        },
        {
            "product_id": "21968",
            "value": 1.0
        },
        {
            "product_id": "21976",
            "value": 1.0
        },
        {
            "product_id": "21977",
            "value": 1.0
        },
        {
            "product_id": "22006",
            "value": 1.0
        },
        {
            "product_id": "25044",
            "value": 1.0
        },
        {
            "product_id": "26037",
            "value": 1.0
        },
        {
            "product_id": "26034",
            "value": 1.0
        },
        {
            "product_id": "26039",
            "value": 1.0
        },
        {
            "product_id": "26038",
            "value": 1.0
        },
        {
            "product_id": "26040",
            "value": 1.0
        },
        {
            "product_id": "26027",
            "value": 1.0
        },
        {
            "product_id": "26035",
            "value": 1.0
        },
        {
            "product_id": "26029",
            "value": 1.0
        },
        {
            "product_id": "26041",
            "value": 1.0
        },
        {
            "product_id": "27044",
            "value": 1.0
        },
        {
            "product_id": "27046",
            "value": 1.0
        },
        {
            "product_id": "26026",
            "value": 1.0
        },
        {
            "product_id": "26036",
            "value": 1.0
        },
        {
            "product_id": "27045",
            "value": 1.0
        },
        {
            "product_id": "26024",
            "value": 1.0
        },
        {
            "product_id": "27042",
            "value": 1.0
        },
        {
            "product_id": "26019",
            "value": 1.0
        },
        {
            "product_id": "26030",
            "value": 1.0
        },
        {
            "product_id": "26020",
            "value": 1.0
        },
        {
            "product_id": "22014",
            "value": 1.0
        },
        {
            "product_id": "26028",
            "value": 1.0
        },
        {
            "product_id": "26023",
            "value": 1.0
        },
        {
            "product_id": "26021",
            "value": 1.0
        },
        {
            "product_id": "26018",
            "value": 1.0
        },
        {
            "product_id": "26033",
            "value": 1.0
        },
        {
            "product_id": "27047",
            "value": 1.0
        },
        {
            "product_id": "26025",
            "value": 1.0
        },
        {
            "product_id": "26032",
            "value": 1.0
        }
    ]
}