{"head": {"pricebook": "default", "shop": "storefront-catalog-en", "currency": "USD"}, "items": [{"product_id": "14160", "value": 1.0}, {"product_id": "14161", "value": 1.0}, {"product_id": "14162", "value": 1.0}, {"product_id": "14163", "value": 1.0}, {"product_id": "14164", "value": 1.0}, {"product_id": "14165", "value": 1.0}, {"product_id": "14166", "value": 1.0}, {"product_id": "14167", "value": 1.0}, {"product_id": "14180", "value": 1.0}, {"product_id": "14181", "value": 1.0}, {"product_id": "14189", "value": 1.0}, {"product_id": "14182", "value": 1.0}, {"product_id": "14183", "value": 1.0}, {"product_id": "14184", "value": 1.0}, {"product_id": "14185", "value": 1.0}, {"product_id": "14186", "value": 1.0}, {"product_id": "14187", "value": 1.0}, {"product_id": "14188", "value": 1.0}, {"product_id": "14191", "value": 1.0}, {"product_id": "14192", "value": 1.0}, {"product_id": "14193", "value": 1.0}, {"product_id": "14194", "value": 1.0}, {"product_id": "14195", "value": 1.0}, {"product_id": "14196", "value": 1.0}, {"product_id": "14197", "value": 1.0}, {"product_id": "14198", "value": 1.0}, {"product_id": "14199", "value": 1.0}, {"product_id": "14169", "value": 1.0}, {"product_id": "14170", "value": 1.0}, {"product_id": "14171", "value": 1.0}, {"product_id": "14172", "value": 1.0}, {"product_id": "14173", "value": 1.0}, {"product_id": "14174", "value": 1.0}, {"product_id": "14175", "value": 1.0}, {"product_id": "14176", "value": 1.0}, {"product_id": "14177", "value": 1.0}, {"product_id": "14178", "value": 1.0}, {"product_id": "14201", "value": 1.0}, {"product_id": "14202", "value": 1.0}, {"product_id": "14203", "value": 1.0}, {"product_id": "14204", "value": 1.0}, {"product_id": "14205", "value": 1.0}, {"product_id": "14206", "value": 1.0}, {"product_id": "14207", "value": 1.0}, {"product_id": "14208", "value": 1.0}, {"product_id": "14209", "value": 1.0}, {"product_id": "14139", "value": 1.0}, {"product_id": "14141", "value": 1.0}, {"product_id": "14142", "value": 1.0}, {"product_id": "14143", "value": 1.0}, {"product_id": "14144", "value": 1.0}, {"product_id": "14145", "value": 1.0}, {"product_id": "14146", "value": 1.0}, {"product_id": "14147", "value": 1.0}, {"product_id": "9992", "value": 1.0}, {"product_id": "9848", "value": 1.0}, {"product_id": "10131", "value": 1.0}, {"product_id": "9474", "value": 1.0}, {"product_id": "10815", "value": 1.0}, {"product_id": "9578", "value": 1.0}, {"product_id": "7685", "value": 1.0}, {"product_id": "16975", "value": 1.0}, {"product_id": "23084", "value": 1.0}, {"product_id": "22895", "value": 1.0}, {"product_id": "22902", "value": 1.0}, {"product_id": "20216", "value": 1.0}, {"product_id": "23083", "value": 1.0}, {"product_id": "9652", "value": 1.0}, {"product_id": "9527", "value": 1.0}, {"product_id": "10094", "value": 1.0}, {"product_id": "9087", "value": 1.0}, {"product_id": "9313", "value": 1.0}, {"product_id": "23198", "value": 1.0}, {"product_id": "8568", "value": 1.0}, {"product_id": "20211", "value": 1.0}, {"product_id": "20212", "value": 1.0}, {"product_id": "20213", "value": 1.0}, {"product_id": "8439", "value": 1.0}, {"product_id": "8387", "value": 1.0}, {"product_id": "22989", "value": 1.0}, {"product_id": "8852", "value": 1.0}, {"product_id": "10035", "value": 1.0}, {"product_id": "9029", "value": 1.0}, {"product_id": "11024", "value": 1.0}, {"product_id": "9476", "value": 1.0}, {"product_id": "8898", "value": 1.0}, {"product_id": "10112", "value": 1.0}, {"product_id": "22696", "value": 1.0}, {"product_id": "7905", "value": 1.0}, {"product_id": "7920", "value": 1.0}, {"product_id": "7841", "value": 1.0}, {"product_id": "7731", "value": 1.0}, {"product_id": "10646", "value": 1.0}, {"product_id": "10755", "value": 1.0}, {"product_id": "10221", "value": 1.0}, {"product_id": "8657", "value": 1.0}, {"product_id": "8696", "value": 1.0}, {"product_id": "9831", "value": 1.0}]}